,Row ID,Order Date,City,State,Category,Sub-Category,Sales,Quantity,Profit,Year_Month,Profit_Margim,Profit_por_Unidade,Sales_por_Unidade,Label_Profit,Label_Sales,Sales_por_Unidade_nor,Label_State,Label_Sub-Category,Profit_cat
0,8,2014-06-09,Los Angeles,California,Technology,Phones,907.152,6,90.71520000000004,2014-06,0.10000000000000003,15.119200000000006,151.192,1.5509283819628654,3.483037501668223,1.410620831195485,3,3,Altas
1,12,2014-06-09,Los Angeles,California,Technology,Phones,911.424,4,68.35680000000002,2014-06,0.07500000000000002,17.089200000000005,227.856,1.06079531753513,3.5020419057787255,2.3939969214982044,3,3,Altas
2,20,2014-08-27,San Francisco,California,Technology,Phones,213.48,3,16.01099999999998,2014-08,0.07499999999999991,5.3369999999999935,71.16,-0.0867110945480852,0.39717069264646987,0.3840430990251411,3,3,Medias
3,27,2016-01-16,Los Angeles,California,Technology,Accessories,90.57,3,11.774100000000004,2016-01,0.13000000000000006,3.9247000000000014,30.189999999999998,-0.17959094197338663,-0.14960629921259844,-0.14148281169830684,3,0,Medias
4,41,2015-12-27,Houston,Texas,Technology,Phones,371.168,4,41.75639999999996,2015-12,0.11249999999999988,10.43909999999999,92.792,0.4776706052568113,1.0986609724631877,0.6615187275525911,39,3,Altas
5,42,2017-09-10,Naperville,Illinois,Technology,Phones,147.168,4,16.556399999999996,2017-09,0.11249999999999998,4.139099999999999,36.792,-0.07475502553872433,0.10217536367276124,-0.05679835813237555,10,3,Medias
6,45,2016-03-11,Eagan,Minnesota,Technology,Accessories,45.98,2,19.7714,2016-03,0.43000000000000005,9.8857,22.99,-0.004276914308261958,-0.34796921571244266,-0.23383786557208827,20,0,Medias
7,48,2016-06-20,Dover,Delaware,Technology,Accessories,45.0,3,4.950000000000001,2016-06,0.11000000000000003,1.6500000000000004,15.0,-0.32918648749369706,-0.3523288402509008,-0.33632632119035405,6,0,Baixas
8,49,2016-06-20,Dover,Delaware,Technology,Phones,21.8,2,6.104000000000001,2016-06,0.28,3.0520000000000005,10.9,-0.303888901067584,-0.45553627830419496,-0.38891739353514626,6,3,Baixas
9,60,2016-06-17,Troy,New York,Technology,Accessories,30.0,2,3.3000000000000007,2016-06,0.11000000000000003,1.6500000000000004,15.0,-0.3653572133195953,-0.4190577872681168,-0.33632632119035405,29,0,Baixas
10,63,2015-11-24,Los Angeles,California,Technology,Accessories,13.98,2,6.151200000000001,2015-11,0.44000000000000006,3.0756000000000006,6.99,-0.30285419909244315,-0.49032430268250354,-0.43907131862493587,3,0,Baixas
11,69,2014-12-05,Gilbert,Arizona,Technology,Phones,167.96800000000002,4,62.988,2014-12,0.37499999999999994,15.747,41.992000000000004,0.9431023521932613,0.1947061702033009,0.009902514109799969,1,3,Altas
12,87,2017-10-26,Rochester,Minnesota,Technology,Accessories,19.99,1,6.796599999999998,2017-10,0.3399999999999999,6.796599999999998,19.99,-0.28870596488151307,-0.46358823791093906,-0.2723191380194972,20,0,Baixas
13,91,2016-09-17,Los Angeles,California,Technology,Phones,73.584,2,8.278199999999998,2016-09,0.11249999999999998,4.139099999999999,36.792,-0.25622684525505807,-0.22517015881489386,-0.05679835813237555,3,3,Baixas
14,101,2016-08-29,Chicago,Illinois,Technology,Accessories,95.976,3,-10.79730000000001,2016-08,-0.11250000000000011,-3.5991000000000035,31.992,-0.6743933182804652,-0.12555718670759375,-0.11836839404822984,10,0,Baixas
15,104,2015-11-13,Aurora,Colorado,Technology,Accessories,238.896,6,-26.87580000000001,2015-11,-0.11250000000000004,-4.479300000000001,39.815999999999995,-1.0268606002148317,0.5102362204724408,-0.018009235505387425,4,0,Baixas
16,107,2017-11-23,Charlotte,North Carolina,Technology,Accessories,74.11200000000001,8,17.6016,2017-11,0.2375,2.2002,9.264000000000001,-0.05184251485191888,-0.22282129987988783,-0.4099025141097999,30,0,Medias
17,108,2017-11-23,Charlotte,North Carolina,Technology,Phones,27.992000000000004,1,2.0994,2017-11,0.075,2.0994,27.992000000000004,-0.3916763487296398,-0.42799056897548815,-0.16967675731144172,30,3,Baixas
18,110,2015-10-15,Orland Park,Illinois,Technology,Accessories,339.96000000000004,5,67.99199999999996,2015-10,0.19999999999999987,13.598399999999993,67.992,1.0527982988798028,0.9598291738956359,0.3434068753206774,10,0,Altas
19,124,2016-06-12,Wilmington,Delaware,Technology,Phones,68.04,7,19.7316,2016-06,0.29,2.8188,9.72,-0.005149396058486647,-0.24983317763245688,-0.4040533606977938,6,3,Medias
20,131,2017-02-02,Columbus,Ohio,Technology,Phones,59.96999999999999,5,-11.993999999999993,2017-02,-0.1999999999999999,-2.3987999999999987,11.993999999999998,-0.7006269592476482,-0.28573335112771925,-0.3748845561826578,31,3,Baixas
21,149,2016-12-05,Franklin,Wisconsin,Technology,Phones,149.97,3,5.9987999999999815,2016-12,0.039999999999999876,1.9995999999999938,49.99,-0.3061950588596356,0.11464033097557716,0.11249358645459215,44,3,Baixas
22,153,2016-03-13,Scottsdale,Arizona,Technology,Phones,203.184,2,15.23879999999999,2016-03,0.07499999999999996,7.619399999999995,101.592,-0.10363899423460537,0.35136794341385286,0.7743971267316573,1,3,Medias
23,162,2015-12-28,Philadelphia,Pennsylvania,Technology,Accessories,54.38400000000001,2,1.359599999999995,2015-12,0.024999999999999904,0.6797999999999975,27.192000000000004,-0.4078939868908517,-0.3105832109969304,-0.1799384299640841,34,0,Baixas
24,171,2014-09-08,San Antonio,Texas,Technology,Phones,143.976,3,8.998500000000007,2014-09,0.06250000000000006,2.9995000000000025,47.992,-0.2404366793081521,0.08797544374749763,0.08686505900461775,39,3,Medias
25,182,2014-12-05,Decatur,Illinois,Technology,Accessories,408.744,7,76.63949999999998,2014-12,0.18749999999999994,10.948499999999997,58.392,1.2423657846855334,1.2658214333377817,0.22026680348896877,10,0,Altas
26,183,2014-11-19,Monroe,Louisiana,Technology,Phones,503.96,4,131.02960000000002,2014-11,0.26000000000000006,32.757400000000004,125.99,2.4346866299844354,1.689398994617198,1.0873524884556183,15,3,Altas
27,184,2014-11-19,Monroe,Louisiana,Technology,Phones,149.95,5,41.986,2014-11,0.28,8.3972,29.99,0.482703816559616,0.11455135904622082,-0.14404822986146743,15,3,Altas
28,185,2014-11-19,Monroe,Louisiana,Technology,Accessories,29.0,2,7.25,2014-11,0.25,3.625,14.5,-0.2787666878575965,-0.42350638373593125,-0.3427398665982555,15,0,Baixas
29,187,2014-08-26,Los Angeles,California,Technology,Accessories,176.8,8,22.98400000000001,2014-08,0.13000000000000003,2.873000000000001,22.1,0.06614858495736287,0.23399617420703767,-0.24525397639815288,3,0,Medias
30,191,2015-10-12,New York City,New York,Technology,Phones,71.76,6,20.092800000000004,2015-10,0.28,3.3488000000000007,11.96,0.0027687046495827924,-0.23328439877218732,-0.3753206772703951,29,3,Medias
31,206,2017-12-09,Whittier,California,Technology,Phones,444.768,4,44.476800000000026,2017-12,0.10000000000000006,11.119200000000006,111.192,0.537306267400312,1.4260776724943276,0.8975371985633658,3,3,Altas
32,208,2017-12-01,Saginaw,Michigan,Technology,Phones,131.98,2,35.634600000000006,2017-12,0.2700000000000001,17.817300000000003,65.99,0.3434706359471253,0.034610080519596,0.3177270395074397,19,3,Medias
33,212,2015-02-09,Dallas,Texas,Technology,Accessories,20.8,2,6.499999999999999,2015-02,0.31249999999999994,3.2499999999999996,10.4,-0.2952079268693684,-0.45998487477200933,-0.39533093894304777,39,0,Baixas
34,215,2015-01-02,Medina,Ohio,Technology,Phones,62.982,3,-14.695800000000006,2015-01,-0.23333333333333342,-4.898600000000002,20.994,-0.7598548786636555,-0.2723341785666622,-0.259440738840431,31,3,Baixas
35,217,2015-01-02,Medina,Ohio,Technology,Accessories,89.584,2,4.479200000000006,2015-01,0.050000000000000065,2.239600000000003,44.792,-0.3395072012626866,-0.15399261532986339,0.04581836839404827,31,0,Baixas
36,219,2016-10-28,Los Angeles,California,Technology,Phones,302.376,3,22.67820000000001,2016-10,0.07500000000000004,7.559400000000004,100.79199999999999,0.05944494377096311,0.7926331242492991,0.7641354540790148,3,3,Medias
37,236,2017-04-07,Tampa,Florida,Technology,Accessories,617.9760000000001,3,-7.724700000000098,2017-04,-0.012500000000000157,-2.574900000000033,205.99200000000005,-0.60703685029704,2.1966101694915254,2.113545407901489,7,0,Baixas
38,241,2016-06-04,Chicago,Illinois,Technology,Phones,31.984,2,11.194399999999998,2016-06,0.3499999999999999,5.597199999999999,15.992,-0.19229892364688567,-0.4102317718759731,-0.3236018471010775,10,3,Medias
39,258,2015-11-28,Chicago,Illinois,Technology,Phones,647.904,6,56.691599999999966,2015-11,0.08749999999999995,9.448599999999994,107.984,0.805074862441633,2.329747764580274,0.8563878912262699,10,3,Altas
40,259,2017-12-01,New York City,New York,Technology,Accessories,20.37,3,6.925800000000001,2017-12,0.34,2.3086,6.79,-0.2858736874410851,-0.4618977712531695,-0.4416367367880965,29,0,Baixas
41,265,2016-06-06,Chicago,Illinois,Technology,Phones,328.224,4,28.7196,2016-06,0.08750000000000001,7.1799,82.056,0.19188241225858804,0.9076204457493658,0.5238070805541304,10,3,Medias
42,266,2015-11-10,Brentwood,California,Technology,Accessories,79.9,2,35.156000000000006,2015-11,0.44000000000000006,17.578000000000003,39.95,0.33297893329241324,-0.19707282352417807,-0.01629040533606973,3,0,Medias
43,272,2015-07-30,San Francisco,California,Technology,Accessories,209.93,7,92.36920000000002,2015-07,0.44000000000000006,13.195600000000002,29.990000000000002,1.5871867943968259,0.38137817518572886,-0.1440482298614674,3,0,Altas
44,285,2015-09-26,Portland,Oregon,Technology,Accessories,239.80000000000004,5,47.95999999999999,2015-09,0.1999999999999999,9.591999999999997,47.96000000000001,0.613663765701383,0.5142577516793452,0.08645459209851218,33,0,Altas
45,292,2016-11-20,Columbus,Ohio,Technology,Accessories,255.98400000000004,2,54.39660000000001,2016-11,0.2125,27.198300000000003,127.99200000000002,0.7547646710656117,0.5862538369144535,1.1130323242688562,31,0,Altas
46,315,2014-08-09,Saint Petersburg,Florida,Technology,Phones,178.384,2,22.297999999999973,2014-08,0.12499999999999986,11.148999999999987,89.192,0.05111033167459471,0.24104275101205558,0.6153412006157003,7,3,Medias
47,320,2014-11-04,New York City,New York,Technology,Phones,275.94,6,80.0226,2014-11,0.29,13.3371,45.99,1.3165289256198345,0.6750300280261576,0.06118522319138024,29,3,Altas
48,321,2014-11-04,New York City,New York,Technology,Accessories,360.0,4,129.6,2014-11,0.36,32.4,90.0,2.4033474362627962,1.0489790471106364,0.6257054899948692,29,0,Altas
49,325,2016-04-23,Hesperia,California,Technology,Accessories,99.99,1,34.9965,2016-04,0.35,34.9965,99.99,0.3294824297959095,-0.10770052048578675,0.7538481272447409,3,0,Medias
50,327,2016-08-30,Philadelphia,Pennsylvania,Technology,Phones,290.898,3,-67.8762,2016-08,-0.2333333333333333,-22.6254,96.96600000000001,-1.9256571015191692,0.7415721339917256,0.7150590046177528,34,3,Baixas
51,332,2016-04-25,Philadelphia,Pennsylvania,Technology,Phones,82.8,2,-20.700000000000003,2016-04,-0.25000000000000006,-10.350000000000001,41.4,-0.8914768616962967,-0.18417189376751633,0.0023088763468445323,34,3,Baixas
52,346,2017-06-15,San Francisco,California,Technology,Phones,47.976,3,4.797600000000003,2017-06,0.10000000000000006,1.5992000000000008,15.991999999999999,-0.33252734726088906,-0.3390898171626851,-0.32360184710107753,3,3,Baixas
53,350,2016-09-01,New York City,New York,Technology,Accessories,6.79,1,2.3086,2016-09,0.34,2.3086,6.79,-0.38709033912795615,-0.5223097112860892,-0.4416367367880965,29,0,Baixas
54,384,2015-06-26,Taylor,Michigan,Technology,Accessories,41.9,2,8.799,2015-06,0.21,4.3995,20.95,-0.2448100488852836,-0.3661194893011255,-0.2600051308363263,19,0,Baixas
55,386,2015-11-27,Pembroke Pines,Florida,Technology,Accessories,83.97600000000001,3,-1.049700000000005,2015-11,-0.012500000000000058,-0.34990000000000165,27.992000000000004,-0.4607098230922678,-0.17894034432136652,-0.16967675731144172,7,0,Baixas
56,391,2017-12-11,New York City,New York,Technology,Accessories,39.98,2,13.593199999999996,2017-12,0.3399999999999999,6.796599999999998,19.99,-0.13971326479163443,-0.37466079451932904,-0.2723191380194972,29,0,Medias
57,392,2014-09-21,Des Moines,Washington,Technology,Phones,246.384,2,27.718199999999968,2014-09,0.11249999999999988,13.859099999999984,123.192,0.16993006993006946,0.543547310823435,1.0514622883530016,43,3,Medias
58,402,2016-09-08,Houston,Texas,Technology,Accessories,57.584,2,0.7197999999999993,2016-09,0.012499999999999987,0.35989999999999966,28.792,-0.42191945985049384,-0.2963477022999243,-0.15941508465879936,39,0,Baixas
59,406,2017-12-08,San Francisco,California,Technology,Accessories,179.95000000000002,5,37.7895,2017-12,0.20999999999999996,7.557899999999999,35.99,0.39070960387574816,0.24800925308065305,-0.06708568496664953,3,0,Altas
60,422,2014-06-22,Louisville,Colorado,Technology,Accessories,196.752,6,56.56620000000001,2014-06,0.28750000000000003,9.427700000000002,32.792,0.8023258872788656,0.32275457093287063,-0.10810672139558745,4,0,Altas
61,428,2014-09-12,New Rochelle,New York,Technology,Machines,69.99,1,30.0957,2014-09,0.43000000000000005,30.0957,69.99,0.2220487975973872,-0.24115841452021886,0.3690354027706516,29,2,Medias
62,431,2016-04-15,Gastonia,North Carolina,Technology,Accessories,408.744,7,76.63949999999998,2016-04,0.18749999999999994,10.948499999999997,58.392,1.2423657846855334,1.2658214333377817,0.22026680348896877,30,0,Altas
63,432,2016-04-15,Gastonia,North Carolina,Technology,Accessories,291.96,5,54.74249999999998,2016-04,0.18749999999999994,10.948499999999996,58.391999999999996,0.7623473704978403,0.7462965434405443,0.22026680348896868,30,0,Altas
64,436,2014-12-19,Jacksonville,Florida,Technology,Accessories,247.8,5,-18.585,2014-12,-0.075,-3.717,49.56,-0.8451125676831001,0.5498465234218604,0.10697793740379687,7,0,Baixas
65,437,2016-06-12,Chicago,Illinois,Technology,Machines,1007.979,3,43.19910000000005,2016-06,0.042857142857142906,14.399700000000017,335.993,0.5092969726198578,3.9315761377285456,3.781080041046691,10,2,Altas
66,453,2016-04-01,Auburn,New York,Technology,Phones,35.12,4,9.1312,2016-04,0.26,2.2828,8.78,-0.2375276760856694,-0.39628097335290713,-0.41611082606464855,29,3,Medias
67,456,2016-12-13,Norman,Oklahoma,Technology,Accessories,63.88,4,24.913200000000003,2016-12,0.39,6.228300000000001,15.97,0.10843983602604326,-0.2683393389385648,-0.3238840430990252,32,0,Medias
68,474,2014-11-09,San Francisco,California,Technology,Phones,703.9680000000001,4,87.99599999999992,2014-11,0.12499999999999988,21.99899999999998,175.99200000000002,1.4913190258017825,2.579153876951821,1.728732683427399,3,3,Altas
69,478,2016-07-12,Los Angeles,California,Technology,Phones,95.76,6,7.181999999999995,2016-07,0.07499999999999994,1.1969999999999992,15.96,-0.28025736019466396,-0.12651808354464164,-0.32401231400718317,3,3,Baixas
70,482,2014-10-06,San Diego,California,Technology,Accessories,9.09,3,1.9089,2014-10,0.21000000000000002,0.6363,3.03,-0.39585242343862986,-0.512077939410116,-0.48986659825551565,3,0,Baixas
71,484,2014-07-22,New York City,New York,Technology,Accessories,159.98,2,57.5928,2014-07,0.36,28.7964,79.99,0.8248306552381788,0.15917078161839932,0.4973063109286814,29,0,Altas
72,487,2017-06-10,Los Angeles,California,Technology,Phones,279.96,5,17.497500000000016,2017-06,0.06250000000000007,3.4995000000000034,55.992,-0.05412455882675249,0.6929133858267714,0.18948178553104156,3,3,Medias
73,489,2014-06-09,Huntsville,Texas,Technology,Phones,7.992000000000001,1,0.5994000000000002,2014-06,0.07500000000000001,0.5994000000000002,7.992000000000001,-0.4245588267531836,-0.5169624983317762,-0.42621857362750126,39,3,Baixas
74,490,2014-06-09,Huntsville,Texas,Technology,Accessories,63.98400000000001,2,10.397399999999998,2014-06,0.16249999999999995,5.198699999999999,31.992000000000004,-0.20977048030339532,-0.2678766849059121,-0.1183683940482298,39,0,Medias
75,494,2016-05-09,Seattle,Washington,Technology,Accessories,93.98,2,13.157200000000003,2016-05,0.14000000000000004,6.578600000000002,46.99,-0.14927110507047767,-0.13443658525735128,0.07401231400718322,43,0,Medias
76,512,2017-11-26,Gladstone,Missouri,Technology,Accessories,38.04,2,12.1728,2017-11,0.32,6.0864,19.02,-0.17085077931472875,-0.38329107166688897,-0.28476141611082606,22,0,Medias
77,520,2015-03-22,Houston,Texas,Technology,Accessories,18.392,1,5.2877,2015-03,0.28750000000000003,5.2877,18.392,-0.32178354560799655,-0.4706970950665064,-0.2928168291431503,39,0,Baixas
78,524,2016-05-21,Los Angeles,California,Technology,Phones,55.176,3,-12.414599999999997,2016-05,-0.22499999999999992,-4.1381999999999985,18.392,-0.7098472060854499,-0.3070599225944214,-0.2928168291431503,3,3,Baixas
79,525,2016-05-21,Los Angeles,California,Technology,Accessories,66.26,2,27.166600000000003,2016-05,0.41000000000000003,13.583300000000001,33.13,0.15783808667821236,-0.2577516793451665,-0.10377116469984604,3,0,Medias
80,542,2016-07-14,Tucson,Arizona,Technology,Phones,380.864,8,38.086400000000026,2016-07,0.10000000000000007,4.760800000000003,47.608,0.39721814235920894,1.1417945638151161,0.0819394561313494,1,3,Altas
81,544,2014-05-11,Fort Worth,Texas,Technology,Accessories,58.112,2,7.263999999999994,2014-05,0.12499999999999989,3.631999999999997,29.056,-0.27845978472937694,-0.29399884336491827,-0.15602873268342737,39,0,Baixas
82,545,2014-05-11,Fort Worth,Texas,Technology,Phones,100.792,1,6.299500000000002,2014-05,0.06250000000000001,6.299500000000002,100.792,-0.2996032180985154,-0.10413274611859956,0.764135454079015,39,3,Baixas
83,566,2017-12-07,Los Angeles,California,Technology,Phones,374.376,3,46.79699999999998,2017-12,0.12499999999999996,15.598999999999995,124.79199999999999,0.5881688844071287,1.1129320699319363,1.0719856336582863,3,3,Altas
84,574,2017-12-28,New York City,New York,Technology,Phones,14.85,3,4.0095,2017-12,0.27,1.3365,4.95,-0.3498038012144591,-0.48645402375550506,-0.46523858388917394,29,3,Baixas
85,582,2017-12-01,Denver,Colorado,Technology,Phones,470.3760000000001,3,52.91729999999996,2017-12,0.11249999999999989,17.63909999999999,156.79200000000003,0.7223359712387917,1.5399973308421195,1.482452539763982,4,3,Altas
86,583,2017-12-01,Denver,Colorado,Technology,Phones,105.584,2,9.238600000000003,2017-12,0.08750000000000004,4.619300000000002,52.792,-0.2351732906591836,-0.08281507184483293,0.14843509492047208,4,3,Medias
87,586,2017-12-01,Denver,Colorado,Technology,Phones,406.368,4,30.47759999999998,2017-12,0.07499999999999996,7.619399999999995,101.592,0.230420676502181,1.2552515681302547,0.7743971267316573,4,3,Medias
88,589,2016-03-20,Salem,Oregon,Technology,Phones,84.784,2,-20.13620000000001,2016-03,-0.2375000000000001,-10.068100000000005,42.392,-0.8791174342898477,-0.17534587837537252,0.015033350436121142,33,3,Baixas
89,594,2014-01-09,Laredo,Texas,Technology,Accessories,31.200000000000003,3,9.749999999999996,2014-01,0.31249999999999983,3.2499999999999987,10.4,-0.22396255781835686,-0.41371947150673954,-0.39533093894304777,39,0,Medias
90,597,2014-08-08,San Diego,California,Technology,Phones,445.96,5,55.74499999999995,2014-08,0.12499999999999989,11.14899999999999,89.192,0.7843238266435748,1.4313803994839625,0.6153412006157003,3,3,Altas
91,600,2016-07-16,Philadelphia,Pennsylvania,Technology,Phones,143.98199999999997,3,-28.79640000000001,2016-07,-0.2000000000000001,-9.598800000000002,47.99399999999999,-1.0689633250761772,0.0880021353263044,0.08689071318624929,34,3,Baixas
92,610,2014-05-23,Philadelphia,Pennsylvania,Technology,Phones,55.188,2,-10.117800000000004,2014-05,-0.1833333333333334,-5.058900000000002,27.594,-0.6594975557357998,-0.3070065394368076,-0.17478193945613132,34,3,Baixas
93,611,2016-04-28,Dallas,Texas,Technology,Phones,369.576,3,41.57729999999995,2016-04,0.11249999999999986,13.859099999999984,123.19200000000001,0.4737444373808001,1.0915788068864272,1.0514622883530018,39,3,Altas
94,620,2017-08-18,New York City,New York,Technology,Phones,37.91,1,10.993899999999996,2017-08,0.2899999999999999,10.993899999999996,37.91,-0.19669421487603275,-0.3838693892077049,-0.04245767060030788,29,3,Medias
95,632,2016-12-11,Aurora,Colorado,Technology,Accessories,119.8,5,29.950000000000003,2016-12,0.25000000000000006,5.99,23.96,0.21885481289870035,-0.0195738244583834,-0.22139558748075935,4,0,Medias
96,633,2016-12-11,Aurora,Colorado,Technology,Phones,300.768,4,30.07680000000001,2016-12,0.10000000000000003,7.519200000000002,75.192,0.2216344783742907,0.7854797811290536,0.43576192919445866,4,3,Medias
97,634,2017-09-24,Miami,Florida,Technology,Accessories,17.880000000000003,3,2.458499999999999,2017-09,0.13749999999999993,0.8194999999999997,5.960000000000001,-0.3838042834908035,-0.4729747764580274,-0.45228322216521294,7,0,Baixas
98,644,2017-06-10,Rochester Hills,Michigan,Technology,Accessories,132.52,4,54.333200000000005,2017-06,0.41000000000000003,13.583300000000001,33.13,0.7533748383278166,0.03701232261221587,-0.10377116469984604,19,0,Altas
99,650,2016-12-11,Vancouver,Washington,Technology,Phones,302.376,3,22.67820000000001,2016-12,0.07500000000000004,7.559400000000004,100.79199999999999,0.05944494377096311,0.7926331242492991,0.7641354540790148,43,3,Medias
100,651,2016-12-11,Vancouver,Washington,Technology,Accessories,316.0,4,31.59999999999997,2016-12,0.09999999999999991,7.899999999999992,79.0,0.2550255387245978,0.8532408025268027,0.4846074910210365,43,0,Medias
101,654,2017-06-19,New York City,New York,Technology,Accessories,103.12,8,10.311999999999998,2017-06,0.09999999999999998,1.2889999999999997,12.89,-0.21164258938553573,-0.09377641354152762,-0.3633914828116983,29,0,Medias
102,668,2017-06-08,Dallas,Texas,Technology,Phones,381.576,3,28.6182,2017-06,0.075,9.5394,127.19200000000001,0.18965955674419652,1.1449619645002,1.1027706516162137,39,3,Medias
103,676,2017-12-05,Columbus,Indiana,Technology,Accessories,99.39,3,40.7499,2017-12,0.41,13.5833,33.13,0.4556064625030143,-0.11036967836647536,-0.10377116469984604,11,0,Altas
104,678,2017-03-18,Tyler,Texas,Technology,Accessories,27.816000000000003,3,4.520099999999996,2017-03,0.16249999999999984,1.5066999999999986,9.272,-0.3386106056952448,-0.42877352195382346,-0.4097998973832735,39,0,Baixas
105,686,2014-07-05,Jackson,Mississippi,Technology,Accessories,479.97,3,163.1898,2014-07,0.33999999999999997,54.3966,159.99,3.1396913431396176,1.5826771653543306,1.5234735761929197,21,0,Altas
106,691,2014-06-21,Waynesboro,Virginia,Technology,Phones,284.82,1,74.0532,2014-06,0.26,74.0532,284.82,1.1856698160773396,0.7145335646603496,3.1246793227296052,42,3,Altas
107,693,2015-03-28,Los Angeles,California,Technology,Accessories,166.24,1,24.936000000000007,2015-03,0.15000000000000002,24.936000000000007,166.24,0.1089396496920012,0.18701899550691756,1.6036428937916882,3,0,Medias
108,707,2014-09-12,Cary,North Carolina,Technology,Accessories,15.216,1,2.282399999999999,2014-09,0.14999999999999994,2.282399999999999,15.216,-0.38766468641076746,-0.484825837448285,-0.33355566957414057,30,0,Baixas
109,708,2014-12-02,New York City,New York,Technology,Accessories,119.96,4,52.78240000000001,2014-12,0.4400000000000001,13.195600000000002,29.99,0.7193787403818754,-0.018862049023533112,-0.14404822986146743,29,0,Altas
110,714,2017-05-19,Mount Vernon,New York,Technology,Phones,307.98,2,89.31419999999997,2017-05,0.28999999999999987,44.657099999999986,153.99,1.5202161474888738,0.8175630588549312,1.4465110312981018,29,3,Altas
111,715,2017-05-19,Mount Vernon,New York,Technology,Accessories,299.97,3,113.9886,2017-05,0.38,37.9962,99.99000000000001,2.0611197579849616,0.7819298011477379,0.753848127244741,29,0,Altas
112,727,2017-09-16,Austin,Texas,Technology,Phones,55.992,1,5.5992000000000015,2017-09,0.10000000000000003,5.5992000000000015,55.992,-0.3149549510051073,-0.30342986787668486,0.18948178553104156,39,3,Baixas
113,734,2017-01-21,Seattle,Washington,Technology,Accessories,179.97,3,86.38560000000001,2017-01,0.48000000000000004,28.795200000000005,59.99,1.4560163973957079,0.24809822501000928,0.24076449461262192,43,0,Altas
114,739,2014-09-08,San Francisco,California,Technology,Accessories,49.98,2,8.496599999999994,2014-09,0.16999999999999987,4.248299999999997,24.99,-0.25143915645483017,-0.330174829841185,-0.2081836839404823,3,0,Baixas
115,749,2016-03-20,Evanston,Illinois,Technology,Phones,11.992,1,0.8993999999999991,2016-03,0.07499999999999991,0.8993999999999991,11.992,-0.4179823311484749,-0.49916811246051856,-0.3749102103642894,10,3,Baixas
116,758,2014-12-29,Cottage Grove,Minnesota,Technology,Accessories,119.8,4,47.92,2014-12,0.4,11.98,29.95,0.6127868996207555,-0.0195738244583834,-0.14456131349409954,20,0,Altas
117,763,2015-02-08,Columbus,Ohio,Technology,Phones,107.982,3,-26.9955,2015-02,-0.25,-8.9985,35.994,-1.0294846219611102,-0.07214733751501401,-0.06703437660338635,31,3,Baixas
118,772,2017-01-30,Des Moines,Iowa,Technology,Phones,207.0,3,51.75,2017-01,0.25,17.25,69.0,0.6967468268408707,0.3683437875350326,0.35633658286300673,12,3,Altas
119,783,2015-10-03,Columbus,Ohio,Technology,Accessories,24.0,2,-2.7,2015-10,-0.1125,-1.35,12.0,-0.49688712541377067,-0.44574936607500326,-0.37480759363776295,31,0,Baixas
120,785,2015-10-03,Columbus,Ohio,Technology,Accessories,47.984,2,0.5997999999999966,2015-10,0.012499999999999928,0.2998999999999983,23.992,-0.4245500580923774,-0.3390542283909426,-0.22098512057465367,31,0,Baixas
121,802,2017-02-20,San Diego,California,Technology,Phones,215.968,2,18.89719999999999,2017-02,0.08749999999999997,9.448599999999995,107.984,-0.023440822500383506,0.40823880065839213,0.8563878912262699,3,3,Medias
122,809,2015-02-03,Omaha,Nebraska,Technology,Accessories,149.97,3,50.9898,2015-02,0.34,16.9966,49.99,0.6800819869785388,0.11464033097557716,0.11249358645459215,24,0,Altas
123,813,2014-10-13,Edmonds,Washington,Technology,Accessories,25.78,2,2.5779999999999994,2014-10,0.09999999999999998,1.2889999999999997,12.89,-0.38118464607492775,-0.4378308643622936,-0.3633914828116983,43,0,Baixas
124,823,2017-06-20,Belleville,New Jersey,Technology,Accessories,239.97,3,71.99099999999999,2017-06,0.29999999999999993,23.996999999999996,79.99,1.140462985290571,0.5150140130788735,0.4973063109286814,27,0,Altas
125,825,2014-05-09,San Francisco,California,Technology,Accessories,67.8,4,4.067999999999998,2014-05,0.05999999999999997,1.0169999999999995,16.95,-0.3485213845715409,-0.2509008407847324,-0.31131349409953823,3,0,Baixas
126,826,2014-05-09,San Francisco,California,Technology,Accessories,167.97,3,40.31280000000001,2014-05,0.24000000000000007,13.437600000000003,55.99,0.4460245084069539,0.19471506739623642,0.18945613134941,3,0,Altas
127,832,2017-06-16,Florence,Kentucky,Technology,Phones,191.98,2,51.8346,2017-06,0.27,25.9173,95.99,0.6986013986013987,0.3015258685884602,0.702539763981529,14,3,Altas
128,833,2017-06-16,Florence,Kentucky,Technology,Phones,65.99,1,17.157400000000003,2017-06,0.26000000000000006,17.157400000000003,65.99,-0.061580112677290966,-0.25895280039147645,0.3177270395074397,14,3,Medias
129,839,2016-03-07,Fort Worth,Texas,Technology,Phones,21.072,3,1.5804,2016-03,0.07500000000000001,0.5268,7.024,-0.40305368612578596,-0.4587748565327638,-0.4386351975371986,39,3,Baixas
130,847,2015-10-13,Louisville,Kentucky,Technology,Phones,83.72,7,23.441600000000005,2015-10,0.2800000000000001,3.3488000000000007,11.959999999999999,0.07617993291974522,-0.18007918501712708,-0.3753206772703951,14,3,Medias
131,850,2014-02-07,Linden,New Jersey,Technology,Accessories,115.36,7,49.60480000000001,2014-02,0.4300000000000001,7.086400000000002,16.48,0.6497204989368002,-0.03932559277547934,-0.31734222678296564,27,0,Altas
132,863,2016-01-05,Jacksonville,Florida,Technology,Accessories,191.472,6,40.6878,2016-01,0.2125,6.781300000000001,31.912000000000003,0.4542451279128397,0.2992659815828106,-0.11939456131349406,7,0,Altas
133,865,2016-01-05,Jacksonville,Florida,Technology,Phones,59.184000000000005,2,5.178600000000001,2016-01,0.08750000000000001,2.5893000000000006,29.592000000000002,-0.324175197842909,-0.2892299479514212,-0.14915341200615698,7,3,Baixas
134,871,2016-09-03,Philadelphia,Pennsylvania,Technology,Phones,280.78200000000004,3,-46.797000000000025,2016-09,-0.16666666666666674,-15.599000000000009,93.59400000000001,-1.463566214349913,0.6965701321233152,0.6718060543868652,34,3,Baixas
135,877,2016-01-17,Concord,New Hampshire,Technology,Accessories,29.99,1,13.195600000000002,2016-01,0.4400000000000001,13.195600000000002,29.99,-0.14842931363307496,-0.419102273232795,-0.14404822986146743,26,0,Medias
136,878,2016-01-17,Concord,New Hampshire,Technology,Accessories,371.97,3,66.95459999999997,2016-01,0.1799999999999999,22.31819999999999,123.99000000000001,1.03005677707872,1.1022287468303749,1.0616983068240124,26,0,Altas
137,890,2017-06-20,New Rochelle,New York,Technology,Accessories,149.95,5,14.994999999999994,2017-06,0.09999999999999996,2.9989999999999988,29.99,-0.10898349299603195,0.11455135904622082,-0.14404822986146743,29,0,Medias
138,894,2017-06-26,Detroit,Michigan,Technology,Phones,543.92,8,135.98000000000002,2017-06,0.25000000000000006,16.997500000000002,67.99,2.5432075761229362,1.8671649094710614,0.3433812211390456,19,3,Altas
139,903,2017-09-15,Chicago,Illinois,Technology,Phones,323.97600000000006,3,20.2485,2017-09,0.062499999999999986,6.7495,107.99200000000002,0.006181905868426554,0.8887228079540906,0.8564905079527966,10,3,Medias
140,908,2017-12-30,New York City,New York,Technology,Phones,90.93,7,2.7278999999999964,2017-12,0.029999999999999957,0.3896999999999995,12.99,-0.377898590437775,-0.14800480448418518,-0.362108773730118,29,3,Baixas
141,915,2017-11-27,Milwaukee,Wisconsin,Technology,Accessories,143.73000000000002,9,56.05470000000001,2017-11,0.39,6.228300000000001,15.970000000000002,0.7911129622728372,0.08688108901641536,-0.32388404309902513,44,0,Altas
142,922,2015-04-11,New York City,New York,Technology,Accessories,85.14,3,34.9074,2015-04,0.41000000000000003,11.635800000000001,28.38,0.3275292106013111,-0.17376217803283062,-0.16469984607491023,29,0,Medias
143,923,2015-04-11,New York City,New York,Technology,Phones,21.99,1,10.5552,2015-04,0.48,10.5552,21.99,-0.20631124361531847,-0.4546910449753102,-0.24666495638789124,29,3,Medias
144,927,2014-09-13,Philadelphia,Pennsylvania,Technology,Accessories,252.00000000000003,5,53.55,2014-09,0.21249999999999997,10.709999999999999,50.400000000000006,0.7362058004691234,0.5685306285866809,0.11775269368907142,34,0,Altas
145,938,2017-11-05,Farmington,New Mexico,Technology,Accessories,159.99,1,54.39659999999999,2017-11,0.3399999999999999,54.39659999999999,159.99,0.7547646710656114,0.15921526758307752,1.5234735761929197,28,0,Altas
146,957,2017-05-15,Phoenix,Arizona,Technology,Phones,29.592,1,2.5893000000000006,2017-05,0.08750000000000002,2.5893000000000006,29.592,-0.38093693140715035,-0.4208728146269851,-0.149153412006157,1,3,Baixas
147,972,2014-01-16,Philadelphia,Pennsylvania,Technology,Phones,124.2,3,-31.05000000000001,2014-01,-0.2500000000000001,-10.350000000000003,41.4,-1.1183659600587494,0.0,0.0023088763468445323,34,3,Baixas
148,975,2017-10-05,New York City,New York,Technology,Phones,160.92999999999998,7,3.218600000000009,2017-10,0.020000000000000056,0.45980000000000126,22.99,-0.36714163579367276,0.16339694826282294,-0.23383786557208827,29,3,Baixas
149,983,2014-11-11,Louisville,Colorado,Technology,Phones,559.984,2,55.99840000000003,2014-11,0.10000000000000005,27.999200000000016,279.992,0.789878773264354,1.9386271631300322,3.062750128270909,4,3,Altas
150,987,2017-09-29,Pasadena,Texas,Technology,Machines,336.51,3,44.86799999999997,2017-09,0.13333333333333325,14.955999999999989,112.17,0.5458820176688509,0.9444815160816761,0.9100820933812213,39,2,Altas
151,996,2014-05-21,Virginia Beach,Virginia,Technology,Phones,617.97,3,173.0316,2014-05,0.27999999999999997,57.6772,205.99,3.3554398579476934,2.1965834779127182,2.1135197537198565,42,3,Altas
152,1010,2017-08-01,Chicago,Illinois,Technology,Phones,95.984,2,5.999000000000002,2017-08,0.06250000000000003,2.999500000000001,47.992,-0.30619067452923204,-0.12552159793585124,0.08686505900461775,10,3,Baixas
153,1015,2015-12-21,Seattle,Washington,Technology,Accessories,99.6,1,36.852,2015-12,0.37,36.852,99.6,0.3701580551110333,-0.10943547310823437,0.7488455618265777,43,0,Medias
154,1019,2015-07-06,New York City,New York,Technology,Phones,124.95,5,2.4990000000000023,2015-07,0.020000000000000018,0.49980000000000047,24.990000000000002,-0.3829164565841677,0.003336447350860803,-0.20818368394048228,29,3,Baixas
155,1028,2016-01-11,Springfield,Ohio,Technology,Phones,15.588,2,-9.8724,2016-01,-0.6333333333333334,-4.9362,7.794,-0.6541179823311479,-0.48317095956225803,-0.4287583376090303,31,3,Baixas
156,1030,2014-07-11,Hackensack,New Jersey,Technology,Phones,197.97,3,57.41129999999999,2014-07,0.2899999999999999,19.137099999999997,65.99,0.8208518753973296,0.32817296143066854,0.3177270395074397,27,3,Altas
157,1042,2016-09-06,New York City,New York,Technology,Accessories,31.86,2,11.151,2016-09,0.35,5.5755,15.93,-0.19325032334436684,-0.41078339783798207,-0.32439712673165727,29,0,Medias
158,1050,2014-05-27,San Francisco,California,Technology,Accessories,99.99,1,37.9962,2014-05,0.38000000000000006,37.9962,99.99,0.3952408093473926,-0.10770052048578675,0.7538481272447409,3,0,Altas
159,1065,2015-04-16,Toledo,Ohio,Technology,Phones,118.78199999999998,3,-27.715799999999994,2015-04,-0.2333333333333333,-9.238599999999998,39.593999999999994,-1.045274787908016,-0.02410249566261853,-0.020856849666495703,31,3,Baixas
160,1076,2016-11-12,Mesa,Arizona,Technology,Accessories,31.984,2,1.998999999999998,2016-11,0.06249999999999993,0.999499999999999,15.992,-0.3938772825920157,-0.4102317718759731,-0.3236018471010775,1,0,Baixas
161,1088,2016-08-15,Oakland,California,Technology,Phones,71.976,3,7.197600000000005,2016-08,0.10000000000000007,2.3992000000000018,23.992,-0.2799153824232189,-0.23232350193513943,-0.22098512057465367,3,3,Baixas
162,1091,2017-06-04,Monroe,North Carolina,Technology,Phones,71.98400000000001,2,25.194399999999995,2017-06,0.34999999999999987,12.597199999999997,35.992000000000004,0.11460420457285676,-0.23228791316339686,-0.06706003078501789,30,3,Medias
163,1093,2015-12-06,San Diego,California,Technology,Phones,219.18400000000003,2,19.178600000000003,2015-12,0.08750000000000001,9.589300000000001,109.59200000000001,-0.017272069623166415,0.42254548689888344,0.8770138532580813,3,3,Medias
164,1101,2016-06-14,San Francisco,California,Technology,Accessories,29.29,1,9.665699999999998,2016-06,0.3299999999999999,9.665699999999998,29.29,-0.22581055308328,-0.422216290760265,-0.15302719343252952,3,0,Medias
165,1111,2016-11-19,Houston,Texas,Technology,Phones,71.96,5,25.186,2016-11,0.35000000000000003,5.0372,14.392,0.11442006269592503,-0.2323946794786245,-0.34412519240636225,39,3,Medias
166,1116,2017-12-18,Encinitas,California,Technology,Accessories,119.98,2,57.5904,2017-12,0.48,28.7952,59.99,0.8247780432733411,-0.018773077094176777,0.24076449461262192,3,0,Altas
167,1119,2015-09-04,Roswell,Georgia,Technology,Accessories,619.9499999999999,5,111.59099999999997,2015-09,0.17999999999999997,22.318199999999994,123.98999999999998,2.008560405112128,2.2053916989189903,1.0616983068240122,8,0,Altas
168,1150,2015-04-04,Lansing,Michigan,Technology,Phones,10.95,1,0.4379999999999988,2015-04,0.03999999999999989,0.4379999999999988,10.95,-0.428096981388517,-0.5038035499799812,-0.3882760389943561,19,3,Baixas
169,1163,2014-03-03,New York City,New York,Technology,Phones,9.99,1,4.5954,2014-03,0.45999999999999996,4.5954,9.99,-0.33695990529846287,-0.5080742025890831,-0.4005900461775269,29,3,Baixas
170,1167,2015-11-02,Seattle,Washington,Technology,Accessories,447.93,9,49.27229999999999,2015-11,0.10999999999999997,5.474699999999999,49.77,0.6424315496415808,1.440144134525557,0.10967162647511551,43,0,Altas
171,1179,2016-12-01,Rockville,Maryland,Technology,Phones,179.97,3,44.99250000000001,2016-12,0.25000000000000006,14.997500000000002,59.99,0.5486112633448059,0.24809822501000928,0.24076449461262192,17,3,Altas
172,1180,2016-04-24,Houston,Texas,Technology,Accessories,258.696,3,64.674,2016-04,0.25,21.558000000000003,86.23200000000001,0.9800622574917247,0.5983184305351662,0.5773730118009238,39,0,Altas
173,1184,2017-01-14,Jacksonville,North Carolina,Technology,Phones,7.92,5,0.6930000000000001,2017-01,0.08750000000000001,0.1386,1.584,-0.42250696012451444,-0.5172827972774589,-0.5084145715751668,30,3,Baixas
174,1190,2017-02-26,Los Angeles,California,Technology,Phones,889.5360000000001,8,66.71519999999998,2017-02,0.07499999999999997,8.339399999999998,111.19200000000001,1.0248087335861626,3.4046710262912043,0.897537198563366,3,3,Altas
175,1198,2016-04-08,Houston,Texas,Technology,Accessories,431.92800000000005,9,64.78919999999995,2016-04,0.14999999999999986,7.198799999999995,47.992000000000004,0.9825876318039317,1.3689576938475911,0.08686505900461783,39,0,Altas
176,1206,2017-08-01,Charlotte,North Carolina,Technology,Phones,271.96,5,16.997500000000016,2017-08,0.06250000000000007,3.3995000000000033,54.391999999999996,-0.06508538483460044,0.6573246140842562,0.16895844022575676,30,3,Medias
177,1217,2017-09-09,Philadelphia,Pennsylvania,Technology,Accessories,95.88,3,28.764000000000006,2017-09,0.3000000000000001,9.588000000000003,31.959999999999997,0.19285573360808508,-0.12598425196850394,-0.11877886095433558,34,0,Medias
178,1219,2017-09-09,Philadelphia,Pennsylvania,Technology,Accessories,258.696,3,64.674,2017-09,0.25,21.558000000000003,86.23200000000001,0.9800622574917247,0.5983184305351662,0.5773730118009238,34,0,Altas
179,1222,2014-07-12,Los Angeles,California,Technology,Phones,255.93600000000004,8,28.79279999999997,2014-07,0.11249999999999988,3.5990999999999964,31.992000000000004,0.19348707718613636,0.5860403042839984,-0.1183683940482298,3,3,Medias
180,1224,2016-12-04,New York City,New York,Technology,Accessories,78.15,1,34.38600000000001,2016-12,0.4400000000000001,34.38600000000001,78.15,0.31609926124032744,-0.20485786734285327,0.473704463827604,29,0,Medias
181,1234,2016-05-30,Cincinnati,Ohio,Technology,Copiers,839.9879999999999,2,69.99899999999991,2016-05,0.08333333333333323,34.999499999999955,419.99399999999997,1.0967950544753031,3.184251968503936,4.858568496664957,31,1,Altas
182,1242,2016-08-29,New York City,New York,Technology,Phones,22.0,4,5.5,2016-08,0.25,1.375,5.5,-0.3171295788850643,-0.45464655901063206,-0.4581836839404823,29,3,Baixas
183,1255,2017-03-10,Chester,Pennsylvania,Technology,Phones,35.91,3,-8.379000000000003,2017-03,-0.23333333333333345,-2.793000000000001,11.969999999999999,-0.6213801872109077,-0.3927665821433337,-0.37519240636223705,34,3,Baixas
184,1260,2016-12-24,Charlotte,North Carolina,Technology,Accessories,255.68000000000004,8,76.70400000000001,2016-12,0.3,9.588000000000001,31.960000000000004,1.2437797312405463,0.5849014635882379,-0.1187788609543355,30,0,Altas
185,1261,2017-10-23,Jacksonville,Florida,Technology,Phones,863.8799999999999,3,107.98499999999996,2017-10,0.12499999999999997,35.99499999999998,287.96,1.9295109279435285,3.2905378353129575,3.1649563878912264,7,3,Altas
186,1264,2016-10-01,La Porte,Indiana,Technology,Phones,69.9,2,18.873000000000005,2016-10,0.27,9.436500000000002,34.95,-0.023971326479163044,-0.2415587882023221,-0.08042585941508461,11,3,Medias
187,1277,2016-05-26,Fort Worth,Texas,Technology,Accessories,63.992,1,-7.199099999999996,2016-05,-0.11249999999999995,-7.199099999999996,63.992,-0.595514829997588,-0.2678410961341696,0.2920985120574654,39,0,Baixas
188,1279,2014-09-08,Macon,Georgia,Technology,Accessories,32.97,3,12.8583,2014-09,0.39,4.2861,10.99,-0.15582348685796923,-0.40584545575870806,-0.38776295536172395,8,0,Medias
189,1280,2014-09-08,Macon,Georgia,Technology,Accessories,83.88,4,30.1968,2014-09,0.36000000000000004,7.5492,20.97,0.224265076616174,-0.1793674095822768,-0.2597485890200103,8,0,Medias
190,1281,2016-09-05,Cedar Rapids,Iowa,Technology,Phones,278.4,3,80.73599999999998,2016-09,0.2899999999999999,26.911999999999992,92.8,1.3321678321678314,0.685973575336981,0.6616213442791176,12,3,Altas
191,1299,2016-12-08,Saint Paul,Minnesota,Technology,Phones,114.95,5,2.2990000000000066,2016-12,0.020000000000000056,0.4598000000000013,22.990000000000002,-0.38730078698730674,-0.04114951732728323,-0.23383786557208822,20,3,Baixas
192,1305,2017-07-03,Columbus,Georgia,Technology,Phones,287.97,3,77.75189999999999,2017-07,0.26999999999999996,25.917299999999997,95.99000000000001,1.2667514303877938,0.728546643533965,0.7025397639815292,8,3,Altas
193,1306,2016-07-14,Houston,Texas,Technology,Phones,419.944,7,52.49299999999997,2016-07,0.12499999999999992,7.498999999999995,59.992000000000004,0.7130346142885321,1.315645713777303,0.24079014879425356,39,3,Altas
194,1318,2017-12-10,Philadelphia,Pennsylvania,Technology,Accessories,14.2,1,3.372499999999999,2017-12,0.23749999999999996,3.372499999999999,14.2,-0.3637678935484574,-0.4893456114595844,-0.34658799384299643,34,0,Baixas
195,1319,2014-07-01,Deltona,Florida,Technology,Phones,575.92,2,71.98999999999998,2014-07,0.12499999999999997,35.99499999999999,287.96,1.1404410636385554,2.009519996441122,3.1649563878912264,7,3,Altas
196,1331,2017-06-02,Lorain,Ohio,Technology,Phones,2.97,1,-0.6435000000000002,2017-06,-0.2166666666666667,-0.6435000000000002,2.97,-0.45180524804349204,-0.5393033497931402,-0.49063622370446386,31,3,Baixas
197,1339,2017-03-31,New York City,New York,Technology,Phones,677.58,3,176.1708,2017-03,0.26,58.723600000000005,225.86,3.4242563079553663,2.4617643133591347,2.3683940482298618,29,3,Altas
198,1341,2017-01-02,Jacksonville,North Carolina,Technology,Machines,695.7,2,-27.82799999999997,2017-01,-0.03999999999999995,-13.913999999999985,347.85,-1.0477343972641764,2.5423728813559316,3.933170856849667,30,2,Baixas
199,1353,2017-05-04,San Francisco,California,Technology,Phones,183.96,5,20.69549999999999,2017-05,0.11249999999999993,4.139099999999997,36.792,0.015980884319442366,0.26584812491658877,-0.05679835813237555,3,3,Medias
200,1363,2017-10-19,Philadelphia,Pennsylvania,Technology,Phones,309.576,4,-56.755600000000015,2017-10,-0.18333333333333338,-14.188900000000004,77.394,-1.6818751781134218,0.824663018817563,0.464007183170857,34,3,Baixas
201,1365,2017-11-10,Tucson,Arizona,Technology,Machines,95.994,2,-63.99599999999998,2017-11,-0.6666666666666665,-31.99799999999999,47.997,-1.8405967073678657,-0.1254771119711731,0.08692919445869679,1,2,Baixas
202,1366,2017-11-10,Tucson,Arizona,Technology,Accessories,239.95200000000003,6,-35.99280000000004,2017-11,-0.15000000000000013,-5.998800000000006,39.992000000000004,-1.226720301641932,0.5149339383424529,-0.015751667521805984,1,0,Baixas
203,1367,2017-11-10,Tucson,Arizona,Technology,Phones,201.584,2,15.118800000000007,2017-11,0.07500000000000004,7.559400000000004,100.792,-0.10626959247648851,0.3442501890653498,0.764135454079015,1,3,Medias
204,1372,2017-03-07,Clinton,Maryland,Technology,Accessories,49.08,3,4.907999999999998,2017-03,0.09999999999999995,1.6359999999999992,16.36,-0.3301071968783564,-0.334178566662218,-0.318881477680862,17,0,Baixas
205,1379,2014-08-04,Pleasant Grove,Utah,Technology,Phones,399.96,5,34.99649999999997,2014-08,0.08749999999999993,6.999299999999994,79.99199999999999,0.3294824297959089,1.2267449619645,0.4973319651103129,40,3,Medias
206,1389,2016-02-05,Smyrna,Georgia,Technology,Phones,104.85,3,28.309500000000007,2016-02,0.2700000000000001,9.436500000000002,34.949999999999996,0.18289234276695132,-0.08608034165220875,-0.0804258594150847,8,3,Medias
207,1390,2016-02-05,Smyrna,Georgia,Technology,Phones,484.83,3,126.05580000000002,2016-02,0.26000000000000006,42.018600000000006,161.60999999999999,2.3256527171887673,1.6042973441879083,1.5442534633145202,8,3,Altas
208,1399,2016-11-24,New York City,New York,Technology,Accessories,88.4,4,11.492000000000004,2016-11,0.13000000000000003,2.873000000000001,22.1,-0.18577504000701445,-0.15925975354775562,-0.24525397639815288,29,0,Medias
209,1401,2016-11-01,Salem,Virginia,Technology,Phones,21.8,2,6.104000000000001,2016-11,0.28,3.0520000000000005,10.9,-0.303888901067584,-0.45553627830419496,-0.38891739353514626,42,3,Baixas
210,1407,2014-04-06,Philadelphia,Pennsylvania,Technology,Accessories,116.784,2,21.89699999999999,2014-04,0.18749999999999992,10.948499999999996,58.392,0.04231974921630105,-0.0329907914053116,0.22026680348896877,34,0,Medias
211,1415,2017-01-28,Costa Mesa,California,Technology,Accessories,239.97,3,26.39670000000001,2017-01,0.11000000000000004,8.798900000000003,79.99,0.14096060679132827,0.5150140130788735,0.4973063109286814,3,0,Medias
212,1417,2015-09-21,Houston,Texas,Technology,Phones,946.344,7,118.29299999999988,2015-09,0.12499999999999986,16.898999999999983,135.192,2.15547931692132,3.657386894434805,1.2053873781426374,39,3,Altas
213,1418,2015-09-21,Houston,Texas,Technology,Accessories,151.20000000000002,3,32.13,2015-09,0.2125,10.71,50.400000000000006,0.2666440142929174,0.12011210463098897,0.11775269368907142,39,0,Medias
214,1425,2015-09-26,Mesa,Arizona,Technology,Phones,263.96000000000004,5,23.09650000000001,2015-09,0.08750000000000002,4.619300000000002,52.79200000000001,0.06861477080912867,0.6217358423417413,0.1484350949204722,1,3,Medias
215,1431,2017-11-26,Columbus,Ohio,Technology,Phones,220.752,8,-40.47120000000001,2017-11,-0.18333333333333338,-5.058900000000001,27.594,-1.3248942280290235,0.42952088616041634,-0.17478193945613132,31,3,Baixas
216,1438,2015-10-15,Amarillo,Texas,Technology,Accessories,263.88,3,42.88050000000001,2015-10,0.16250000000000006,14.293500000000003,87.96,0.5023127342876563,0.6213799546243159,0.5995382247306311,39,0,Altas
217,1448,2017-06-13,Chicago,Illinois,Technology,Phones,47.984,2,5.997999999999992,2017-06,0.12499999999999983,2.998999999999996,23.992,-0.30621259618124796,-0.3390542283909426,-0.22098512057465367,10,3,Baixas
218,1450,2015-05-01,Los Angeles,California,Technology,Phones,88.752,3,11.093999999999998,2015-05,0.12499999999999999,3.697999999999999,29.584,-0.19449985750926155,-0.157693847591085,-0.14925602873268343,3,3,Medias
219,1463,2016-08-26,Pasadena,Texas,Technology,Accessories,159.984,2,43.9956,2016-08,0.275,21.9978,79.992,0.5267575684503586,0.15918857600427064,0.4973319651103131,39,0,Altas
220,1467,2014-08-08,Glendale,Arizona,Technology,Accessories,95.976,3,-10.79730000000001,2014-08,-0.11250000000000011,-3.5991000000000035,31.992,-0.6743933182804652,-0.12555718670759375,-0.11836839404822984,1,0,Baixas
221,1468,2015-05-16,Jacksonville,Florida,Technology,Accessories,255.968,4,31.99599999999997,2015-05,0.12499999999999989,7.998999999999993,63.992,0.26370651292281344,0.5861826593709683,0.2920985120574654,7,0,Medias
222,1479,2017-11-19,Westminster,California,Technology,Phones,31.968000000000004,4,2.3976000000000006,2017-11,0.07500000000000001,0.5994000000000002,7.992000000000001,-0.3851393120985593,-0.41030294941945805,-0.42621857362750126,3,3,Baixas
223,1485,2016-10-14,Seattle,Washington,Technology,Accessories,177.0,3,30.089999999999986,2016-10,0.16999999999999993,10.029999999999996,59.0,0.2219238441808974,0.2348858935006005,0.22806567470497693,43,0,Medias
224,1488,2015-11-03,Los Angeles,California,Technology,Accessories,89.97,3,37.787400000000005,2015-11,0.42000000000000004,12.595800000000002,29.99,0.3906635684065154,-0.15227545709328705,-0.14404822986146743,3,0,Medias
225,1503,2016-11-24,Los Angeles,California,Technology,Phones,33.52,2,3.3519999999999985,2016-11,0.09999999999999995,1.6759999999999993,16.76,-0.3642172874147791,-0.40339872770141016,-0.3137506413545408,3,3,Baixas
226,1538,2017-09-15,Everett,Massachusetts,Technology,Phones,39.99,1,11.597099999999998,2017-09,0.2899999999999999,11.597099999999998,39.99,-0.18347107438016497,-0.37461630855465095,-0.01577732170343762,18,3,Medias
227,1550,2014-07-06,New York City,New York,Technology,Copiers,559.9920000000001,1,174.99749999999997,2014-07,0.3124999999999999,174.99749999999997,559.9920000000001,3.39853563364535,1.938662751901775,6.6543355566957425,29,1,Altas
228,1556,2017-09-04,Long Beach,New York,Technology,Accessories,91.96,4,39.5428,2017-09,0.43000000000000005,9.8857,22.99,0.42914483635486783,-0.1434227501223364,-0.23383786557208827,29,0,Altas
229,1566,2015-03-19,Seattle,Washington,Technology,Phones,453.576,3,39.68789999999999,2015-03,0.08749999999999998,13.229299999999997,151.192,0.4323256680623451,1.465260910182837,1.410620831195485,43,3,Altas
230,1567,2015-11-29,Allen,Texas,Technology,Accessories,21.48,3,-0.268500000000003,2015-11,-0.01250000000000014,-0.08950000000000101,7.16,-0.44358462853760616,-0.45695982917389555,-0.43689071318624945,39,0,Baixas
231,1573,2014-11-23,Los Angeles,California,Technology,Accessories,29.99,1,6.297899999999999,2014-11,0.21,6.297899999999999,29.99,-0.29963829274174064,-0.419102273232795,-0.14404822986146743,3,0,Baixas
232,1575,2014-12-15,El Paso,Texas,Technology,Phones,40.68,3,-9.153000000000004,2014-12,-0.2250000000000001,-3.0510000000000015,13.56,-0.6383475458710564,-0.371546776991859,-0.3547973319651103,39,3,Baixas
233,1580,2015-08-09,New York City,New York,Technology,Phones,307.98,2,89.31419999999997,2015-08,0.28999999999999987,44.657099999999986,153.99,1.5202161474888738,0.8175630588549312,1.4465110312981018,29,3,Altas
234,1589,2015-08-09,New York City,New York,Technology,Accessories,247.8,4,34.69200000000001,2015-08,0.14,8.673000000000002,61.95,0.3228072867571304,0.5498465234218604,0.26590559261159574,29,0,Medias
235,1593,2015-06-23,Olympia,Washington,Technology,Phones,201.568,4,22.6764,2015-06,0.1125,5.6691,50.392,0.05940548479733464,0.3441790115218648,0.11765007696254495,43,3,Medias
236,1605,2016-04-19,Los Angeles,California,Technology,Phones,39.96000000000001,5,12.986999999999997,2016-04,0.32499999999999984,2.5973999999999995,7.992000000000002,-0.15300217024354926,-0.37474976644868535,-0.42621857362750126,3,3,Medias
237,1612,2014-05-26,Los Angeles,California,Technology,Phones,201.584,2,20.15840000000001,2014-05,0.10000000000000005,10.079200000000005,100.792,0.004206765021812596,0.3442501890653498,0.764135454079015,3,3,Medias
238,1613,2014-05-26,Los Angeles,California,Technology,Phones,83.98400000000001,2,31.494,2014-05,0.37499999999999994,15.747,41.992000000000004,0.25270184361093473,-0.17890475554962404,0.009902514109799969,3,3,Medias
239,1615,2016-03-15,Philadelphia,Pennsylvania,Technology,Accessories,83.97600000000001,3,-13.6461,2016-03,-0.16249999999999998,-4.5487,27.992000000000004,-0.7368437205427795,-0.17894034432136652,-0.16967675731144172,34,0,Baixas
240,1624,2017-07-08,Kent,Washington,Technology,Accessories,50.0,2,10.5,2017-07,0.21,5.25,25.0,-0.20752131880658486,-0.33008585791182876,-0.20805541303232428,43,0,Medias
241,1625,2015-12-19,Los Angeles,California,Technology,Phones,675.96,5,84.49499999999995,2015-12,0.12499999999999992,16.89899999999999,135.192,1.4145713220948317,2.4545575870812755,1.2053873781426374,3,3,Altas
242,1635,2016-05-08,Cleveland,Ohio,Technology,Accessories,58.112,2,7.263999999999994,2016-05,0.12499999999999989,3.631999999999997,29.056,-0.27845978472937694,-0.29399884336491827,-0.15602873268342737,31,0,Baixas
243,1638,2014-11-26,Tigard,Oregon,Technology,Phones,438.336,4,-87.66720000000004,2014-11,-0.20000000000000007,-21.91680000000001,109.584,-2.3595085165618075,1.3974643000133455,0.8769112365315548,33,3,Baixas
244,1647,2015-11-01,Philadelphia,Pennsylvania,Technology,Accessories,35.36000000000001,2,-3.0939999999999994,2015-11,-0.08749999999999997,-1.5469999999999997,17.680000000000003,-0.5055242563079548,-0.3952133102006316,-0.30194971780400204,34,0,Baixas
245,1650,2015-09-26,Philadelphia,Pennsylvania,Technology,Phones,45.894,1,-9.1788,2015-09,-0.2,-9.1788,45.894,-0.6389131244930611,-0.34835179500867475,0.059953822473063106,34,3,Baixas
246,1654,2017-11-18,Seattle,Washington,Technology,Accessories,132.52,4,54.333200000000005,2017-11,0.41000000000000003,13.583300000000001,33.13,0.7533748383278166,0.03701232261221587,-0.10377116469984604,43,0,Altas
247,1659,2017-01-20,Los Angeles,California,Technology,Phones,160.776,3,10.048500000000004,2017-01,0.06250000000000003,3.3495000000000013,53.592000000000006,-0.21741894469167147,0.16271186440677965,0.15869676757311452,3,3,Medias
248,1665,2016-11-24,Dallas,Texas,Technology,Accessories,297.576,3,-7.439400000000035,2016-11,-0.025000000000000116,-2.4798000000000116,99.19200000000001,-0.6007826029769605,0.7712798612037902,0.7436121087737303,39,0,Baixas
249,1667,2016-11-24,Dallas,Texas,Technology,Accessories,94.992,2,-2.374800000000004,2016-11,-0.02500000000000004,-1.187400000000002,47.496,-0.48975820417826643,-0.1299346056319231,0.08050282195997953,39,0,Baixas
250,1671,2017-10-19,Houston,Texas,Technology,Phones,16.68,3,5.2125,2017-10,0.3125,1.7375,5.56,-0.3234320538395769,-0.4783130922194047,-0.4574140584915341,39,3,Baixas
251,1672,2016-03-22,North Las Vegas,Nevada,Technology,Accessories,58.58,2,19.331399999999995,2016-03,0.3299999999999999,9.665699999999998,29.29,-0.013922441195168257,-0.29191690021798117,-0.15302719343252952,25,0,Medias
252,1673,2017-07-03,Plano,Texas,Technology,Phones,167.96800000000002,4,62.988,2017-07,0.37499999999999994,15.747,41.992000000000004,0.9431023521932613,0.1947061702033009,0.009902514109799969,39,3,Altas
253,1680,2014-09-07,Philadelphia,Pennsylvania,Technology,Phones,32.382,3,4.317599999999999,2014-09,0.1333333333333333,1.4391999999999996,10.793999999999999,-0.34304974022842316,-0.40846123048178296,-0.3902770651616214,34,3,Baixas
254,1694,2016-06-26,Plano,Texas,Technology,Accessories,13.616,2,3.574200000000001,2016-06,0.26250000000000007,1.7871000000000006,6.808,-0.35934629633689147,-0.49194359179678804,-0.441405849153412,39,0,Baixas
255,1695,2015-09-25,Bayonne,New Jersey,Technology,Accessories,63.96,4,19.8276,2015-09,0.31,4.9569,15.99,-0.0030449174649798388,-0.2679834512211397,-0.32362750128270906,27,0,Medias
256,1697,2015-09-25,Bayonne,New Jersey,Technology,Phones,104.98,2,52.49,2015-09,0.5,26.245,52.49,0.7129688493324857,-0.08550202411139284,0.1445613134940996,27,3,Altas
257,1708,2017-10-30,San Francisco,California,Technology,Phones,148.48,2,16.703999999999986,2017-10,0.11249999999999992,8.351999999999993,74.24,-0.07151938970120784,0.10801192223853366,0.42355053873781423,3,3,Medias
258,1722,2015-12-20,Chicago,Illinois,Technology,Phones,159.984,2,11.998799999999996,2015-12,0.07499999999999997,5.999399999999998,79.992,-0.17466514676545997,0.15918857600427064,0.4973319651103131,10,3,Medias
259,1723,2015-12-20,Chicago,Illinois,Technology,Accessories,255.968,4,51.1936,2015-12,0.2,12.7984,63.992,0.6845496196593377,0.5861826593709683,0.2920985120574654,10,0,Altas
260,1729,2016-02-07,Springfield,Virginia,Technology,Accessories,100.0,4,21.0,2016-02,0.21,5.25,25.0,0.02265602735822202,-0.10765603452110858,-0.20805541303232428,42,0,Medias
261,1736,2017-07-29,Jacksonville,North Carolina,Technology,Phones,22.0,5,1.375,2017-07,0.0625,0.275,4.4,-0.4075563934498099,-0.45464655901063206,-0.4722934838378656,30,3,Baixas
262,1739,2015-09-03,San Francisco,California,Technology,Accessories,17.9,2,3.400999999999998,2015-09,0.1899999999999999,1.700499999999999,8.95,-0.36314312646601005,-0.4728858045286711,-0.413930220625962,3,0,Baixas
263,1740,2015-09-03,San Francisco,California,Technology,Accessories,129.45,5,46.602,2015-09,0.36,9.3204,25.889999999999997,0.5838941622640682,0.023355131456025555,-0.19663930220625966,3,0,Altas
264,1745,2017-10-30,Philadelphia,Pennsylvania,Technology,Accessories,442.4,7,-55.30000000000007,2017-10,-0.12500000000000017,-7.90000000000001,63.199999999999996,-1.649966021439376,1.415543396058543,0.2819394561313494,34,0,Baixas
265,1759,2014-05-11,Houston,Texas,Technology,Accessories,46.864,2,7.615399999999994,2014-05,0.16249999999999987,3.807699999999997,23.432,-0.2707565162110614,-0.3440366564348948,-0.22816829143150336,39,0,Baixas
266,1773,2016-11-27,Chicago,Illinois,Technology,Accessories,62.400000000000006,6,19.5,2016-11,0.31249999999999994,3.25,10.4,-0.010226450665321822,-0.2749232617109301,-0.39533093894304777,10,0,Medias
267,1780,2016-11-11,New York City,New York,Technology,Accessories,59.97,3,14.992499999999996,2016-11,0.24999999999999994,4.997499999999999,19.99,-0.10903829712607115,-0.28573335112771914,-0.2723191380194972,29,0,Medias
268,1785,2017-09-22,Milwaukee,Wisconsin,Technology,Accessories,98.16,6,9.815999999999995,2017-09,0.09999999999999995,1.6359999999999992,16.36,-0.22251572878532097,-0.1158414520218871,-0.318881477680862,44,0,Medias
269,1787,2017-09-22,Milwaukee,Wisconsin,Technology,Phones,86.97,3,25.22129999999999,2017-09,0.28999999999999987,8.407099999999996,28.99,0.11519389701207886,-0.16562124649673027,-0.15687532067727042,44,3,Medias
270,1788,2015-02-15,Kenosha,Wisconsin,Technology,Phones,134.97,3,64.78559999999999,2015-02,0.4799999999999999,21.595199999999995,44.99,0.9825087138566759,0.04791138395836111,0.04835813237557726,44,3,Altas
271,1790,2015-02-15,Kenosha,Wisconsin,Technology,Accessories,139.95,5,26.590499999999988,2015-02,0.18999999999999992,5.318099999999998,27.99,0.14520902295196966,0.0700653943680768,-0.16970241149307339,44,0,Medias
272,1797,2017-08-27,New York City,New York,Technology,Phones,347.97,3,100.91129999999995,2017-08,0.28999999999999987,33.63709999999998,115.99000000000001,1.7744437380801004,0.9954624316028292,0.9590815802975887,29,3,Altas
273,1805,2017-09-22,Philadelphia,Pennsylvania,Technology,Accessories,79.98400000000001,2,22.995400000000004,2017-09,0.28750000000000003,11.497700000000002,39.992000000000004,0.06639849179034168,-0.19669914142088163,-0.015751667521805984,34,0,Medias
274,1808,2016-12-25,Los Angeles,California,Technology,Accessories,254.24,7,76.27199999999998,2016-12,0.2999999999999999,10.895999999999997,36.32,1.234309577569765,0.5784954846745851,-0.06285274499743457,3,0,Altas
275,1809,2016-02-11,Tulsa,Oklahoma,Technology,Phones,69.93,7,0.6992999999999991,2016-02,0.009999999999999986,0.09989999999999988,9.99,-0.42236885371681565,-0.24142533030828767,-0.4005900461775269,32,3,Baixas
276,1845,2017-07-29,Seattle,Washington,Technology,Accessories,90.57,3,11.774100000000004,2017-07,0.13000000000000006,3.9247000000000014,30.189999999999998,-0.17959094197338663,-0.14960629921259844,-0.14148281169830684,43,0,Medias
277,1851,2015-07-20,South Bend,Indiana,Technology,Accessories,831.2,5,124.68000000000004,2015-07,0.15000000000000002,24.936000000000007,166.24,2.2954929083455733,3.1451577027447835,1.6036428937916882,11,0,Altas
278,1860,2015-09-03,Bristol,Connecticut,Technology,Phones,100.49,1,25.1225,2015-09,0.25,25.1225,100.49,0.11302803779292832,-0.10547622225187954,0.7602616726526424,5,3,Medias
279,1862,2017-03-26,New York City,New York,Technology,Phones,119.96,4,33.588800000000006,2017-03,0.2800000000000001,8.397200000000002,29.99,0.29862332025341465,-0.018862049023533112,-0.14404822986146743,29,3,Medias
280,1866,2017-11-12,Newark,Ohio,Technology,Phones,370.782,3,-92.69550000000004,2017-11,-0.2500000000000001,-30.898500000000013,123.594,-2.469737159392331,1.0969438142266112,1.0566187788609545,31,3,Baixas
281,1877,2017-03-25,San Antonio,Texas,Technology,Phones,470.3760000000001,3,47.037600000000026,2017-03,0.10000000000000003,15.679200000000009,156.79200000000003,0.593443233882106,1.5399973308421195,1.482452539763982,39,3,Altas
282,1879,2017-12-29,Los Angeles,California,Technology,Phones,302.376,3,22.67820000000001,2017-12,0.07500000000000004,7.559400000000004,100.79199999999999,0.05944494377096311,0.7926331242492991,0.7641354540790148,3,3,Medias
283,1902,2016-08-20,Detroit,Michigan,Technology,Phones,14.78,2,3.9906000000000006,2016-08,0.2700000000000001,1.9953000000000003,7.39,-0.3502181204375557,-0.486765425508252,-0.4339404822986147,19,3,Baixas
284,1905,2017-10-21,Springfield,Oregon,Technology,Accessories,28.4,2,6.744999999999998,2017-10,0.23749999999999996,3.372499999999999,14.2,-0.289837122125523,-0.4261755416166199,-0.34658799384299643,33,0,Baixas
285,1911,2016-11-15,Los Angeles,California,Technology,Accessories,99.39,3,40.7499,2016-11,0.41,13.5833,33.13,0.4556064625030143,-0.11036967836647536,-0.10377116469984604,3,0,Altas
286,1913,2017-07-03,Houston,Texas,Technology,Machines,597.1320000000001,3,49.76099999999997,2017-07,0.08333333333333327,16.58699999999999,199.044,0.6531446609816509,2.103883624716402,2.024422780913289,39,2,Altas
287,1914,2014-01-15,Roswell,Georgia,Technology,Accessories,149.95,5,65.97800000000001,2014-01,0.4400000000000001,13.195600000000002,29.99,1.008648091720192,0.11455135904622082,-0.14404822986146743,8,0,Altas
288,1919,2015-10-30,Detroit,Michigan,Technology,Phones,299.9,2,74.975,2015-10,0.25,37.4875,149.95,1.205877194905408,0.7816183993949907,1.3946895844022575,19,3,Altas
289,1923,2016-07-08,Arlington,Texas,Technology,Phones,863.6400000000001,9,107.95499999999998,2016-07,0.12499999999999997,11.994999999999997,95.96000000000001,1.9288532783830583,3.2894701721606827,0.7021549512570551,39,3,Altas
290,1926,2017-03-09,San Francisco,California,Technology,Accessories,199.98,2,69.993,2017-03,0.35,34.9965,99.99,1.0966635245632108,0.33711464033097543,0.7538481272447409,3,0,Altas
291,1927,2016-06-09,Los Angeles,California,Technology,Phones,177.48000000000002,3,19.966499999999986,2016-06,0.1124999999999999,6.6554999999999955,59.160000000000004,0.0,0.23702121980515148,0.23011800923550546,3,3,Medias
292,1931,2017-03-16,Seattle,Washington,Technology,Phones,659.9760000000001,3,49.49819999999997,2017-03,0.07499999999999994,16.49939999999999,219.99200000000005,0.6473836508319261,2.38345122113973,2.2931246793227302,43,3,Altas
293,1932,2016-11-27,Scottsdale,Arizona,Technology,Phones,271.992,1,23.7993,2016-11,0.0875,23.7993,271.992,0.08402130784575951,0.6574669691712265,2.9601334017444847,1,3,Medias
294,1936,2017-11-27,San Francisco,California,Technology,Accessories,166.16,8,59.8176,2017-11,0.36,7.4772,20.77,0.873601946642699,0.18666310778949236,-0.2623140071831709,3,0,Altas
295,1945,2016-06-20,Carrollton,Texas,Technology,Accessories,95.968,4,26.3912,2016-06,0.275,6.5978,23.992,0.14084003770524176,-0.12559277547933623,-0.22098512057465367,39,0,Medias
296,1952,2017-09-02,New York City,New York,Technology,Phones,197.97,3,57.41129999999999,2017-09,0.2899999999999999,19.137099999999997,65.99,0.8208518753973296,0.32817296143066854,0.3177270395074397,29,3,Altas
297,1956,2017-09-02,New York City,New York,Technology,Accessories,238.0,2,38.08000000000001,2017-09,0.16000000000000006,19.040000000000006,119.0,0.39707784378630817,0.5062502780372791,0.9976911236531556,29,0,Altas
298,1957,2017-09-02,New York City,New York,Technology,Accessories,167.97,3,40.31280000000001,2017-09,0.24000000000000007,13.437600000000003,55.99,0.4460245084069539,0.19471506739623642,0.18945613134941,29,0,Altas
299,1961,2017-09-10,Springfield,Missouri,Technology,Accessories,296.85,5,53.43299999999999,2017-09,0.17999999999999997,10.686599999999999,59.370000000000005,0.7336409671832869,0.768050180168157,0.2328116983068241,22,0,Altas
300,1962,2017-09-10,Springfield,Missouri,Technology,Accessories,112.8,6,6.768000000000001,2017-09,0.060000000000000005,1.1280000000000001,18.8,-0.28933292412916195,-0.05071399973308423,-0.2875833760903027,22,0,Baixas
301,1967,2017-12-21,Paterson,New Jersey,Technology,Phones,281.97,3,78.9516,2017-12,0.27999999999999997,26.3172,93.99000000000001,1.2930508363110242,0.7018550647270786,0.6768855823499232,27,3,Altas
302,1970,2017-09-23,Tulsa,Oklahoma,Technology,Accessories,291.96,4,102.18599999999998,2017-09,0.35,25.546499999999995,72.99,1.8023872679045085,0.7462965434405443,0.4075166752180605,32,0,Altas
303,1972,2017-05-06,Chicago,Illinois,Technology,Accessories,408.744,7,76.63949999999998,2017-05,0.18749999999999994,10.948499999999997,58.392,1.2423657846855334,1.2658214333377817,0.22026680348896877,10,0,Altas
304,1975,2014-12-14,Chicago,Illinois,Technology,Accessories,35.016000000000005,3,-2.188500000000003,2014-12,-0.06250000000000007,-0.729500000000001,11.672000000000002,-0.48567420040774223,-0.39674362738555974,-0.3790148794253463,10,0,Baixas
305,1983,2014-12-03,Oklahoma City,Oklahoma,Technology,Phones,479.96,4,134.3888,2014-12,0.28,33.5972,119.99,2.5083258434355606,1.5826326793896521,1.0103899435608004,32,3,Altas
306,1999,2014-02-06,Chesapeake,Virginia,Technology,Phones,161.61,1,42.018600000000006,2014-02,0.26,42.018600000000006,161.61,0.4834184624153279,0.1664219938609369,1.5442534633145206,42,3,Altas
307,2000,2014-02-06,Chesapeake,Virginia,Technology,Phones,144.95,5,42.03549999999999,2014-02,0.29,8.407099999999998,28.99,0.4837889383343928,0.09230837670714881,-0.15687532067727042,42,3,Altas
308,2001,2017-04-11,Pasadena,California,Technology,Accessories,199.95,5,21.994499999999988,2017-04,0.10999999999999995,4.398899999999998,39.989999999999995,0.04445711028783132,0.33698118243694103,-0.01577732170343771,3,0,Medias
309,2007,2014-12-31,Columbia,Missouri,Technology,Accessories,47.53,7,16.160200000000003,2014-12,0.3400000000000001,2.3086000000000007,6.79,-0.0834403840673429,-0.34107389118733034,-0.4416367367880965,22,0,Medias
310,2012,2015-12-11,Houston,Texas,Technology,Accessories,159.984,2,35.9964,2015-12,0.225,17.9982,79.992,0.35140188964640395,0.15918857600427064,0.4973319651103131,39,0,Medias
311,2056,2017-12-22,Detroit,Michigan,Technology,Accessories,199.95,5,63.98399999999999,2017-12,0.31999999999999995,12.796799999999998,39.989999999999995,0.9649363176008939,0.33698118243694103,-0.01577732170343771,19,0,Altas
312,2058,2017-12-22,Detroit,Michigan,Technology,Accessories,84.99,1,30.5964,2017-12,0.36,30.5964,84.99,0.23302496876164608,-0.1744294675030028,0.5614417650076963,19,0,Medias
313,2067,2014-10-31,Los Angeles,California,Technology,Accessories,251.91,9,47.86289999999998,2014-10,0.18999999999999992,5.318099999999998,27.99,0.6115351732906589,0.5681302549045775,-0.16970241149307339,3,0,Altas
314,2069,2015-04-13,Pomona,California,Technology,Accessories,199.96,4,69.98599999999999,2015-04,0.3499999999999999,17.496499999999997,49.99,1.0965100729991009,0.33702566840161924,0.11249358645459215,3,0,Altas
315,2074,2017-11-07,Brentwood,California,Technology,Accessories,59.97,3,13.7931,2017-11,0.23,4.597700000000001,19.99,-0.1353311265536967,-0.28573335112771914,-0.2723191380194972,3,0,Medias
316,2075,2017-11-07,Brentwood,California,Technology,Phones,761.5440000000001,7,66.63510000000002,2017-11,0.08750000000000002,9.519300000000003,108.79200000000002,1.0230528092597062,2.8352862671827035,0.866752180605439,3,3,Altas
317,2081,2015-12-24,Phoenix,Arizona,Technology,Phones,111.984,2,11.198400000000005,2015-12,0.10000000000000005,5.599200000000002,55.992,-0.19221123703882276,-0.05434405445082079,0.18948178553104156,1,3,Medias
318,2100,2017-09-07,Portland,Oregon,Technology,Accessories,279.944,7,80.48390000000002,2017-09,0.28750000000000003,11.497700000000004,39.992000000000004,1.3266413836946755,0.6928422082832866,-0.015751667521805984,33,0,Altas
319,2105,2017-03-24,New York City,New York,Technology,Accessories,26.0,2,11.7,2017-03,0.44999999999999996,5.85,13.0,-0.1812153363877498,-0.43685217313937447,-0.36198050282196,29,0,Medias
320,2126,2017-12-01,Philadelphia,Pennsylvania,Technology,Phones,62.958,7,9.4437,2017-12,0.15,1.3491,8.994,-0.23067715983076445,-0.27244094488188975,-0.4133658286300667,34,3,Medias
321,2127,2014-06-23,Philadelphia,Pennsylvania,Technology,Accessories,86.376,3,1.079699999999999,2014-06,0.012499999999999987,0.35989999999999966,28.792,-0.41402985729004493,-0.168263712798612,-0.15941508465879936,34,0,Baixas
322,2136,2015-11-30,Philadelphia,Pennsylvania,Technology,Phones,94.92,4,15.819999999999991,2015-11,0.16666666666666657,3.954999999999998,23.73,-0.0908981300830829,-0.13025490457760575,-0.22434581836839404,34,3,Medias
323,2144,2016-09-01,Philadelphia,Pennsylvania,Technology,Phones,23.988,2,-4.797599999999997,2016-09,-0.1999999999999999,-2.3987999999999987,11.994,-0.5428699826818943,-0.44580274923261703,-0.3748845561826578,34,3,Baixas
324,2150,2017-03-31,New York City,New York,Technology,Phones,84.94999999999999,5,22.087,2017-03,0.26,4.4174,16.99,0.04648486309928345,-0.1746074113617154,-0.31080041046690615,29,3,Medias
325,2152,2014-11-24,Saint Louis,Missouri,Technology,Accessories,111.79,7,43.5981,2014-11,0.39,6.2283,15.97,0.5180437117741195,-0.05520708216557673,-0.3238840430990252,22,0,Altas
326,2164,2016-10-13,Laredo,Texas,Technology,Accessories,191.976,3,23.996999999999986,2016-10,0.12499999999999993,7.998999999999995,63.992,0.0883552184492623,0.301508074202589,0.2920985120574654,39,0,Medias
327,2170,2017-01-27,Kent,Ohio,Technology,Accessories,71.976,3,-8.997000000000003,2017-01,-0.12500000000000006,-2.999000000000001,23.992,-0.6349277681566078,-0.23232350193513943,-0.22098512057465367,31,0,Baixas
328,2171,2017-01-27,Kent,Ohio,Technology,Phones,107.982,3,-26.9955,2017-01,-0.25,-8.9985,35.994,-1.0294846219611102,-0.07214733751501401,-0.06703437660338635,31,3,Baixas
329,2184,2016-05-07,New York City,New York,Technology,Accessories,199.95,5,21.994499999999988,2016-05,0.10999999999999995,4.398899999999998,39.989999999999995,0.04445711028783132,0.33698118243694103,-0.01577732170343771,29,0,Medias
330,2187,2016-07-14,Huntsville,Alabama,Technology,Accessories,29.0,2,7.25,2016-07,0.25,3.625,14.5,-0.2787666878575965,-0.42350638373593125,-0.3427398665982555,0,0,Baixas
331,2196,2016-12-10,Seattle,Washington,Technology,Accessories,44.75,5,8.502499999999994,2016-12,0.18999999999999986,1.7004999999999988,8.95,-0.25130981870793756,-0.3534409893678544,-0.413930220625962,43,0,Baixas
332,2208,2014-07-14,Aurora,Illinois,Technology,Phones,38.272000000000006,4,3.827200000000001,2014-07,0.1,0.9568000000000002,9.568000000000001,-0.3538001183769204,-0.38225899728635604,-0.4060030785017958,10,3,Baixas
333,2222,2015-12-06,Marion,Ohio,Technology,Phones,485.94,2,-89.08900000000006,2015-12,-0.18333333333333346,-44.54450000000003,242.97,-2.3906767213977242,1.6092352862671824,2.5878655720882504,31,3,Baixas
334,2228,2017-07-29,Austin,Texas,Technology,Phones,124.79200000000002,1,15.598999999999991,2017-07,0.12499999999999992,15.598999999999991,124.79200000000002,-0.0957428151785517,0.0026335691089461846,1.0719856336582867,39,3,Medias
335,2234,2015-12-14,Portland,Oregon,Technology,Phones,319.968,4,35.99639999999995,2015-12,0.11249999999999984,8.999099999999988,79.992,0.35140188964640284,0.8708928333110902,0.4973319651103131,33,3,Medias
336,2235,2017-12-05,Burlington,Vermont,Technology,Accessories,205.03,7,67.65989999999998,2017-12,0.3299999999999999,9.665699999999998,29.29,1.0455181182453905,0.3595800524934382,-0.15302719343252952,41,0,Altas
337,2247,2017-11-21,Pasadena,California,Technology,Phones,659.9760000000001,3,49.49819999999997,2017-11,0.07499999999999994,16.49939999999999,219.99200000000005,0.6473836508319261,2.38345122113973,2.2931246793227302,3,3,Altas
338,2256,2016-09-17,Bangor,Maine,Technology,Phones,437.85,3,131.35499999999996,2016-09,0.2999999999999999,43.78499999999999,145.95000000000002,2.441819935550342,1.3953022821299879,1.343381221139046,16,3,Altas
339,2261,2015-11-08,San Diego,California,Technology,Accessories,371.97,3,66.95459999999997,2015-11,0.1799999999999999,22.31819999999999,123.99000000000001,1.03005677707872,1.1022287468303749,1.0616983068240124,3,0,Altas
340,2262,2015-12-18,New York City,New York,Technology,Accessories,166.24,1,24.936000000000007,2015-12,0.15000000000000002,24.936000000000007,166.24,0.1089396496920012,0.18701899550691756,1.6036428937916882,29,0,Medias
341,2264,2016-11-14,Atlanta,Georgia,Technology,Accessories,499.98,2,114.99540000000002,2016-11,0.23000000000000004,57.49770000000001,249.99,2.083190477234364,1.6716935806752966,2.6779117496151876,8,0,Altas
342,2279,2014-06-27,Southaven,Mississippi,Technology,Accessories,223.96,4,53.75040000000001,2014-06,0.24000000000000005,13.437600000000003,55.99,0.7405988995330692,0.44379198362916494,0.18945613134941,21,0,Altas
343,2284,2015-03-05,New Castle,Indiana,Technology,Phones,23.92,2,6.697600000000001,2015-03,0.28,3.3488000000000007,11.96,-0.29087620843106693,-0.4461052537924284,-0.3753206772703951,11,3,Baixas
344,2291,2015-04-20,Columbus,Georgia,Technology,Phones,287.97,3,77.75189999999999,2015-04,0.26999999999999996,25.917299999999997,95.99000000000001,1.2667514303877938,0.728546643533965,0.7025397639815292,8,3,Altas
345,2294,2015-11-01,New York City,New York,Technology,Phones,4.95,1,1.3365,2015-11,0.27,1.3365,4.95,-0.40840037705241417,-0.5304951287868677,-0.46523858388917394,29,3,Baixas
346,2298,2015-11-01,New York City,New York,Technology,Phones,42.95,1,1.288499999999999,2015-11,0.029999999999999978,1.288499999999999,42.95,-0.40945261634916763,-0.3614484630099203,0.0221908671113392,29,3,Baixas
347,2300,2015-11-01,New York City,New York,Technology,Phones,503.96,4,125.99,2015-11,0.25,31.4975,125.99,2.324210272486134,1.689398994617198,1.0873524884556183,29,3,Altas
348,2303,2016-01-17,Columbus,Georgia,Technology,Accessories,316.0,4,31.59999999999997,2016-01,0.09999999999999991,7.899999999999992,79.0,0.2550255387245978,0.8532408025268027,0.4846074910210365,8,0,Medias
349,2308,2017-11-05,New York City,New York,Technology,Accessories,390.75,5,171.93000000000006,2017-11,0.44000000000000017,34.38600000000001,78.15,3.3312909660872045,1.1857733884959294,0.473704463827604,29,0,Altas
350,2319,2017-07-20,Sioux Falls,South Dakota,Technology,Accessories,389.97,3,132.58980000000005,2017-07,0.34000000000000014,44.19660000000002,129.99,2.468888791459325,1.1823034832510342,1.1386608517188304,37,0,Altas
351,2321,2017-03-20,Seattle,Washington,Technology,Accessories,265.93,7,63.8232,2017-03,0.24,9.1176,37.99,0.9614113159567705,0.6304995773833355,-0.04143150333504358,43,0,Altas
352,2343,2014-12-31,Franklin,Massachusetts,Technology,Accessories,113.97,3,27.3528,2014-12,0.24,9.1176,37.99,0.16191989828353487,-0.045509141865741363,-0.04143150333504358,18,0,Medias
353,2356,2015-08-31,San Francisco,California,Technology,Accessories,36.51,1,15.6993,2015-08,0.43,15.6993,36.51,-0.09354407348137722,-0.39009742426264504,-0.060415597742432034,3,0,Medias
354,2357,2015-08-31,San Francisco,California,Technology,Machines,239.976,3,80.99189999999999,2015-08,0.33749999999999997,26.997299999999996,79.992,1.3377775829186482,0.5150407046576804,0.4973319651103131,3,2,Altas
355,2371,2017-07-07,Warwick,Rhode Island,Technology,Accessories,252.0,4,93.24,2017-07,0.37,23.31,63.0,1.6062761689720935,0.5685306285866808,0.2793740379681888,35,0,Altas
356,2386,2017-03-25,Fresno,California,Technology,Phones,211.168,4,15.837600000000007,2017-03,0.07500000000000004,3.959400000000002,52.792,-0.0905123090076063,0.3868855376128831,0.14843509492047208,3,3,Medias
357,2387,2017-03-25,Fresno,California,Technology,Copiers,479.984,2,59.99799999999996,2017-03,0.12499999999999993,29.99899999999998,239.992,0.8775566126663298,1.5827394457048798,2.5496664956387893,3,1,Altas
358,2395,2015-11-14,New York City,New York,Technology,Accessories,37.6,2,2.256,2015-11,0.05999999999999999,1.128,18.8,-0.3882434180239818,-0.38524845411272735,-0.2875833760903027,29,0,Baixas
359,2396,2015-11-14,New York City,New York,Technology,Accessories,59.9,2,23.96,2015-11,0.4,11.98,29.95,0.08754411732468188,-0.2860447528804662,-0.14456131349409954,29,0,Medias
360,2406,2017-10-07,Los Angeles,California,Technology,Phones,128.744,7,-28.96739999999999,2017-10,-0.22499999999999992,-4.1381999999999985,18.392,-1.0727119275708608,0.020214422349748636,-0.2928168291431503,3,3,Baixas
361,2409,2017-01-20,San Francisco,California,Technology,Phones,359.97600000000006,3,130.49130000000002,2017-01,0.3625,43.49710000000001,119.99200000000002,2.4228862047043864,1.0488722807954092,1.0104155977424323,3,3,Altas
362,2417,2017-10-12,Albuquerque,New Mexico,Technology,Accessories,595.0,5,95.20000000000005,2017-10,0.1600000000000001,19.04000000000001,119.0,1.6492426069228585,2.0943992170470214,0.9976911236531556,28,0,Altas
363,2421,2017-11-09,Coachella,California,Technology,Accessories,99.99,1,43.9956,2017-11,0.44000000000000006,43.9956,99.99,0.5267575684503586,-0.10770052048578675,0.7538481272447409,3,0,Altas
364,2424,2017-12-25,Fairfield,Ohio,Technology,Accessories,158.928,7,41.7186,2017-12,0.2625,5.9598,22.704,0.476841966810619,0.15449085813425859,-0.23750641354540789,31,0,Altas
365,2434,2017-05-28,Houston,Texas,Technology,Phones,54.368,4,4.077599999999997,2017-05,0.07499999999999994,1.0193999999999992,13.592,-0.34831093671219027,-0.3106543885404154,-0.35438686505900463,39,3,Baixas
366,2441,2016-05-22,Passaic,New Jersey,Technology,Phones,345.0,5,86.25,2016-05,0.25,17.25,69.0,1.453043821382379,0.9822501000934204,0.35633658286300673,27,3,Altas
367,2444,2016-05-22,Passaic,New Jersey,Technology,Accessories,95.1,5,30.431999999999995,2016-05,0.31999999999999995,6.086399999999999,19.02,0.2294210491702656,-0.12945415721339917,-0.28476141611082606,27,0,Medias
368,2446,2016-05-22,Passaic,New Jersey,Technology,Phones,257.98,2,74.8142,2016-05,0.29,37.4071,128.99,1.202352193261284,0.595133235464211,1.1258337609030273,27,3,Altas
369,2452,2017-03-17,New York City,New York,Technology,Phones,119.7,6,31.122,2017-03,0.26,5.187,19.95,0.24454698906109584,-0.020018684105164816,-0.27283222165212934,29,3,Medias
370,2454,2017-03-17,New York City,New York,Technology,Accessories,57.06,3,18.2592,2017-03,0.32,6.0864,19.02,-0.03742683648639729,-0.2986787668490591,-0.28476141611082606,29,0,Medias
371,2455,2017-03-17,New York City,New York,Technology,Accessories,71.6,8,13.603999999999992,2017-03,0.1899999999999999,1.700499999999999,8.95,-0.139476510949865,-0.23399617420703767,-0.413930220625962,29,0,Medias
372,2465,2017-12-03,New York City,New York,Technology,Phones,136.99,1,36.987300000000005,2017-12,0.27,36.987300000000005,136.99,0.3731240546287571,0.05689754882334625,1.2284504874294513,29,3,Medias
373,2475,2016-11-03,Los Angeles,California,Technology,Accessories,82.95,5,29.0325,2016-11,0.35,5.8065,16.59,0.19874169717429926,-0.18350460429734414,-0.3159312467932273,3,0,Medias
374,2483,2017-08-28,Seattle,Washington,Technology,Phones,35.168,4,11.4296,2017-08,0.325,2.8574,8.792,-0.18714295109279394,-0.39606744072245204,-0.4159569009748589,43,3,Medias
375,2495,2016-09-10,Houston,Texas,Technology,Phones,719.96,5,53.99700000000004,2016-09,0.07500000000000005,10.79940000000001,143.99200000000002,0.7460047789201404,2.650295831665109,1.3182657773217037,39,3,Altas
376,2509,2017-03-02,Los Angeles,California,Technology,Phones,196.776,3,14.758199999999997,2017-03,0.07499999999999998,4.919399999999999,65.592,-0.11417454019334868,0.3228613372480982,0.31262185736275017,3,3,Medias
377,2510,2017-03-02,Los Angeles,California,Technology,Accessories,479.94,6,52.79340000000002,2017-03,0.11000000000000004,8.798900000000003,79.99,0.7196198785540484,1.582543707460296,0.4973063109286814,3,0,Altas
378,2512,2015-04-18,Monroe,Louisiana,Technology,Accessories,106.5,6,41.535,2015-04,0.38999999999999996,6.922499999999999,17.75,0.4728171515005371,-0.07874015748031496,-0.30105182144689585,15,0,Altas
379,2514,2016-11-11,Chicago,Illinois,Technology,Accessories,95.968,4,1.1995999999999931,2016-11,0.012499999999999928,0.2998999999999983,23.992,-0.41140145121336313,-0.12559277547933623,-0.22098512057465367,10,0,Baixas
380,2523,2016-10-15,Oklahoma City,Oklahoma,Technology,Phones,5.5,1,1.375,2016-10,0.25,1.375,5.5,-0.4075563934498099,-0.5280484007295697,-0.4581836839404823,32,3,Baixas
381,2526,2015-04-06,Houston,Texas,Technology,Accessories,25.488,2,4.4604,2015-04,0.175,2.2302,12.744,-0.3399193283205818,-0.4391298545308954,-0.36526423807080555,39,0,Baixas
382,2534,2014-08-17,Little Rock,Arkansas,Technology,Accessories,339.96,4,122.38559999999998,2014-08,0.36,30.596399999999996,84.99,2.2451958699607593,0.9598291738956357,0.5614417650076963,2,0,Altas
383,2536,2015-09-06,La Quinta,California,Technology,Accessories,46.32,4,18.0648,2015-09,0.39,4.5162,11.58,-0.04168840563824853,-0.3464566929133857,-0.38019497178040024,3,0,Medias
384,2539,2015-01-27,Cleveland,Ohio,Technology,Phones,155.36999999999998,1,-36.253,2015-01,-0.23333333333333336,-36.253,155.36999999999998,-1.232424315496415,0.13866275190177485,1.4642124166239094,31,3,Baixas
385,2555,2016-08-15,Tallahassee,Florida,Technology,Phones,705.544,7,70.55440000000007,2016-08,0.1000000000000001,10.07920000000001,100.792,1.1089703400048243,2.5861648649850966,0.764135454079015,7,3,Altas
386,2556,2015-09-26,New York City,New York,Technology,Accessories,50.0,2,12.0,2015-09,0.24,6.0,25.0,-0.17463884078304104,-0.33008585791182876,-0.20805541303232428,29,0,Medias
387,2564,2015-03-17,New York City,New York,Technology,Accessories,15.02,1,2.7036,2015-03,0.18,2.7036,15.02,-0.3784312865817564,-0.4856977623559766,-0.336069779374038,29,0,Baixas
388,2566,2017-12-21,Bowling Green,Kentucky,Technology,Accessories,71.0,4,27.69,2017-12,0.39,6.9225,17.75,0.16931187934322758,-0.23666533208772628,-0.30105182144689585,14,0,Medias
389,2570,2017-12-27,Newark,Ohio,Technology,Phones,164.388,2,-35.6174,2017-12,-0.21666666666666667,-17.8087,82.194,-1.2184909134752386,0.17878019484852525,0.5255772190867112,31,3,Baixas
390,2585,2014-01-26,Alexandria,Virginia,Technology,Phones,187.98,2,52.6344,2014-01,0.28,26.3172,93.99,0.7161343358835522,0.2837314827172026,0.676885582349923,42,3,Altas
391,2590,2016-05-05,Los Angeles,California,Technology,Phones,246.168,3,21.5397,2016-05,0.0875,7.1799,82.056,0.03448714295109309,0.5425864139863872,0.5238070805541304,3,3,Medias
392,2593,2017-11-24,Summerville,South Carolina,Technology,Phones,79.1,2,39.55,2017-11,0.5,19.775,39.55,0.4293026722493808,-0.20063170069842964,-0.021421241662390993,36,3,Altas
393,2597,2017-05-13,Columbus,Indiana,Technology,Phones,587.97,3,158.75190000000003,2017-05,0.2700000000000001,52.91730000000001,195.99,3.0424052436591618,2.063125583878286,1.985248845561827,11,3,Altas
394,2608,2014-11-25,Arlington,Texas,Technology,Accessories,24.672,3,0.0,2014-11,0.0,0.0,8.224,-0.43769866497139176,-0.442759909248632,-0.42324268855823494,39,0,Baixas
395,2620,2017-12-22,Carlsbad,New Mexico,Technology,Phones,67.04,4,6.703999999999997,2017-12,0.09999999999999995,1.6759999999999993,16.76,-0.29073590985816655,-0.2542817741002713,-0.3137506413545408,28,3,Baixas
396,2627,2017-10-22,New York City,New York,Technology,Phones,52.99,1,0.5298999999999978,2017-10,0.009999999999999959,0.5298999999999978,52.99,-0.42608238156827455,-0.3167845544730637,0.15097485890200107,29,3,Baixas
397,2628,2017-11-13,Springfield,Ohio,Technology,Accessories,60.864,4,9.129599999999996,2017-11,0.14999999999999994,2.282399999999999,15.216,-0.2375627507288946,-0.2817563058854931,-0.33355566957414057,31,0,Medias
398,2642,2015-02-20,Hot Springs,Arkansas,Technology,Accessories,29.99,1,2.9989999999999988,2015-02,0.09999999999999996,2.9989999999999988,29.99,-0.3719556305763198,-0.419102273232795,-0.14404822986146743,2,0,Baixas
399,2644,2016-04-17,Raleigh,North Carolina,Technology,Phones,36.792,1,4.139099999999999,2016-04,0.11249999999999998,4.139099999999999,36.792,-0.3469627551132249,-0.3888429200587214,-0.05679835813237555,30,3,Baixas
400,2650,2014-09-07,Tulsa,Oklahoma,Technology,Phones,104.85,3,28.309500000000007,2014-09,0.2700000000000001,9.436500000000002,34.949999999999996,0.18289234276695132,-0.08608034165220875,-0.0804258594150847,32,3,Medias
401,2667,2016-10-01,Amarillo,Texas,Technology,Accessories,79.51200000000001,3,20.8719,2016-10,0.26249999999999996,6.9573,26.504000000000005,0.01984786373501138,-0.19879887895369003,-0.18876346844535652,39,0,Medias
402,2681,2017-01-21,Jackson,Michigan,Technology,Accessories,619.9499999999999,5,111.59099999999997,2017-01,0.17999999999999997,22.318199999999994,123.98999999999998,2.008560405112128,2.2053916989189903,1.0616983068240122,19,0,Altas
403,2683,2017-01-21,Jackson,Michigan,Technology,Machines,350.97300000000007,3,152.08829999999998,2017-01,0.4333333333333332,50.696099999999994,116.99100000000003,2.896328123287369,1.0088215667956761,0.9719214982042077,19,2,Altas
404,2684,2017-01-21,Jackson,Michigan,Technology,Phones,164.99,1,49.49699999999999,2017-01,0.29999999999999993,49.49699999999999,164.99,0.6473573448495078,0.18145824992214954,1.5876090302719346,19,3,Altas
405,2693,2016-08-28,Englewood,Colorado,Technology,Phones,108.576,3,8.1432,2016-08,0.07500000000000001,2.7144,36.192,-0.25918626827717695,-0.06950487121313229,-0.06449461262185735,4,3,Baixas
406,2697,2014-03-18,Jacksonville,Florida,Technology,Machines,821.3,4,-16.426000000000045,2014-03,-0.020000000000000056,-4.106500000000011,205.325,-0.7977837209812134,3.1011165977134203,2.1049897383273475,7,2,Baixas
407,2705,2017-07-11,New York City,New York,Technology,Accessories,132.60000000000002,6,17.238000000000007,2017-07,0.13000000000000003,2.873000000000001,22.100000000000005,-0.05981322752482579,0.03736821032964108,-0.24525397639815283,29,0,Medias
408,2714,2014-04-25,Wilmington,North Carolina,Technology,Phones,302.376,3,37.797,2014-04,0.125,12.598999999999998,100.79199999999999,0.3908740162658659,0.7926331242492991,0.7641354540790148,30,3,Altas
409,2716,2014-12-04,New York City,New York,Technology,Phones,129.98,2,62.3904,2014-12,0.48000000000000004,31.1952,64.99,0.9300019729486814,0.025712887583967194,0.3048999486916367,29,3,Altas
410,2717,2017-08-26,Columbus,Georgia,Technology,Accessories,71.98,2,15.1158,2017-08,0.21,7.5579,35.99,-0.10633535743253576,-0.23230570754926816,-0.06708568496664953,8,0,Medias
411,2718,2014-09-07,New York City,New York,Technology,Phones,377.97,3,109.6113,2014-09,0.29,36.5371,125.99000000000001,1.9651621106166557,1.1289203256372613,1.0873524884556185,29,3,Altas
412,2726,2017-11-07,Philadelphia,Pennsylvania,Technology,Phones,359.97,5,-71.99400000000003,2017-11,-0.20000000000000007,-14.398800000000005,71.994,-2.0159260801894026,1.0488455892166022,0.3947408927655208,34,3,Baixas
413,2729,2017-12-22,Toledo,Ohio,Technology,Phones,629.958,7,94.4937,2017-12,0.15000000000000002,13.4991,89.994,1.6337593441041716,2.249913252368877,0.6256285274499744,31,3,Altas
414,2733,2014-07-02,Plainfield,New Jersey,Technology,Phones,73.98,2,19.9746,2014-07,0.26999999999999996,9.9873,36.99,0.00017756538132742385,-0.22340851461363934,-0.05425859415084655,27,3,Medias
415,2736,2015-11-13,Newark,Delaware,Technology,Phones,377.97,3,94.4925,2015-11,0.25,31.497500000000002,125.99000000000001,1.6337330381217527,1.1289203256372613,1.0873524884556185,6,3,Altas
416,2739,2015-11-13,Newark,Delaware,Technology,Phones,89.98,2,43.1904,2015-11,0.4799999999999999,21.5952,44.99,0.5091062542473201,-0.1522309711286089,0.04835813237557726,6,3,Altas
417,2741,2017-04-16,Hoover,Alabama,Technology,Accessories,25.98,2,1.558799999999998,2017-04,0.05999999999999992,0.779399999999999,12.99,-0.40352719380932506,-0.4369411450687307,-0.362108773730118,0,0,Baixas
418,2745,2015-06-20,San Francisco,California,Technology,Phones,125.976,3,47.241,2015-06,0.375,15.747,41.992,0.5979020979020979,0.007900707326838364,0.009902514109799879,3,3,Altas
419,2746,2017-08-07,Jacksonville,North Carolina,Technology,Accessories,79.992,1,21.9978,2017-08,0.275,21.9978,79.992,0.04452945173948342,-0.19666355264913915,0.4973319651103131,30,0,Medias
420,2748,2015-11-22,Frisco,Texas,Technology,Accessories,27.168000000000003,4,-1.3583999999999987,2015-11,-0.04999999999999995,-0.3395999999999997,6.792000000000001,-0.46747703706951305,-0.4316562124649672,-0.44161108260646487,39,0,Baixas
421,2754,2015-04-17,San Francisco,California,Technology,Accessories,323.37,3,129.348,2015-04,0.4,43.11600000000001,107.79,2.397823179954841,0.8860269584945948,0.8538994356080043,3,0,Altas
422,2755,2015-04-17,San Francisco,California,Technology,Phones,783.9600000000002,5,68.59650000000002,2015-04,0.08750000000000001,13.719300000000004,156.79200000000003,1.0660499375232921,2.9350060056052314,1.482452539763982,3,3,Altas
423,2758,2016-06-11,New York City,New York,Technology,Accessories,239.97,3,71.99099999999999,2016-06,0.29999999999999993,23.996999999999996,79.99,1.140462985290571,0.5150140130788735,0.4973063109286814,29,0,Altas
424,2762,2017-10-12,San Francisco,California,Technology,Accessories,0.99,1,0.4356000000000001,2017-10,0.4400000000000001,0.4356000000000001,0.99,-0.4281495933533546,-0.5481115707994128,-0.5160338635197537,3,0,Baixas
425,2770,2015-04-02,Dallas,Texas,Technology,Accessories,50.120000000000005,7,-0.6265000000000072,2015-04,-0.012500000000000141,-0.08950000000000102,7.160000000000001,-0.45143257995922537,-0.32955202633569103,-0.43689071318624934,39,0,Baixas
426,2771,2015-04-02,Dallas,Texas,Technology,Accessories,47.976,3,1.7990999999999993,2015-04,0.037499999999999985,0.5996999999999998,15.991999999999999,-0.3982594208299533,-0.3390898171626851,-0.32360184710107753,39,0,Baixas
427,2780,2017-04-30,Pompano Beach,Florida,Technology,Accessories,2.3760000000000003,3,0.7424999999999999,2017-04,0.31249999999999994,0.24749999999999997,0.7920000000000001,-0.42142183834973757,-0.5419458160950219,-0.5185736275012827,7,0,Baixas
428,2783,2016-11-11,Detroit,Michigan,Technology,Phones,257.98,2,74.8142,2016-11,0.29,37.4071,128.99,1.202352193261284,0.595133235464211,1.1258337609030273,19,3,Altas
429,2784,2016-11-05,Philadelphia,Pennsylvania,Technology,Phones,23.988,2,-15.992,2016-11,-0.6666666666666667,-7.996,11.994,-0.7882697240064005,-0.44580274923261703,-0.3748845561826578,34,3,Baixas
430,2785,2016-10-09,Troy,Ohio,Technology,Phones,23.976,4,-15.584400000000002,2016-10,-0.6500000000000001,-3.8961000000000006,5.994,-0.7793344586448028,-0.4458561323902308,-0.45184710107747567,31,3,Baixas
431,2795,2014-04-12,Redondo Beach,California,Technology,Phones,438.36800000000005,4,38.357200000000006,2014-04,0.08750000000000001,9.589300000000001,109.59200000000001,0.40315452572505894,1.397606655100316,0.8770138532580813,3,3,Altas
432,2801,2016-10-25,Miami,Florida,Technology,Phones,783.9600000000002,5,78.39600000000004,2016-10,0.10000000000000003,15.679200000000009,156.79200000000003,1.2808711664511045,2.9350060056052314,1.482452539763982,7,3,Altas
433,2822,2016-12-31,Anaheim,California,Technology,Phones,302.376,3,22.67820000000001,2016-12,0.07500000000000004,7.559400000000004,100.79199999999999,0.05944494377096311,0.7926331242492991,0.7641354540790148,3,3,Medias
434,2833,2014-11-01,Portland,Oregon,Technology,Phones,155.976,3,54.5916,2014-11,0.35,18.1972,51.992,0.7590393932086723,0.14135860136127046,0.13817342226782964,33,3,Altas
435,2839,2016-06-09,Tallahassee,Florida,Technology,Machines,695.7,2,-27.82799999999997,2016-06,-0.03999999999999995,-13.913999999999985,347.85,-1.0477343972641764,2.5423728813559316,3.933170856849667,7,2,Baixas
436,2844,2017-05-18,Philadelphia,Pennsylvania,Technology,Accessories,36.048,3,-0.9012000000000012,2017-05,-0.025000000000000033,-0.3004000000000004,12.016,-0.457454457767937,-0.3921526758307753,-0.37460236018471016,34,0,Baixas
437,2859,2017-05-19,Atlanta,Georgia,Technology,Accessories,67.8,4,4.067999999999998,2017-05,0.05999999999999997,1.0169999999999995,16.95,-0.3485213845715409,-0.2509008407847324,-0.31131349409953823,8,0,Baixas
438,2860,2017-05-19,Atlanta,Georgia,Technology,Phones,377.97,3,98.2722,2017-05,0.25999999999999995,32.7574,125.99000000000001,1.7165903062454784,1.1289203256372613,1.0873524884556185,8,3,Altas
439,2880,2016-01-15,Westfield,New Jersey,Technology,Accessories,254.97,3,91.7892,2016-01,0.36,30.5964,84.99,1.5744722362277217,0.5817429600960895,0.5614417650076963,27,0,Altas
440,2896,2017-10-23,Rochester,New York,Technology,Phones,35.88,3,10.046400000000002,2017-10,0.28,3.3488000000000007,11.96,-0.2174649801609045,-0.3929000400373681,-0.3753206772703951,29,3,Medias
441,2898,2016-01-04,Charlotte,North Carolina,Technology,Copiers,959.968,4,119.99599999999992,2016-01,0.12499999999999993,29.99899999999998,239.992,2.192811890304051,3.7179945727123083,2.5496664956387893,30,1,Altas
442,2900,2015-09-12,New York City,New York,Technology,Copiers,479.984,2,59.99799999999996,2015-09,0.12499999999999993,29.99899999999998,239.992,0.8775566126663298,1.5827394457048798,2.5496664956387893,29,1,Altas
443,2915,2015-10-12,Noblesville,Indiana,Technology,Phones,135.72,3,35.2872,2015-10,0.26,11.7624,45.24,0.3358550540368724,0.05124783130922191,0.05156490507952801,11,3,Medias
444,2917,2015-10-12,Noblesville,Indiana,Technology,Phones,263.96,4,71.26920000000001,2015-10,0.2700000000000001,17.817300000000003,65.99,1.1246399368656423,0.621735842341741,0.3177270395074397,11,3,Altas
445,2934,2016-12-06,Seattle,Washington,Technology,Phones,156.79200000000003,1,13.719300000000004,2016-12,0.08750000000000001,13.719300000000004,156.79200000000003,-0.13694894447245498,0.14498865607900716,1.482452539763982,43,3,Medias
446,2935,2016-12-06,Seattle,Washington,Technology,Phones,431.97600000000006,3,26.9985,2016-12,0.06249999999999999,8.9995,143.99200000000002,0.15415305697437384,1.3691712264780462,1.3182657773217037,43,3,Medias
447,2950,2017-11-12,Glendale,Arizona,Technology,Accessories,41.6,4,12.999999999999998,2017-11,0.31249999999999994,3.2499999999999996,10.4,-0.15271718876734516,-0.3674540682414697,-0.39533093894304777,1,0,Medias
448,2954,2017-11-12,Glendale,Arizona,Technology,Phones,7.920000000000001,2,0.6929999999999998,2017-11,0.08749999999999997,0.3464999999999999,3.9600000000000004,-0.42250696012451444,-0.5172827972774589,-0.47793740379681887,1,3,Baixas
449,2955,2017-11-12,Glendale,Arizona,Technology,Phones,671.984,2,50.39880000000002,2017-11,0.07500000000000002,25.19940000000001,335.992,0.6671262906372629,2.4368699675252454,3.781067213955876,1,3,Altas
450,2956,2016-08-18,New York City,New York,Technology,Phones,39.99,1,11.597099999999998,2016-08,0.2899999999999999,11.597099999999998,39.99,-0.18347107438016497,-0.37461630855465095,-0.01577732170343762,29,3,Medias
451,2989,2016-02-21,Los Angeles,California,Technology,Accessories,12.99,1,0.779399999999999,2016-02,0.05999999999999992,0.779399999999999,12.99,-0.4206129293903584,-0.49472841318563987,-0.362108773730118,3,0,Baixas
452,2999,2014-06-21,Philadelphia,Pennsylvania,Technology,Accessories,95.968,4,28.79040000000001,2014-06,0.3000000000000001,7.197600000000002,23.992,0.1934344652212995,-0.12559277547933623,-0.22098512057465367,34,0,Medias
453,3019,2016-08-23,Pharr,Texas,Technology,Accessories,666.4,7,-33.319999999999965,2016-08,-0.04999999999999995,-4.759999999999995,95.2,-1.1681281101343781,2.412029004848969,0.6924063622370448,39,0,Baixas
454,3030,2016-03-24,Gresham,Oregon,Technology,Phones,403.168,4,25.198000000000008,2016-03,0.06250000000000001,6.299500000000002,100.792,0.11468312252011355,1.2410160594332487,0.764135454079015,33,3,Medias
455,3035,2015-06-11,Monroe,Louisiana,Technology,Accessories,53.7,6,10.202999999999994,2015-06,0.1899999999999999,1.700499999999999,8.950000000000001,-0.21403204945524668,-0.31362605098091545,-0.413930220625962,15,0,Medias
456,3050,2017-04-02,Columbus,Georgia,Technology,Accessories,360.0,4,129.6,2017-04,0.36,32.4,90.0,2.4033474362627962,1.0489790471106364,0.6257054899948692,8,0,Altas
457,3054,2016-04-09,Detroit,Michigan,Technology,Phones,517.9,2,134.654,2016-04,0.26,67.327,258.95,2.514139465550123,1.7514124293785307,2.7928424833247822,19,3,Altas
458,3061,2016-11-07,Newark,Ohio,Technology,Accessories,119.976,3,22.49549999999999,2016-11,0.18749999999999992,7.498499999999996,39.992,0.055439857947694994,-0.018790871480048058,-0.015751667521806074,31,0,Medias
459,3063,2015-11-27,Newark,Delaware,Technology,Phones,83.97,3,23.5116,2015-11,0.28,7.8372,27.99,0.07771444856084386,-0.1789670359001735,-0.16970241149307339,6,3,Medias
460,3064,2015-11-27,Newark,Delaware,Technology,Accessories,104.97,3,7.347900000000003,2015-11,0.07000000000000002,2.449300000000001,34.99,-0.2766205581252598,-0.085546510076071,-0.07991277578245251,6,0,Baixas
461,3066,2017-03-13,Albuquerque,New Mexico,Technology,Phones,140.736,8,49.2576,2017-03,0.35,6.1572,17.592,0.6421093013569502,0.07356199119177892,-0.30307850179579277,28,3,Altas
462,3067,2017-03-13,Albuquerque,New Mexico,Technology,Accessories,214.95,5,88.12950000000001,2017-03,0.41000000000000003,17.6259,42.989999999999995,1.4942455663458798,0.4037101294541571,0.02270395074397122,28,0,Altas
463,3081,2017-09-04,Apple Valley,California,Technology,Phones,43.176,3,15.1116,2017-09,0.35,5.0371999999999995,14.392000000000001,-0.10642742837100169,-0.36044308020819427,-0.3441251924063622,3,3,Medias
464,3083,2017-05-27,Louisville,Kentucky,Technology,Phones,539.97,3,134.9925,2017-05,0.25,44.9975,179.99,2.5215599447574366,1.8495929534231947,1.7800153925089792,14,3,Altas
465,3086,2017-02-09,Houston,Texas,Technology,Accessories,127.984,2,15.997999999999989,2017-02,0.12499999999999992,7.998999999999994,63.992,-0.08699607602428909,0.016833489034209666,0.2920985120574654,39,0,Medias
466,3092,2016-03-03,Newark,Delaware,Technology,Phones,479.95,5,129.5865,2016-03,0.27,25.9173,95.99,2.4030514939605845,1.5825881934249741,0.702539763981529,6,3,Altas
467,3113,2016-08-23,Seattle,Washington,Technology,Machines,837.5999999999999,3,62.82000000000005,2016-08,0.07500000000000007,20.940000000000015,279.2,0.9394195146546255,3.1736287201387947,3.0525910723447924,43,2,Altas
468,3120,2015-06-11,Lakeland,Florida,Technology,Phones,249.58400000000003,2,31.197999999999983,2015-06,0.12499999999999992,15.598999999999991,124.79200000000002,0.24621303461428837,0.5577828195204413,1.0719856336582867,7,3,Medias
469,3127,2017-09-08,Philadelphia,Pennsylvania,Technology,Phones,258.528,2,-47.39680000000001,2017-09,-0.18333333333333338,-23.698400000000007,129.264,-1.4767148212289272,0.5975710663285734,1.1293483837865574,34,3,Baixas
470,3131,2014-12-16,Los Angeles,California,Technology,Accessories,395.0,5,39.49999999999996,2014-12,0.0999999999999999,7.8999999999999915,79.0,0.42820658964859515,1.2046799234841405,0.4846074910210365,3,0,Altas
471,3132,2014-12-16,Los Angeles,California,Technology,Phones,627.1680000000001,4,70.55639999999994,2014-12,0.11249999999999988,17.639099999999985,156.79200000000003,1.1090141833088527,2.2375016682236755,1.482452539763982,3,3,Altas
472,3137,2017-11-12,Dallas,Texas,Technology,Phones,67.992,1,8.498999999999992,2017-11,0.12499999999999988,8.498999999999992,67.992,-0.25138654448999254,-0.250046710262912,0.3434068753206774,39,3,Baixas
473,3139,2017-11-12,Dallas,Texas,Technology,Accessories,44.784,2,-0.5598000000000045,2017-11,-0.012500000000000101,-0.27990000000000226,22.392,-0.4499704057697784,-0.35328973708794864,-0.24150846587993843,39,0,Baixas
474,3143,2017-09-25,Cincinnati,Ohio,Technology,Accessories,119.96,5,35.98800000000001,2017-09,0.30000000000000004,7.197600000000001,23.991999999999997,0.35121774776947223,-0.018862049023533112,-0.2209851205746537,31,0,Medias
475,3147,2017-02-11,Seattle,Washington,Technology,Phones,88.77600000000001,3,7.767900000000001,2017-02,0.0875,2.5893,29.592000000000002,-0.2674134642786676,-0.1575870812758574,-0.14915341200615698,43,3,Baixas
476,3153,2015-12-15,Newark,Ohio,Technology,Phones,101.988,2,-16.99800000000002,2015-12,-0.16666666666666685,-8.49900000000001,50.994,-0.8103229059341909,-0.09881222474309355,0.1253719856336583,31,3,Baixas
477,3158,2015-08-24,New York City,New York,Technology,Accessories,26.0,2,11.7,2015-08,0.44999999999999996,5.85,13.0,-0.1812153363877498,-0.43685217313937447,-0.36198050282196,29,0,Medias
478,3160,2016-03-26,Jacksonville,North Carolina,Technology,Accessories,119.976,3,-17.99640000000002,2016-03,-0.15000000000000016,-5.998800000000006,39.992,-0.8322094833066618,-0.018790871480048058,-0.015751667521806074,30,0,Baixas
479,3166,2014-09-21,San Francisco,California,Technology,Phones,239.98400000000004,2,23.998400000000004,2014-09,0.1,11.999200000000002,119.99200000000002,0.08838590876208467,0.5150762934294231,1.0104155977424323,3,3,Medias
480,3177,2017-09-23,Fort Collins,Colorado,Technology,Accessories,47.984,2,0.5997999999999966,2017-09,0.012499999999999928,0.2998999999999983,23.992,-0.4245500580923774,-0.3390542283909426,-0.22098512057465367,4,0,Baixas
481,3188,2017-03-12,Lowell,Massachusetts,Technology,Phones,69.93,7,32.1678,2017-03,0.45999999999999996,4.5954,9.99,0.26747265273911064,-0.24142533030828767,-0.4005900461775269,18,3,Medias
482,3192,2017-10-02,New York City,New York,Technology,Phones,65.99,1,17.157400000000003,2017-10,0.26000000000000006,17.157400000000003,65.99,-0.061580112677290966,-0.25895280039147645,0.3177270395074397,29,3,Medias
483,3197,2017-07-22,New York City,New York,Technology,Phones,29.97,3,14.0859,2017-07,0.47000000000000003,4.6953000000000005,9.99,-0.12891246684350094,-0.4191912451621513,-0.4005900461775269,29,3,Medias
484,3199,2014-12-01,Jacksonville,North Carolina,Technology,Phones,95.968,4,9.596800000000004,2014-12,0.10000000000000003,2.399200000000001,23.992,-0.2273209549071613,-0.12559277547933623,-0.22098512057465367,30,3,Medias
485,3203,2014-11-10,San Diego,California,Technology,Phones,601.536,8,60.15360000000001,2014-11,0.10000000000000003,7.519200000000001,75.192,0.8809676217199731,2.123475243560656,0.43576192919445866,3,3,Altas
486,3204,2014-11-10,San Diego,California,Technology,Accessories,10.99,1,4.2861,2014-11,0.39,4.2861,10.99,-0.34374027226691756,-0.5036256061212687,-0.38776295536172395,3,0,Baixas
487,3209,2016-01-09,Fresno,California,Technology,Accessories,349.95,5,118.983,2016-01,0.34,23.7966,69.99,2.170605256812153,1.0042706526091016,0.3690354027706516,3,0,Altas
488,3210,2016-01-09,Fresno,California,Technology,Phones,377.92800000000005,9,141.723,2016-01,0.375,15.747000000000002,41.992000000000004,2.669103623649078,1.1287334845856132,0.009902514109799969,3,3,Altas
489,3217,2014-05-13,Oakland,California,Technology,Accessories,149.97,3,52.48949999999999,2014-05,0.35,17.496499999999997,49.99,0.7129578885064778,0.11464033097557716,0.11249358645459215,3,0,Altas
490,3219,2017-11-10,New York City,New York,Technology,Phones,430.88,2,124.9552,2017-11,0.29000000000000004,62.4776,215.44,2.301525746980292,1.3642955647493213,2.2347357619291945,29,3,Altas
491,3222,2015-10-02,Lakewood,New Jersey,Technology,Accessories,90.0,1,32.4,2015-10,0.36,32.4,90.0,0.27256286033715516,-0.15214199919925261,0.6257054899948692,27,0,Medias
492,3225,2014-10-02,Tempe,Arizona,Technology,Phones,318.40000000000003,2,107.46,2014-10,0.33749999999999997,53.73,159.20000000000002,1.918002060635289,0.8639174340495573,1.5133401744484354,1,3,Altas
493,3228,2014-10-02,Tempe,Arizona,Technology,Phones,230.376,3,20.15789999999999,2014-10,0.08749999999999995,6.719299999999997,76.792,0.004195804195804306,0.4723341785666621,0.45628527449974354,1,3,Medias
494,3229,2014-10-02,Tempe,Arizona,Technology,Accessories,7.16,1,-0.089500000000001,2014-10,-0.01250000000000014,-0.089500000000001,7.16,-0.43966065282679656,-0.5206637305929979,-0.43689071318624945,1,0,Baixas
495,3240,2016-11-20,Houston,Texas,Technology,Phones,122.92,7,46.095000000000006,2016-11,0.37500000000000006,6.585000000000001,17.56,0.5727798846921106,-0.005694203478802441,-0.30348896870189845,39,3,Altas
496,3244,2017-12-01,Grand Prairie,Texas,Technology,Phones,219.80000000000004,5,24.72749999999997,2017-12,0.11249999999999985,4.945499999999994,43.96000000000001,0.10436898524672782,0.42528582232305717,0.035146228835300275,39,3,Medias
497,3246,2017-12-10,Seattle,Washington,Technology,Accessories,49.08,3,4.907999999999998,2017-12,0.09999999999999995,1.6359999999999992,16.36,-0.3301071968783564,-0.334178566662218,-0.318881477680862,43,0,Baixas
498,3250,2016-09-17,Seattle,Washington,Technology,Phones,105.584,2,7.918800000000004,2016-09,0.07500000000000004,3.959400000000002,52.792,-0.264105486989499,-0.08281507184483293,0.14843509492047208,43,3,Baixas
499,3254,2017-10-27,Chicago,Illinois,Technology,Phones,27.184,2,2.0387999999999984,2017-10,0.07499999999999994,1.0193999999999992,13.592,-0.393004800841791,-0.4315850349214822,-0.35438686505900463,10,3,Baixas
500,3255,2016-07-08,Seattle,Washington,Technology,Phones,107.984,1,9.448599999999995,2016-07,0.08749999999999997,9.448599999999995,107.984,-0.23056974373588762,-0.0721384403220784,0.8563878912262699,43,3,Medias
501,3262,2014-11-17,San Francisco,California,Technology,Accessories,99.98,2,7.998399999999989,2014-11,0.07999999999999988,3.9991999999999943,49.99,-0.2623605234890499,-0.10774500645046485,0.11249358645459215,3,0,Baixas
502,3268,2014-05-22,Decatur,Alabama,Technology,Phones,135.98,2,33.995000000000005,2014-05,0.25000000000000006,16.997500000000002,67.99,0.30752789530219027,0.05240446639085362,0.3433812211390456,0,3,Medias
503,3269,2014-05-22,Decatur,Alabama,Technology,Phones,44.95,1,12.586,2014-05,0.27999999999999997,12.586,44.95,-0.16179275270184323,-0.3525512700742915,0.04784504874294516,0,3,Medias
504,3270,2014-07-15,Sioux Falls,South Dakota,Technology,Accessories,2.97,3,1.3068000000000004,2014-07,0.4400000000000001,0.43560000000000015,0.9900000000000001,-0.4090514501172804,-0.5393033497931402,-0.5160338635197537,37,0,Baixas
505,3272,2015-12-27,Visalia,California,Technology,Accessories,7.92,8,3.484800000000001,2015-12,0.4400000000000001,0.4356000000000001,0.99,-0.3613060920270947,-0.5172827972774589,-0.5160338635197537,3,0,Baixas
506,3278,2014-04-05,Alexandria,Virginia,Technology,Phones,28.99,1,8.407099999999996,2014-04,0.28999999999999987,8.407099999999996,28.99,-0.25340114431023486,-0.4235508697006094,-0.15687532067727042,42,3,Baixas
507,3282,2014-09-17,Raleigh,North Carolina,Technology,Accessories,47.984,2,13.1956,2014-09,0.275,6.5978,23.992,-0.148429313633075,-0.3390542283909426,-0.22098512057465367,30,0,Medias
508,3288,2015-12-13,Temecula,California,Technology,Phones,494.3760000000001,3,49.437599999999975,2015-12,0.09999999999999994,16.47919999999999,164.79200000000003,0.646055198719775,1.646763646069665,1.5850692662904058,3,3,Altas
509,3290,2015-12-13,Temecula,California,Technology,Accessories,248.85,5,27.3735,2015-12,0.11,5.4747,49.769999999999996,0.1623736764802598,0.5545175497130653,0.10967162647511541,3,0,Medias
510,3291,2015-12-13,Temecula,California,Technology,Accessories,36.24,1,15.2208,2015-12,0.42,15.2208,36.24,-0.10403358397088767,-0.39129854530895497,-0.06387891226269879,3,0,Medias
511,3306,2014-12-30,Laredo,Texas,Technology,Phones,217.58400000000003,2,19.03860000000001,2014-12,0.08750000000000004,9.519300000000005,108.79200000000002,-0.020341100905363698,0.4154277325503804,0.866752180605439,39,3,Medias
512,3307,2014-12-30,Laredo,Texas,Technology,Phones,328.77600000000007,3,28.7679,2014-12,0.08749999999999998,9.5893,109.59200000000003,0.19294122805094618,0.9100760709995998,0.8770138532580815,39,3,Medias
513,3309,2014-12-30,Laredo,Texas,Technology,Accessories,47.984,2,14.395200000000004,2014-12,0.3000000000000001,7.197600000000002,23.992,-0.12213209987504613,-0.3390542283909426,-0.22098512057465367,39,0,Medias
514,3330,2014-11-11,Houston,Texas,Technology,Phones,148.48,2,16.703999999999986,2014-11,0.11249999999999992,8.351999999999993,74.24,-0.07151938970120784,0.10801192223853366,0.42355053873781423,39,3,Medias
515,3331,2014-11-11,Houston,Texas,Technology,Phones,241.176,3,15.07350000000001,2014-11,0.06250000000000004,5.024500000000003,80.392,-0.10726264331279947,0.5203790204190576,0.5024628014366341,39,3,Medias
516,3332,2017-12-14,Chicago,Illinois,Technology,Accessories,227.976,3,28.49699999999996,2017-12,0.12499999999999983,9.498999999999986,75.992,0.1870026525198933,0.46165754704390755,0.44602360184710116,10,0,Medias
517,3333,2017-12-14,Chicago,Illinois,Technology,Phones,52.67999999999999,3,19.755,2017-12,0.37500000000000006,6.585,17.56,-0.00463642940131939,-0.3181636193780862,-0.30348896870189845,10,3,Medias
518,3336,2017-08-21,Oakland,California,Technology,Phones,431.9680000000001,4,37.797199999999975,2017-08,0.08749999999999993,9.449299999999994,107.99200000000002,0.39087840059626855,1.3691356377063038,0.8564905079527966,3,3,Altas
519,3344,2016-08-27,Quincy,Massachusetts,Technology,Phones,59.97,3,28.785599999999995,2016-08,0.4799999999999999,9.595199999999998,19.99,0.19332924129162388,-0.28573335112771914,-0.2723191380194972,18,3,Medias
520,3351,2016-12-26,New York City,New York,Technology,Accessories,89.97,3,18.893699999999995,2016-12,0.20999999999999996,6.2978999999999985,29.99,-0.02351754828243834,-0.15227545709328705,-0.14404822986146743,29,0,Medias
521,3353,2014-09-23,San Diego,California,Technology,Phones,83.98400000000001,2,31.494,2014-09,0.37499999999999994,15.747,41.992000000000004,0.25270184361093473,-0.17890475554962404,0.009902514109799969,3,3,Medias
522,3354,2014-07-19,Bristol,Connecticut,Technology,Phones,359.98,2,93.59480000000002,2014-07,0.26000000000000006,46.79740000000001,179.99,1.6140539711072628,1.0488900751812802,1.7800153925089792,5,3,Altas
523,3360,2016-05-06,Chicago,Illinois,Technology,Accessories,26.176,2,-3.272000000000002,2016-05,-0.12500000000000008,-1.636000000000001,13.088,-0.5094263103667488,-0.4360692201610391,-0.3608517188301693,10,0,Baixas
524,3376,2015-12-04,Hempstead,New York,Technology,Phones,39.96,4,10.389600000000002,2015-12,0.26,2.5974000000000004,9.99,-0.20994146918911766,-0.3747497664486854,-0.4005900461775269,29,3,Medias
525,3388,2017-10-07,Charlotte,North Carolina,Technology,Phones,222.384,2,16.678799999999995,2017-10,0.07499999999999998,8.339399999999998,111.192,-0.07207181533200317,0.43678099559588934,0.8975371985633658,30,3,Medias
526,3393,2014-08-09,Seattle,Washington,Technology,Phones,219.168,2,-43.83360000000002,2014-08,-0.20000000000000007,-21.91680000000001,109.584,-1.3986035907665997,0.4224743093553983,0.8769112365315548,43,3,Baixas
527,3399,2014-11-21,Richmond,Kentucky,Technology,Phones,36.99,1,9.9873,2014-11,0.26999999999999996,9.9873,36.99,-0.21876054979503218,-0.38796209795809417,-0.05425859415084655,14,3,Medias
528,3423,2016-05-28,Los Angeles,California,Technology,Accessories,131.6,7,7.896000000000001,2016-05,0.06000000000000001,1.1280000000000001,18.8,-0.26460530065545695,0.03291961386182655,-0.2875833760903027,3,0,Baixas
529,3425,2016-05-28,Los Angeles,California,Technology,Machines,558.4,2,41.88000000000002,2016-05,0.07500000000000004,20.94000000000001,279.2,0.48038012144595266,1.931580586325014,3.0525910723447924,3,2,Altas
530,3453,2014-03-16,Raleigh,North Carolina,Technology,Phones,471.92,2,29.49500000000002,2014-03,0.06250000000000004,14.74750000000001,235.96,0.20888046123155904,1.5468659637884246,2.497947665469472,30,3,Medias
531,3457,2017-09-16,Philadelphia,Pennsylvania,Technology,Accessories,71.976,3,19.793400000000005,2017-09,0.2750000000000001,6.597800000000002,23.992,-0.003794637963916527,-0.23232350193513943,-0.22098512057465367,34,0,Medias
532,3461,2017-09-16,Philadelphia,Pennsylvania,Technology,Accessories,47.984,2,14.395200000000004,2017-09,0.3000000000000001,7.197600000000002,23.992,-0.12213209987504613,-0.3390542283909426,-0.22098512057465367,34,0,Medias
533,3462,2017-11-05,Dallas,Texas,Technology,Phones,492.768,4,55.436399999999935,2017-11,0.11249999999999988,13.859099999999984,123.192,0.7775588048315307,1.6396103029494191,1.0514622883530016,39,3,Altas
534,3465,2017-12-03,Jacksonville,Florida,Technology,Accessories,47.992,1,7.198799999999995,2017-12,0.1499999999999999,7.198799999999995,47.992,-0.27988907644080024,-0.33901863961920004,0.08686505900461775,7,0,Baixas
535,3473,2017-11-12,Columbus,Ohio,Technology,Accessories,18.544,2,3.013399999999998,2017-11,0.1624999999999999,1.506699999999999,9.272,-0.37163995878729383,-0.47002090840339866,-0.4097998973832735,31,0,Baixas
536,3475,2017-03-03,Dearborn Heights,Michigan,Technology,Accessories,99.98,2,42.991400000000006,2017-03,0.43000000000000005,21.495700000000003,49.99,0.5047438454961968,-0.10774500645046485,0.11249358645459215,19,0,Altas
537,3476,2016-11-27,Overland Park,Kansas,Technology,Accessories,34.95,5,15.378000000000004,2016-11,0.44000000000000006,3.0756000000000006,6.99,-0.10058750027402022,-0.3970372347524355,-0.43907131862493587,13,0,Medias
538,3478,2014-08-31,Santa Fe,New Mexico,Technology,Accessories,92.52,9,18.50399999999999,2014-08,0.1999999999999999,2.055999999999999,10.28,-0.032060416072955136,-0.14093153610036033,-0.3968701898409441,28,0,Medias
539,3483,2014-08-27,Springfield,Virginia,Technology,Phones,579.9499999999999,5,168.18549999999993,2014-08,0.2899999999999999,33.63709999999999,115.98999999999998,3.2492053401144285,2.027447840206414,0.9590815802975884,42,3,Altas
540,3487,2016-11-30,Hickory,North Carolina,Technology,Phones,36.192,1,2.7143999999999995,2016-11,0.07499999999999998,2.7143999999999995,36.192,-0.37819453273998677,-0.39151207793941006,-0.06449461262185735,30,3,Baixas
541,3494,2017-09-24,Saint Cloud,Minnesota,Technology,Accessories,72.0,4,12.959999999999994,2017-09,0.1799999999999999,3.2399999999999984,18.0,-0.15359405484797312,-0.23221673561991188,-0.2978450487429451,20,0,Medias
542,3500,2016-09-29,Mobile,Alabama,Technology,Accessories,209.97,3,71.3898,2016-09,0.33999999999999997,23.796599999999998,69.99,1.127283688098735,0.38155611904444137,0.3690354027706516,0,0,Altas
543,3504,2017-04-10,Austin,Texas,Technology,Accessories,95.736,3,20.3439,2017-04,0.2125,6.781300000000001,31.912000000000003,0.008273231470723974,-0.1266248498598692,-0.11939456131349406,39,0,Medias
544,3506,2014-06-20,Plano,Texas,Technology,Phones,201.584,2,20.15840000000001,2014-06,0.10000000000000005,10.079200000000005,100.792,0.004206765021812596,0.3442501890653498,0.764135454079015,39,3,Medias
545,3511,2014-06-20,Plano,Texas,Technology,Machines,418.8,2,-97.71999999999996,2014-06,-0.23333333333333323,-48.85999999999998,209.4,-2.5798824999451933,1.3105565194181235,2.1572601334017447,39,2,Baixas
546,3516,2016-12-20,Jackson,Mississippi,Technology,Accessories,66.30000000000001,3,8.619000000000003,2016-12,0.13000000000000003,2.873000000000001,22.100000000000005,-0.24875594624810876,-0.2575737354864539,-0.24525397639815283,21,0,Baixas
547,3518,2016-08-09,Fayetteville,North Carolina,Technology,Phones,44.784,2,4.478399999999999,2016-08,0.09999999999999998,2.2391999999999994,22.392,-0.33952473858429927,-0.35328973708794864,-0.24150846587993843,30,3,Baixas
548,3523,2016-11-21,Des Moines,Iowa,Technology,Phones,404.94,3,109.33379999999998,2016-11,0.26999999999999996,36.444599999999994,134.98,1.9590788521822997,1.2488989723742157,1.202668034889687,12,3,Altas
549,3524,2016-09-05,San Diego,California,Technology,Accessories,116.0,8,29.0,2016-09,0.25,3.625,14.5,0.19802924348378917,-0.03647849103607812,-0.3427398665982555,3,0,Medias
550,3525,2016-11-24,Dallas,Texas,Technology,Phones,657.5520000000001,6,49.31639999999999,2016-11,0.07499999999999997,8.219399999999998,109.59200000000003,0.6433982944954729,2.372667823301748,0.8770138532580815,39,3,Altas
551,3527,2017-12-10,Jackson,Mississippi,Technology,Phones,38.97,3,0.7794000000000008,2017-12,0.02000000000000002,0.25980000000000025,12.99,-0.4206129293903584,-0.3791538769518216,-0.362108773730118,21,3,Baixas
552,3529,2016-06-24,San Diego,California,Technology,Phones,38.24,4,-9.56,2016-06,-0.25,-2.39,9.56,-0.6472696582414444,-0.3824013523733262,-0.4061056952283222,3,3,Baixas
553,3530,2015-09-17,Orlando,Florida,Technology,Accessories,87.168,3,10.895999999999988,2015-09,0.12499999999999986,3.631999999999996,29.056,-0.19884034460836955,-0.16474042439610298,-0.15602873268342737,7,0,Medias
554,3533,2014-04-18,Los Angeles,California,Technology,Machines,287.968,4,97.1892,2014-04,0.33749999999999997,24.2973,71.992,1.6928491571124797,0.7285377463410294,0.3947152385838893,3,2,Altas
555,3553,2016-03-29,Chicago,Illinois,Technology,Phones,812.736,8,60.95519999999996,2016-03,0.07499999999999996,7.619399999999995,101.592,0.8985400179757539,3.063018817563058,0.7743971267316573,10,3,Altas
556,3556,2014-03-23,Los Angeles,California,Technology,Phones,604.752,6,37.797000000000025,2014-03,0.06250000000000004,6.2995000000000045,100.79199999999999,0.3908740162658665,2.137781929801147,0.7641354540790148,3,3,Altas
557,3560,2017-11-07,San Francisco,California,Technology,Accessories,439.8,4,145.134,2017-11,0.32999999999999996,36.2835,109.95,2.7438783786746157,1.4039770452422258,0.8816059517701387,3,0,Altas
558,3569,2017-07-03,Seattle,Washington,Technology,Accessories,59.98,2,26.391200000000005,2017-07,0.4400000000000001,13.195600000000002,29.99,0.14084003770524184,-0.285688865163041,-0.14404822986146743,43,0,Medias
559,3572,2017-07-03,Seattle,Washington,Technology,Phones,7.992000000000001,1,2.6973,2017-07,0.3374999999999999,2.6973,7.992000000000001,-0.37856939298945524,-0.5169624983317762,-0.42621857362750126,43,3,Baixas
560,3598,2014-09-09,Philadelphia,Pennsylvania,Technology,Accessories,64.70400000000001,6,-4.852800000000002,2014-09,-0.07500000000000002,-0.8088000000000003,10.784,-0.5440800578731608,-0.26467369544908576,-0.3904053360697794,34,0,Baixas
561,3600,2014-09-09,Philadelphia,Pennsylvania,Technology,Phones,135.516,1,-31.620400000000004,2014-09,-0.23333333333333336,-31.620400000000004,135.516,-1.1308700703685022,0.05034031762978774,1.2095433555669575,34,3,Baixas
562,3601,2017-06-26,Denver,Colorado,Technology,Accessories,431.92800000000005,9,64.78919999999995,2017-06,0.14999999999999986,7.198799999999995,47.992000000000004,0.9825876318039317,1.3689576938475911,0.08686505900461783,4,0,Altas
563,3612,2016-11-29,Dallas,Texas,Technology,Accessories,58.416,2,16.794600000000003,2016-11,0.28750000000000003,8.397300000000001,29.208,-0.06953328802858544,-0.29264647003870276,-0.15407901487942535,39,0,Medias
564,3614,2015-12-03,Philadelphia,Pennsylvania,Technology,Accessories,36.784,2,10.5754,2015-12,0.28750000000000003,5.2877,18.392,-0.2058684262446014,-0.3888785088304639,-0.2928168291431503,34,0,Medias
565,3619,2017-09-04,Los Angeles,California,Technology,Phones,5.5600000000000005,1,1.7374999999999998,2017-09,0.31249999999999994,1.7374999999999998,5.5600000000000005,-0.3996097945941201,-0.5277814849415008,-0.4574140584915341,3,3,Baixas
566,3622,2016-09-22,Smyrna,Tennessee,Technology,Phones,63.93600000000001,8,5.5944,2016-09,0.0875,0.6993,7.992000000000001,-0.3150601749347826,-0.2680902175363672,-0.42621857362750126,38,3,Baixas
567,3628,2017-05-19,San Francisco,California,Technology,Accessories,36.32,1,10.895999999999995,2017-05,0.2999999999999999,10.895999999999995,36.32,-0.19884034460836938,-0.39094265759152974,-0.06285274499743457,3,0,Medias
568,3635,2016-11-10,Springfield,Ohio,Technology,Phones,41.958,7,-9.7902,2016-11,-0.23333333333333336,-1.3986,5.994,-0.6523160225354577,-0.3658614707059922,-0.45184710107747567,31,3,Baixas
569,3641,2016-11-10,Springfield,Ohio,Technology,Accessories,178.92000000000002,7,-29.074500000000008,2016-11,-0.16250000000000003,-4.153500000000001,25.560000000000002,-1.0750597365017422,0.24342719871880422,-0.20087224217547459,31,0,Baixas
570,3651,2017-12-09,Detroit,Michigan,Technology,Accessories,104.88,6,41.952000000000005,2017-12,0.4000000000000001,6.992000000000001,17.48,0.4819584803910825,-0.08594688375817432,-0.3045151359671627,19,0,Altas
571,3657,2017-09-08,Dublin,Ohio,Technology,Accessories,9.096,1,1.7054999999999998,2017-09,0.18749999999999997,1.7054999999999998,9.096,-0.4003112874586224,-0.5120512478313091,-0.4120574653668548,31,0,Baixas
572,3662,2016-06-13,Jackson,Michigan,Technology,Phones,377.97,3,94.4925,2016-06,0.25,31.497500000000002,125.99000000000001,1.6337330381217527,1.1289203256372613,1.0873524884556185,19,3,Altas
573,3667,2014-12-08,Salem,Oregon,Technology,Phones,52.67999999999999,3,19.755,2014-12,0.37500000000000006,6.585,17.56,-0.00463642940131939,-0.3181636193780862,-0.30348896870189845,33,3,Medias
574,3691,2015-10-30,Denver,Colorado,Technology,Machines,59.99400000000001,2,-45.9954,2015-10,-0.7666666666666665,-22.9977,29.997000000000003,-1.4459938180941307,-0.28562658481249154,-0.14395844022575674,4,2,Baixas
575,3692,2015-10-30,Denver,Colorado,Technology,Copiers,439.992,1,164.997,2015-10,0.375,164.997,439.992,3.179308152662384,1.4048311757640464,5.115084658799385,4,1,Altas
576,3693,2015-10-30,Denver,Colorado,Technology,Phones,87.96,5,30.786,2015-10,0.35000000000000003,6.1572000000000005,17.592,0.23718131398382206,-0.16121713599359402,-0.30307850179579277,4,3,Medias
577,3700,2017-11-13,Yonkers,New York,Technology,Accessories,163.96,4,70.50280000000001,2017-11,0.43000000000000005,17.625700000000002,40.99,1.107839182760813,0.1768761955603007,-0.0029502308876346445,29,0,Altas
578,3710,2014-11-23,Mesquite,Texas,Technology,Accessories,5.5440000000000005,7,1.663200000000001,2014-11,0.30000000000000016,0.23760000000000012,0.792,-0.40123857333888635,-0.5278526624849859,-0.5185736275012827,39,0,Baixas
579,3713,2017-04-21,Seattle,Washington,Technology,Accessories,11.54,1,3.462,2017-04,0.30000000000000004,3.462,11.54,-0.3618059056930526,-0.5011788780639707,-0.3807080554130324,43,0,Baixas
580,3719,2016-09-19,Columbus,Georgia,Technology,Accessories,249.95,5,107.4785,2016-09,0.43,21.4957,49.989999999999995,1.9184076111975794,0.5594110058276612,0.11249358645459205,8,0,Altas
581,3732,2015-09-18,Clinton,Maryland,Technology,Phones,499.99,1,129.99740000000003,2015-09,0.26000000000000006,129.99740000000003,499.99,2.4120591007738343,1.6717380666399748,5.8846844535659315,17,3,Altas
582,3737,2016-03-17,Newark,Delaware,Technology,Phones,129.98,2,62.3904,2016-03,0.48000000000000004,31.1952,64.99,0.9300019729486814,0.025712887583967194,0.3048999486916367,6,3,Altas
583,3739,2016-12-09,Jackson,Michigan,Technology,Phones,10.9,1,3.0520000000000005,2016-12,0.28,3.0520000000000005,10.9,-0.3707937830194879,-0.5040259798033719,-0.38891739353514626,19,3,Baixas
584,3740,2016-12-09,Jackson,Michigan,Technology,Accessories,59.98,2,25.1916,2016-12,0.42000000000000004,12.5958,29.99,0.11454282394721295,-0.285688865163041,-0.14404822986146743,19,0,Medias
585,3768,2015-12-08,Houston,Texas,Technology,Phones,119.96,5,11.996000000000002,2015-12,0.10000000000000002,2.3992000000000004,23.991999999999997,-0.17472652739110375,-0.018862049023533112,-0.2209851205746537,39,3,Medias
586,3773,2014-08-06,Columbia,South Carolina,Technology,Accessories,62.91,3,22.6476,2014-08,0.36000000000000004,7.5492,20.97,0.05877414121928259,-0.27265447751234484,-0.2597485890200103,36,0,Medias
587,3775,2014-04-11,Miami,Florida,Technology,Accessories,383.97600000000006,3,81.59490000000001,2014-04,0.2125,27.198300000000003,127.99200000000002,1.3509963390841135,1.1556385960229547,1.1130323242688562,7,0,Altas
588,3777,2014-04-11,Miami,Florida,Technology,Accessories,335.944,7,41.993,2014-04,0.125,5.9990000000000006,47.992000000000004,0.482857268123726,0.9419636104808932,0.08686505900461783,7,0,Altas
589,3779,2017-11-30,Miami,Florida,Technology,Phones,71.976,3,8.99699999999999,2017-11,0.12499999999999985,2.9989999999999966,23.992,-0.24046956178617604,-0.23232350193513943,-0.22098512057465367,7,3,Baixas
590,3781,2014-11-16,Manhattan,Kansas,Technology,Phones,273.96,2,10.958399999999983,2014-11,0.039999999999999945,5.479199999999992,136.98,-0.19747243352259022,0.6662218070198851,1.228322216521293,13,3,Medias
591,3782,2015-07-09,Philadelphia,Pennsylvania,Technology,Phones,269.982,3,40.4973,2015-07,0.15,13.4991,89.99400000000001,0.45006905320384966,0.6485252902709195,0.6256285274499745,34,3,Altas
592,3785,2017-07-31,Fort Lauderdale,Florida,Technology,Accessories,41.42400000000001,2,8.284799999999997,2017-07,0.1999999999999999,4.1423999999999985,20.712000000000003,-0.25608216235175446,-0.36823702121980506,-0.2630579784504874,7,0,Baixas
593,3802,2016-10-14,Jacksonville,North Carolina,Technology,Accessories,22.704,1,5.9598,2016-10,0.2625,5.9598,22.704,-0.30705000328824733,-0.4515147470972907,-0.23750641354540789,30,0,Baixas
594,3811,2015-11-12,Plantation,Florida,Technology,Phones,100.792,1,10.079200000000007,2015-11,0.10000000000000007,10.079200000000007,100.792,-0.21674594997478955,-0.10413274611859956,0.764135454079015,7,3,Medias
595,3815,2016-07-08,Jacksonville,Florida,Technology,Phones,823.9600000000002,5,51.49749999999997,2016-07,0.06249999999999995,10.299499999999993,164.79200000000003,0.6912116097069068,3.1129498643178075,1.5850692662904058,7,3,Altas
596,3818,2015-09-15,Mobile,Alabama,Technology,Phones,59.97,3,0.0,2015-09,0.0,0.0,19.99,-0.43769866497139176,-0.28573335112771914,-0.2723191380194972,0,3,Baixas
597,3838,2014-07-26,North Las Vegas,Nevada,Technology,Phones,911.984,2,113.9979999999999,2014-07,0.12499999999999989,56.99899999999995,455.992,2.0613258215139068,3.504533119800702,5.320318111852233,25,3,Altas
598,3841,2014-07-26,North Las Vegas,Nevada,Technology,Accessories,170.97,3,70.0977,2014-07,0.41000000000000003,23.3659,56.99,1.0989587215292544,0.20806085679967964,0.202283222165213,25,0,Altas
599,3850,2017-09-22,Fayetteville,Arkansas,Technology,Accessories,34.95,5,15.378000000000004,2017-09,0.44000000000000006,3.0756000000000006,6.99,-0.10058750027402022,-0.3970372347524355,-0.43907131862493587,2,0,Medias
600,3857,2017-10-23,San Antonio,Texas,Technology,Phones,823.9600000000002,5,51.49749999999997,2017-10,0.06249999999999995,10.299499999999993,164.79200000000003,0.6912116097069068,3.1129498643178075,1.5850692662904058,39,3,Altas
601,3859,2014-12-20,Thornton,Colorado,Technology,Accessories,447.944,7,89.58879999999999,2014-12,0.19999999999999998,12.798399999999999,63.992000000000004,1.5262358331323844,1.4402064148761065,0.29209851205746545,4,0,Altas
602,3861,2017-02-17,Chicago,Illinois,Technology,Phones,124.79200000000002,1,10.919299999999996,2017-02,0.08749999999999995,10.919299999999996,124.79200000000002,-0.19832957011640365,0.0026335691089461846,1.0719856336582867,10,3,Medias
603,3866,2014-07-27,San Francisco,California,Technology,Accessories,238.0,2,38.08000000000001,2014-07,0.16000000000000006,19.040000000000006,119.0,0.39707784378630817,0.5062502780372791,0.9976911236531556,3,0,Altas
604,3867,2017-04-23,Lawrence,Indiana,Technology,Accessories,155.34,6,55.9224,2017-04,0.36,9.320400000000001,25.89,0.7882127277111602,0.13852929400774053,-0.1966393022062596,11,0,Altas
605,3868,2015-10-23,San Diego,California,Technology,Accessories,148.32,9,63.77760000000001,2015-10,0.43000000000000005,7.086400000000001,16.48,0.9604116886248549,0.10730014680368337,-0.31734222678296564,3,0,Altas
606,3876,2016-09-05,Johnson City,Tennessee,Technology,Phones,108.784,2,6.799000000000007,2016-09,0.06250000000000006,3.3995000000000033,54.392,-0.2886533529166752,-0.06857956314782683,0.16895844022575687,38,3,Baixas
607,3887,2016-03-03,Bloomington,Indiana,Technology,Phones,134.85000000000002,3,37.758,2016-03,0.27999999999999997,12.586,44.95000000000001,0.3900190718372539,0.047377552382223485,0.04784504874294525,11,3,Medias
608,3889,2014-06-02,Roswell,Georgia,Technology,Phones,239.97,3,67.1916,2014-06,0.27999999999999997,22.397199999999998,79.99,1.0352522086064404,0.5150140130788735,0.4973063109286814,8,3,Altas
609,3894,2016-11-10,Houston,Texas,Technology,Accessories,279.944,7,48.9902,2016-11,0.175,6.998600000000001,39.992000000000004,0.6362474516079533,0.6928422082832866,-0.015751667521805984,39,0,Altas
610,3896,2017-05-01,Texarkana,Arkansas,Technology,Accessories,48.9,5,18.093,2017-05,0.37,3.6186,9.78,-0.04107021505140594,-0.33497931402642467,-0.4032837352488456,2,0,Medias
611,3900,2017-12-07,Toledo,Ohio,Technology,Accessories,127.984,2,25.5968,2017-12,0.2,12.7984,63.992,0.12342547734397294,0.016833489034209666,0.2920985120574654,31,0,Medias
612,3902,2015-11-14,Philadelphia,Pennsylvania,Technology,Accessories,47.984,2,-1.199600000000002,2015-11,-0.02500000000000004,-0.599800000000001,23.992,-0.46399587872942055,-0.3390542283909426,-0.22098512057465367,34,0,Baixas
613,3908,2015-04-05,Philadelphia,Pennsylvania,Technology,Phones,14.85,5,-3.2175,2015-04,-0.21666666666666665,-0.6435,2.9699999999999998,-0.5082315803318933,-0.48645402375550506,-0.49063622370446386,34,3,Baixas
614,3909,2015-04-05,Philadelphia,Pennsylvania,Technology,Phones,41.988,2,-9.797200000000004,2015-04,-0.23333333333333342,-4.898600000000002,20.994,-0.6524694740995677,-0.36572801281195777,-0.259440738840431,34,3,Baixas
615,3912,2017-06-05,Pearland,Texas,Technology,Phones,470.3760000000001,3,52.91729999999996,2017-06,0.11249999999999989,17.63909999999999,156.79200000000003,0.7223359712387917,1.5399973308421195,1.482452539763982,39,3,Altas
616,3922,2016-06-28,Chicago,Illinois,Technology,Phones,359.97600000000006,3,35.997600000000006,2016-06,0.1,11.999200000000002,119.99200000000002,0.3514281956288229,1.0488722807954092,1.0104155977424323,10,3,Medias
617,3933,2016-08-26,Philadelphia,Pennsylvania,Technology,Accessories,47.984,2,13.1956,2016-08,0.275,6.5978,23.992,-0.148429313633075,-0.3390542283909426,-0.22098512057465367,34,0,Medias
618,3936,2017-09-02,Bakersfield,California,Technology,Phones,201.584,2,12.599000000000004,2017-09,0.06250000000000001,6.299500000000002,100.792,-0.1615077712256391,0.3442501890653498,0.764135454079015,3,3,Medias
619,3953,2016-03-01,Denver,Colorado,Technology,Phones,159.984,2,13.998599999999987,2016-03,0.08749999999999991,6.999299999999994,79.992,-0.1308262270644715,0.15918857600427064,0.4973319651103131,4,3,Medias
620,3962,2015-10-19,Detroit,Michigan,Technology,Phones,149.95,5,44.98499999999999,2015-10,0.3,8.996999999999998,29.99,0.5484468509546878,0.11455135904622082,-0.14404822986146743,19,3,Altas
621,3979,2017-10-02,Seattle,Washington,Technology,Phones,84.784,2,-20.13620000000001,2017-10,-0.2375000000000001,-10.068100000000005,42.392,-0.8791174342898477,-0.17534587837537252,0.015033350436121142,43,3,Baixas
622,4002,2014-10-11,Seattle,Washington,Technology,Accessories,345.0,5,58.649999999999984,2014-10,0.16999999999999996,11.729999999999997,69.0,0.848006225749172,0.9822501000934204,0.35633658286300673,43,0,Altas
623,4004,2016-03-03,San Antonio,Texas,Technology,Machines,287.91,3,33.58949999999999,2016-03,0.11666666666666661,11.196499999999995,95.97000000000001,0.2986386654098252,0.7282797277458962,0.7022832221652132,39,2,Medias
624,4008,2015-12-10,Roswell,Georgia,Technology,Accessories,101.94,6,21.4074,2015-12,0.21,3.5679,16.99,0.03158690838941651,-0.09902575737354864,-0.31080041046690615,8,0,Medias
625,4019,2015-08-23,Atlanta,Georgia,Technology,Accessories,251.91,9,47.86289999999998,2015-08,0.18999999999999992,5.318099999999998,27.99,0.6115351732906589,0.5681302549045775,-0.16970241149307339,8,0,Altas
626,4022,2014-06-22,Chester,Pennsylvania,Technology,Phones,82.78200000000001,3,-15.176700000000004,2014-06,-0.18333333333333335,-5.058900000000001,27.594000000000005,-0.7703970011180038,-0.18425196850393694,-0.1747819394561313,34,3,Baixas
627,4025,2017-10-27,San Francisco,California,Technology,Phones,95.84,4,34.742,2017-10,0.36249999999999993,8.6855,23.96,0.3239033693579149,-0.1261621958272165,-0.22139558748075935,3,3,Medias
628,4028,2017-08-11,Bedford,Texas,Technology,Phones,153.584,2,13.438599999999994,2017-08,0.08749999999999995,6.719299999999997,76.792,-0.14310235219326103,0.13071755861025844,0.45628527449974354,39,3,Medias
629,4034,2016-09-26,Covington,Washington,Technology,Accessories,100.0,4,21.0,2016-09,0.21,5.25,25.0,0.02265602735822202,-0.10765603452110858,-0.20805541303232428,43,0,Medias
630,4036,2016-12-12,Lorain,Ohio,Technology,Accessories,383.952,6,76.79039999999998,2016-12,0.19999999999999993,12.798399999999996,63.992,1.2456737619747018,1.155531829707727,0.2920985120574654,31,0,Altas
631,4042,2014-12-29,San Francisco,California,Technology,Phones,191.976,3,19.197599999999994,2014-12,0.09999999999999996,6.399199999999998,63.992,-0.016855558234868385,0.301508074202589,0.2920985120574654,3,3,Medias
632,4059,2015-11-20,Oakland,California,Technology,Phones,72.74400000000001,7,-15.458100000000009,2015-11,-0.21250000000000008,-2.2083000000000013,10.392000000000001,-0.7765657539952208,-0.2289069798478579,-0.3954335556695741,3,3,Baixas
633,4061,2016-11-01,Chicago,Illinois,Technology,Accessories,68.112,3,17.879399999999997,2016-11,0.26249999999999996,5.959799999999999,22.703999999999997,-0.04575267992195865,-0.2495128786867743,-0.23750641354540794,10,0,Medias
634,4063,2016-03-10,Philadelphia,Pennsylvania,Technology,Accessories,39.992,1,7.498499999999996,2016-03,0.18749999999999992,7.498499999999996,39.992,-0.27331915733169615,-0.37460741136171527,-0.015751667521806074,34,0,Baixas
635,4069,2014-11-01,Charlotte,North Carolina,Technology,Phones,978.84,9,110.1194999999999,2014-11,0.11249999999999989,12.23549999999999,108.76,1.9763026941710302,3.8019484852529017,0.8663417136993331,30,3,Altas
636,4080,2015-12-21,Jacksonville,North Carolina,Technology,Phones,47.976,3,4.797600000000003,2015-12,0.10000000000000006,1.5992000000000008,15.991999999999999,-0.33252734726088906,-0.3390898171626851,-0.32360184710107753,30,3,Baixas
637,4086,2016-08-04,Sacramento,California,Technology,Phones,302.384,2,30.238400000000013,2016-08,0.10000000000000003,15.119200000000006,151.192,0.22517701734002724,0.7926687130210418,1.410620831195485,3,3,Medias
638,4095,2015-08-24,Florence,Kentucky,Technology,Accessories,79.96,4,18.3908,2015-08,0.23,4.5977,19.99,-0.03454194708113174,-0.19680590773610926,-0.2723191380194972,14,0,Medias
639,4096,2015-08-24,Florence,Kentucky,Technology,Phones,587.97,3,170.51129999999998,2015-08,0.2899999999999999,56.83709999999999,195.99,3.300190718372535,2.063125583878286,1.985248845561827,14,3,Altas
640,4105,2017-08-07,San Diego,California,Technology,Phones,159.96000000000004,5,17.99549999999998,2017-08,0.11249999999999984,3.5990999999999955,31.992000000000008,-0.04320757612293676,0.15908180968904323,-0.11836839404822976,3,3,Medias
641,4110,2015-12-25,Detroit,Michigan,Technology,Phones,73.98,2,19.9746,2015-12,0.26999999999999996,9.9873,36.99,0.00017756538132742385,-0.22340851461363934,-0.05425859415084655,19,3,Medias
642,4115,2015-05-02,Houston,Texas,Technology,Phones,158.376,3,13.857900000000008,2015-05,0.08750000000000005,4.619300000000003,52.792,-0.13391060350307946,0.15203523288402507,0.14843509492047208,39,3,Medias
643,4121,2017-09-04,Philadelphia,Pennsylvania,Technology,Accessories,19.040000000000003,4,-1.428,2017-09,-0.07499999999999998,-0.357,4.760000000000001,-0.4690027840498055,-0.46781440455536266,-0.46767573114417654,34,0,Baixas
644,4135,2014-09-08,Chesapeake,Virginia,Technology,Machines,209.97,3,90.2871,2014-09,0.43,30.095699999999997,69.99,1.5415437227349449,0.38155611904444137,0.3690354027706516,42,2,Altas
645,4150,2017-10-23,Austin,Texas,Technology,Accessories,55.2,1,-2.070000000000004,2017-10,-0.03750000000000007,-2.070000000000004,55.2,-0.4830764846438823,-0.30695315627919384,0.17932272960492568,39,0,Baixas
646,4157,2015-12-05,Philadelphia,Pennsylvania,Technology,Accessories,47.984,2,0.5997999999999966,2015-12,0.012499999999999928,0.2998999999999983,23.992,-0.4245500580923774,-0.3390542283909426,-0.22098512057465367,34,0,Baixas
647,4161,2017-05-14,New York City,New York,Technology,Phones,539.97,3,134.9925,2017-05,0.25,44.9975,179.99,2.5215599447574366,1.8495929534231947,1.7800153925089792,29,3,Altas
648,4165,2017-01-14,Aurora,Colorado,Technology,Accessories,169.06400000000002,7,-14.793099999999995,2017-01,-0.08749999999999997,-2.1132999999999993,24.152000000000005,-0.7619878554047825,0.19958183193202547,-0.21893278604412514,4,0,Baixas
649,4177,2014-04-07,Columbia,South Carolina,Technology,Phones,629.9499999999999,5,163.78700000000003,2014-04,0.26000000000000006,32.757400000000004,125.98999999999998,3.152782953723392,2.2498776635971343,1.087352488455618,36,3,Altas
650,4182,2017-10-06,New York City,New York,Technology,Accessories,319.96,4,115.1856,2017-10,0.36,28.7964,79.99,2.087359975447749,0.8708572445393477,0.4973063109286814,29,0,Altas
651,4186,2016-10-21,Baltimore,Maryland,Technology,Accessories,98.16,6,9.815999999999995,2016-10,0.09999999999999995,1.6359999999999992,16.36,-0.22251572878532097,-0.1158414520218871,-0.318881477680862,17,0,Medias
652,4194,2015-11-16,Boise,Idaho,Technology,Phones,304.776,3,22.858199999999982,2015-11,0.07499999999999994,7.619399999999994,101.592,0.06339084113378775,0.8033097557720539,0.7743971267316573,9,3,Medias
653,4222,2017-06-11,Seattle,Washington,Technology,Machines,385.80000000000007,5,130.20749999999998,2017-06,0.3374999999999999,26.041499999999996,77.16000000000001,2.416664839862331,1.1637528359802483,0.46100564391995913,43,2,Altas
654,4243,2016-04-04,Springfield,Virginia,Technology,Phones,149.97,3,5.9987999999999815,2016-04,0.039999999999999876,1.9995999999999938,49.99,-0.3061950588596356,0.11464033097557716,0.11249358645459215,42,3,Baixas
655,4245,2014-03-26,Los Angeles,California,Technology,Accessories,66.30000000000001,3,8.619000000000003,2014-03,0.13000000000000003,2.873000000000001,22.100000000000005,-0.24875594624810876,-0.2575737354864539,-0.24525397639815283,3,0,Baixas
656,4252,2015-10-23,Lakeland,Florida,Technology,Phones,55.944,7,-13.286700000000002,2015-10,-0.23750000000000002,-1.8981000000000001,7.992,-0.7289650788083384,-0.30364340050713995,-0.4262185736275013,7,3,Baixas
657,4254,2015-10-23,Lakeland,Florida,Technology,Phones,11.824,2,1.0346000000000006,2015-10,0.08750000000000005,0.5173000000000003,5.912,-0.4150185237959528,-0.49991547666711145,-0.4528989225243715,7,3,Baixas
658,4262,2017-08-07,Moorhead,Minnesota,Technology,Accessories,63.96,4,19.8276,2017-08,0.31,4.9569,15.99,-0.0030449174649798388,-0.2679834512211397,-0.32362750128270906,20,0,Medias
659,4269,2016-11-05,Houston,Texas,Technology,Accessories,171.96,5,45.139500000000005,2016-11,0.2625,9.0279,34.392,0.5518337461911131,0.21246496730281594,-0.08758337609030267,39,0,Altas
660,4273,2017-07-21,Murray,Utah,Technology,Phones,71.92800000000001,9,6.293699999999998,2017-07,0.08749999999999995,0.6992999999999997,7.992000000000001,-0.29973036368020656,-0.23253703456559446,-0.42621857362750126,40,3,Baixas
661,4287,2015-11-21,Port Arthur,Texas,Technology,Copiers,439.992,1,164.997,2015-11,0.375,164.997,439.992,3.179308152662384,1.4048311757640464,5.115084658799385,39,1,Altas
662,4294,2017-03-10,Philadelphia,Pennsylvania,Technology,Phones,53.982,3,-10.796399999999997,2017-03,-0.19999999999999993,-3.598799999999999,17.994,-0.6743735887936508,-0.3123715467769918,-0.2979220112878399,34,3,Baixas
663,4306,2014-10-26,Seattle,Washington,Technology,Phones,383.96,5,38.396000000000015,2014-10,0.10000000000000005,7.679200000000003,76.792,0.4040050858232681,1.1555674184794695,0.45628527449974354,43,3,Altas
664,4309,2014-11-04,Los Angeles,California,Technology,Phones,666.344,7,66.63439999999997,2014-11,0.09999999999999995,9.519199999999996,95.19200000000001,1.0230374641032942,2.411779883446772,0.6923037455105184,3,3,Altas
665,4313,2014-11-04,Los Angeles,California,Technology,Machines,447.9680000000001,4,139.98999999999995,2014-11,0.31249999999999983,34.99749999999999,111.99200000000002,2.6311134007058756,1.4403131811913341,0.9077988712160086,3,2,Altas
666,4320,2014-12-29,Albuquerque,New Mexico,Technology,Phones,23.976000000000003,3,-5.694300000000001,2014-12,-0.23750000000000002,-1.8981000000000003,7.992000000000001,-0.5625271280443689,-0.4458561323902308,-0.42621857362750126,28,3,Baixas
667,4323,2015-02-14,Akron,Ohio,Technology,Phones,323.982,3,-80.99550000000002,2015-02,-0.25000000000000006,-26.998500000000007,107.99400000000001,-2.213253830808689,0.8887494995328974,0.8565161621344282,31,3,Baixas
668,4326,2015-02-14,Akron,Ohio,Technology,Accessories,71.976,3,0.8996999999999957,2015-02,0.01249999999999994,0.29989999999999856,23.992,-0.41797575465287023,-0.23232350193513943,-0.22098512057465367,31,0,Baixas
669,4332,2017-09-01,Redmond,Washington,Technology,Accessories,19.99,1,6.796599999999998,2017-09,0.3399999999999999,6.796599999999998,19.99,-0.28870596488151307,-0.46358823791093906,-0.2723191380194972,43,0,Baixas
670,4334,2015-12-21,Daytona Beach,Florida,Technology,Accessories,50.88,6,14.628000000000004,2015-12,0.28750000000000003,2.4380000000000006,8.48,-0.11702873928579213,-0.326171093020152,-0.41995895330938937,7,0,Medias
671,4338,2015-11-27,Los Angeles,California,Technology,Accessories,107.97,3,22.6737,2015-11,0.21,7.5579,35.99,0.05934629633689224,-0.07220072067262778,-0.06708568496664953,3,0,Medias
672,4345,2017-03-19,San Francisco,California,Technology,Accessories,99.54,2,10.949399999999995,2017-03,0.10999999999999995,5.474699999999998,49.77,-0.19766972839073124,-0.10970238889630318,0.10967162647511551,3,0,Medias
673,4346,2017-03-19,San Francisco,California,Technology,Accessories,199.96,4,85.98280000000001,2017-03,0.43000000000000005,21.495700000000003,49.99,1.4471863559637854,0.33702566840161924,0.11249358645459215,3,0,Altas
674,4352,2017-04-11,Lancaster,Ohio,Technology,Accessories,27.12,2,-4.746000000000001,2017-04,-0.17500000000000004,-2.3730000000000007,13.56,-0.5417388254378845,-0.4318697450954223,-0.3547973319651103,31,0,Baixas
675,4353,2017-12-10,Stockton,California,Technology,Phones,95.84,4,34.742,2017-12,0.36249999999999993,8.6855,23.96,0.3239033693579149,-0.1261621958272165,-0.22139558748075935,3,3,Medias
676,4362,2017-02-17,Lafayette,Louisiana,Technology,Phones,29.160000000000004,3,8.456399999999999,2017-02,0.2899999999999999,2.8187999999999995,9.72,-0.25232040686586105,-0.4227946083010809,-0.4040533606977938,15,3,Baixas
677,4374,2017-07-23,Elkhart,Indiana,Technology,Accessories,159.75,5,11.182499999999996,2017-07,0.06999999999999998,2.236499999999999,31.95,-0.1925597913058725,0.15814760443080203,-0.11890713186249359,11,0,Medias
678,4385,2015-07-20,Highland Park,Illinois,Technology,Phones,153.584,2,13.438599999999994,2015-07,0.08749999999999995,6.719299999999997,76.792,-0.14310235219326103,0.13071755861025844,0.45628527449974354,10,3,Medias
679,4394,2016-09-08,Dallas,Texas,Technology,Phones,59.96000000000001,5,21.7355,2016-09,0.36249999999999993,4.347099999999999,11.992,0.038779402415766315,-0.2857778370923973,-0.3749102103642894,39,3,Medias
680,4397,2016-11-15,San Diego,California,Technology,Phones,361.376,2,27.1032,2016-11,0.07500000000000001,13.5516,180.688,0.15644825394041723,1.055100315850349,1.7889687018984095,3,3,Medias
681,4405,2015-07-05,Philadelphia,Pennsylvania,Technology,Accessories,34.800000000000004,3,2.174999999999999,2015-07,0.06249999999999996,0.7249999999999996,11.600000000000001,-0.39001907183725315,-0.3977045242226077,-0.37993842996408417,34,0,Baixas
682,4413,2014-06-21,New York City,New York,Technology,Phones,617.97,3,160.6722,2014-06,0.26,53.5574,205.99,3.084501392024902,2.1965834779127182,2.1135197537198565,29,3,Altas
683,4416,2014-11-29,San Francisco,California,Technology,Phones,575.92,2,71.98999999999998,2014-11,0.12499999999999997,35.99499999999999,287.96,1.1404410636385554,2.009519996441122,3.1649563878912264,3,3,Altas
684,4425,2017-05-18,Sandy Springs,Georgia,Technology,Phones,34.75,5,15.6375,2017-05,0.44999999999999996,3.1275,6.95,-0.09489883157594722,-0.3979269540459984,-0.43958440225756795,8,3,Medias
685,4427,2017-05-18,Sandy Springs,Georgia,Technology,Phones,55.98,2,15.6744,2017-05,0.28,7.8372,27.99,-0.09408992261656803,-0.30348325103429863,-0.16970241149307339,8,3,Medias
686,4441,2016-07-22,Westland,Michigan,Technology,Accessories,109.95,1,36.2835,2016-07,0.32999999999999996,36.2835,109.95,0.35769559594011013,-0.06339249966635525,0.8816059517701387,19,0,Medias
687,4462,2017-09-28,Aurora,Colorado,Technology,Accessories,54.38400000000001,2,1.359599999999995,2017-09,0.024999999999999904,0.6797999999999975,27.192000000000004,-0.4078939868908517,-0.3105832109969304,-0.1799384299640841,4,0,Baixas
688,4473,2017-09-29,Mentor,Ohio,Technology,Accessories,239.976,3,65.99340000000001,2017-09,0.275,21.9978,79.992,1.008985685161234,0.5150407046576804,0.4973319651103131,31,0,Altas
689,4492,2014-12-01,Columbus,Ohio,Technology,Copiers,659.9879999999999,2,109.998,2014-12,0.16666666666666669,54.999,329.99399999999997,1.9736392134511254,2.383504604297343,3.7041303232426888,31,1,Altas
690,4504,2014-12-24,Los Angeles,California,Technology,Phones,173.65600000000003,7,17.365599999999993,2014-12,0.09999999999999994,2.480799999999999,24.808000000000003,-0.05701602472762328,0.22000978691222928,-0.2105182144689584,3,3,Medias
691,4506,2014-12-24,Los Angeles,California,Technology,Accessories,62.85,3,13.1985,2014-12,0.21,4.3995,20.95,-0.1483657408422295,-0.27292139330041365,-0.2600051308363263,3,0,Medias
692,4507,2014-12-24,Los Angeles,California,Technology,Phones,818.3760000000001,3,51.148499999999984,2014-12,0.06249999999999997,17.049499999999995,272.79200000000003,0.6835609531534294,3.0881089016415317,2.9703950743971275,3,3,Altas
693,4521,2014-02-20,Richmond,Indiana,Technology,Accessories,62.31,3,22.4316,2014-02,0.36,7.4772,20.77,0.05403906438389225,-0.27532363539303345,-0.2623140071831709,11,0,Medias
694,4526,2017-07-17,Rome,New York,Technology,Phones,269.98,2,67.495,2017-07,0.25,33.7475,134.99,1.0419032378280029,0.6485163930779839,1.2027963057978452,29,3,Altas
695,4529,2017-09-08,Marion,Ohio,Technology,Accessories,116.832,4,33.589200000000005,2017-09,0.28750000000000003,8.397300000000001,29.208,0.2986320889142209,-0.032777258774856564,-0.15407901487942535,31,0,Medias
696,4540,2015-02-27,Providence,Rhode Island,Technology,Phones,105.98,2,1.0597999999999956,2015-02,0.009999999999999959,0.5298999999999978,52.99,-0.41446609816515734,-0.08105342764357842,0.15097485890200107,35,3,Baixas
697,4545,2015-07-12,Chicago,Illinois,Technology,Phones,148.48,2,16.703999999999986,2015-07,0.11249999999999992,8.351999999999993,74.24,-0.07151938970120784,0.10801192223853366,0.42355053873781423,10,3,Medias
698,4546,2015-07-12,Chicago,Illinois,Technology,Phones,537.544,7,53.7544,2015-07,0.09999999999999999,7.6792,76.792,0.7406865861411315,1.838800658392277,0.45628527449974354,10,3,Altas
699,4550,2015-07-12,Chicago,Illinois,Technology,Phones,659.1680000000001,4,49.437599999999975,2015-07,0.07499999999999994,12.359399999999994,164.79200000000003,0.646055198719775,2.379856755193736,1.5850692662904058,10,3,Altas
700,4562,2015-12-04,Los Angeles,California,Technology,Phones,110.352,3,8.276399999999995,2015-12,0.07499999999999996,2.7587999999999986,36.784,-0.25626630422868635,-0.061604163886293854,-0.056900974858902005,3,3,Baixas
701,4573,2017-07-17,Los Angeles,California,Technology,Copiers,479.984,2,89.99699999999999,2017-07,0.18749999999999997,44.99849999999999,239.992,1.5351842514851914,1.5827394457048798,2.5496664956387893,3,1,Altas
702,4581,2015-07-31,Hattiesburg,Mississippi,Technology,Accessories,239.7,6,105.46800000000002,2015-07,0.4400000000000001,17.578000000000003,39.949999999999996,1.8743341298200233,0.5138128920325635,-0.016290405336069822,21,0,Altas
703,4592,2016-12-26,Los Angeles,California,Technology,Phones,302.384,2,30.238400000000013,2016-12,0.10000000000000003,15.119200000000006,151.192,0.22517701734002724,0.7926687130210418,1.410620831195485,3,3,Medias
704,4606,2015-05-26,Jacksonville,North Carolina,Technology,Accessories,167.94400000000002,7,50.383200000000016,2015-05,0.30000000000000004,7.197600000000002,23.992,0.666784312865818,0.19459940388807334,-0.22098512057465367,30,0,Altas
705,4607,2015-05-28,Rochester,New York,Technology,Phones,45.99,1,13.3371,2015-05,0.29,13.3371,45.99,-0.14532739987285406,-0.34792472974776456,0.06118522319138024,29,3,Medias
706,4617,2015-09-04,Houston,Texas,Technology,Accessories,134.376,3,6.718800000000009,2015-09,0.050000000000000065,2.239600000000003,44.792,-0.290411469408334,0.04526891765647938,0.04581836839404827,39,0,Baixas
707,4618,2015-09-21,Everett,Massachusetts,Technology,Phones,589.9,2,147.47500000000002,2015-09,0.25000000000000006,73.73750000000001,294.95,2.7951969660433607,2.0717113750611675,3.2546177526936892,18,3,Altas
708,4645,2015-08-02,Seattle,Washington,Technology,Machines,558.4,2,41.88000000000002,2015-08,0.07500000000000004,20.94000000000001,279.2,0.48038012144595266,1.931580586325014,3.0525910723447924,43,2,Altas
709,4661,2015-05-03,Philadelphia,Pennsylvania,Technology,Accessories,27.552000000000003,3,-0.3444000000000047,2015-05,-0.012500000000000169,-0.11480000000000157,9.184000000000001,-0.4452484819255975,-0.42994795142132647,-0.41092868137506416,34,0,Baixas
710,4668,2016-01-10,Seattle,Washington,Technology,Accessories,69.98,2,13.2962,2016-01,0.19,6.6481,34.99,-0.146223995440296,-0.24120290048489695,-0.07991277578245251,43,0,Medias
711,4673,2016-07-31,Detroit,Michigan,Technology,Phones,635.96,4,165.3496,2016-07,0.26,41.3374,158.99,3.187037727163118,2.2766137283686994,1.5106464853771167,19,3,Altas
712,4674,2016-07-31,Detroit,Michigan,Technology,Phones,118.99,1,33.3172,2016-07,0.28,33.3172,118.99,0.2926693995659515,-0.02317718759731308,0.9975628527449975,19,3,Medias
713,4683,2016-12-01,Raleigh,North Carolina,Technology,Phones,863.928,9,86.3928,2016-12,0.09999999999999999,9.5992,95.992,1.4561742332902203,3.290751367943413,0.7025654181631608,30,3,Altas
714,4688,2016-06-24,Richmond,Indiana,Technology,Phones,440.91,9,123.45480000000003,2016-06,0.2800000000000001,13.717200000000004,48.99,2.2686345002959425,1.4089149873215,0.09966649563878917,11,3,Altas
715,4691,2014-12-20,Tucson,Arizona,Technology,Accessories,71.976,3,21.59280000000001,2014-12,0.30000000000000016,7.197600000000004,23.992,0.03565118267312679,-0.23232350193513943,-0.22098512057465367,1,0,Medias
716,4711,2017-06-29,Los Angeles,California,Technology,Accessories,62.31,3,22.4316,2017-06,0.36,7.4772,20.77,0.05403906438389225,-0.27532363539303345,-0.2623140071831709,3,0,Medias
717,4715,2017-05-18,Portland,Oregon,Technology,Phones,344.704,2,38.77919999999999,2017-05,0.11249999999999996,19.389599999999994,172.352,0.4124054628756822,0.9809333155389474,1.682042072857876,33,3,Altas
718,4716,2015-05-12,Louisville,Colorado,Technology,Phones,201.584,2,20.15840000000001,2015-05,0.10000000000000005,10.079200000000005,100.792,0.004206765021812596,0.3442501890653498,0.764135454079015,4,3,Medias
719,4730,2016-07-18,Dallas,Texas,Technology,Accessories,15.576,3,3.3099,2016-07,0.2125,1.1033,5.192,-0.36514018896463996,-0.48322434271987175,-0.46213442791174963,39,0,Baixas
720,4733,2015-03-29,San Diego,California,Technology,Accessories,53.25,3,20.7675,2015-03,0.38999999999999996,6.922499999999999,17.75,0.017559243264572685,-0.3156279193914319,-0.30105182144689585,3,0,Medias
721,4738,2015-06-13,Lewiston,Maine,Technology,Accessories,67.98,2,14.955599999999995,2015-06,0.21999999999999992,7.477799999999998,33.99,-0.10984720608545034,-0.25010009342052575,-0.09273986659825548,16,0,Medias
722,4751,2016-10-07,Spokane,Washington,Technology,Machines,837.5999999999999,3,62.82000000000005,2016-10,0.07500000000000007,20.940000000000015,279.2,0.9394195146546255,3.1736287201387947,3.0525910723447924,43,2,Altas
723,4752,2016-12-09,Franklin,Tennessee,Technology,Phones,40.68,3,-9.153000000000004,2016-12,-0.2250000000000001,-3.0510000000000015,13.56,-0.6383475458710564,-0.371546776991859,-0.3547973319651103,38,3,Baixas
724,4754,2015-12-12,Austin,Texas,Technology,Accessories,22.368,4,6.430800000000001,2015-12,0.2875000000000001,1.6077000000000004,5.592,-0.2967249051888546,-0.4530094755104764,-0.45700359158542847,39,0,Baixas
725,4767,2015-03-09,San Antonio,Texas,Technology,Accessories,113.52,5,29.799,2015-03,0.2625,5.9597999999999995,22.704,0.2155446434443302,-0.04751101027625786,-0.23750641354540789,39,0,Medias
726,4768,2015-03-09,San Antonio,Texas,Technology,Phones,359.88,3,22.4925,2015-03,0.0625,7.4975,119.96,0.05537409299164814,1.0484452155344988,1.0100051308363263,39,3,Medias
727,4772,2014-10-31,Avondale,Arizona,Technology,Phones,742.336,8,83.51279999999991,2014-10,0.11249999999999988,10.43909999999999,92.792,1.3930398754850144,2.749837626228924,0.6615187275525911,1,3,Altas
728,4775,2017-11-23,Chicago,Illinois,Technology,Phones,222.384,2,16.678799999999995,2017-11,0.07499999999999998,8.339399999999998,111.192,-0.07207181533200317,0.43678099559588934,0.8975371985633658,10,3,Medias
729,4788,2015-12-11,Colorado Springs,Colorado,Technology,Accessories,58.08,4,-6.533999999999995,2015-12,-0.11249999999999992,-1.6334999999999988,14.52,-0.5809347392419486,-0.2941411984518884,-0.3424833247819395,4,0,Baixas
730,4800,2016-05-14,Jacksonville,Florida,Technology,Phones,43.6,5,4.360000000000001,2016-05,0.10000000000000002,0.8720000000000002,8.72,-0.3421202621829576,-0.3585568753058409,-0.41688045151359676,7,3,Baixas
731,4804,2017-07-13,Philadelphia,Pennsylvania,Technology,Phones,39.594,1,-7.258900000000004,2017-07,-0.18333333333333343,-7.258900000000004,39.594,-0.5968257447881268,-0.3763779527559054,-0.02085684966649561,34,3,Baixas
732,4811,2015-12-27,Eau Claire,Wisconsin,Technology,Phones,239.9,2,71.97,2015-12,0.3,35.985,119.95,1.1400026305982418,0.5147026113261265,1.0098768599281684,44,3,Altas
733,4822,2015-04-07,San Antonio,Texas,Technology,Accessories,383.952,6,47.99399999999997,2015-04,0.12499999999999993,7.998999999999995,63.992,0.6144091018699164,1.155531829707727,0.2920985120574654,39,0,Altas
734,4824,2016-11-21,Columbus,Ohio,Technology,Machines,30.34500000000001,7,-24.276,2016-11,-0.7999999999999997,-3.468,4.335000000000002,-0.9698686893044253,-0.4175230214867208,-0.4731272447408928,31,2,Baixas
735,4840,2017-06-01,Dublin,Ohio,Technology,Phones,158.37599999999998,4,-34.31479999999999,2017-06,-0.21666666666666665,-8.578699999999998,39.593999999999994,-1.189935769559593,0.15203523288402493,-0.020856849666495703,31,3,Baixas
736,4847,2014-06-25,Salem,Oregon,Technology,Phones,263.96000000000004,5,19.797,2014-06,0.075,3.9594,52.79200000000001,-0.0037157200166601273,0.6217358423417413,0.1484350949204722,33,3,Medias
737,4865,2017-06-26,New York City,New York,Technology,Phones,239.97,3,67.1916,2017-06,0.27999999999999997,22.397199999999998,79.99,1.0352522086064404,0.5150140130788735,0.4973063109286814,29,3,Altas
738,4870,2017-11-24,Lancaster,Pennsylvania,Technology,Phones,89.98799999999999,2,-14.998000000000012,2017-11,-0.16666666666666682,-7.499000000000006,44.99399999999999,-0.7664796019027991,-0.15219538235686644,0.048409440738840355,34,3,Baixas
739,4876,2014-12-02,Columbus,Ohio,Technology,Accessories,119.8,5,29.950000000000003,2014-12,0.25000000000000006,5.99,23.96,0.21885481289870035,-0.0195738244583834,-0.22139558748075935,31,0,Medias
740,4888,2016-11-28,Marietta,Georgia,Technology,Accessories,101.7,6,6.101999999999997,2016-11,0.05999999999999996,1.0169999999999995,16.95,-0.3039327443716155,-0.10009342052582408,-0.31131349409953823,8,0,Baixas
741,4909,2014-11-18,Fairfield,Ohio,Technology,Phones,9.588,2,-2.0774,2014-11,-0.21666666666666667,-1.0387,4.794,-0.48323870486879844,-0.5098625383691444,-0.46723961005643927,31,3,Baixas
742,4912,2017-01-14,Johnson City,Tennessee,Technology,Phones,111.984,2,6.999000000000006,2017-01,0.06250000000000006,3.499500000000003,55.992,-0.2842690225135361,-0.05434405445082079,0.18948178553104156,38,3,Baixas
743,4920,2016-01-02,Gaithersburg,Maryland,Technology,Phones,231.98,2,67.27419999999998,2016-01,0.2899999999999999,33.63709999999999,115.99,1.0370629370629365,0.4794697273010364,0.9590815802975885,17,3,Altas
744,4925,2017-12-25,Huntsville,Alabama,Technology,Phones,90.48,2,23.5248,2017-12,0.25999999999999995,11.7624,45.24,0.07800381436745099,-0.15000667289470168,0.05156490507952801,0,3,Medias
745,4936,2015-03-15,Lehi,Utah,Technology,Phones,16.776000000000003,3,1.6776,2015-03,0.09999999999999998,0.5592,5.592000000000001,-0.40092290154986027,-0.4778860269584945,-0.45700359158542847,40,3,Baixas
746,4954,2015-03-16,New York City,New York,Technology,Phones,85.9,2,2.576999999999998,2015-03,0.029999999999999978,1.288499999999999,42.95,-0.38120656772694345,-0.17038124471729166,0.0221908671113392,29,3,Baixas
747,4960,2016-11-18,Los Angeles,California,Technology,Phones,61.192,1,6.119200000000001,2016-11,0.10000000000000002,6.119200000000001,61.192,-0.30355569195694543,-0.28029716624404993,0.2561826577732171,3,3,Baixas
748,4966,2015-05-25,Columbia,Tennessee,Technology,Phones,467.04,4,58.37999999999994,2015-05,0.12499999999999986,14.594999999999985,116.76,0.8420873797049333,1.5251568130254902,0.968958440225757,38,3,Altas
749,4967,2015-08-02,Providence,Rhode Island,Technology,Phones,128.85000000000002,3,3.865499999999997,2015-08,0.02999999999999997,1.2884999999999989,42.95000000000001,-0.3529605191047193,0.020685973575337066,0.02219086711133929,35,3,Baixas
750,4969,2015-08-02,Providence,Rhode Island,Technology,Accessories,199.98,2,83.9916,2015-08,0.42000000000000004,41.9958,99.99,1.4035359624701318,0.33711464033097543,0.7538481272447409,35,0,Altas
751,4976,2015-09-18,Jacksonville,Florida,Technology,Accessories,717.1200000000001,9,152.38799999999992,2015-09,0.21249999999999986,16.93199999999999,79.68,2.902898042396472,2.6376618176965163,0.4933299127757826,7,0,Altas
752,4982,2016-12-09,Chicago,Illinois,Technology,Accessories,19.040000000000003,4,-1.428,2016-12,-0.07499999999999998,-0.357,4.760000000000001,-0.4690027840498055,-0.46781440455536266,-0.46767573114417654,10,0,Baixas
753,4991,2017-08-31,San Francisco,California,Technology,Phones,689.408,4,77.55839999999998,2017-08,0.11249999999999996,19.389599999999994,172.352,1.2625095907227561,2.514382312380443,1.682042072857876,3,3,Altas
754,4999,2016-01-31,Los Angeles,California,Technology,Phones,109.592,1,8.2194,2016-01,0.075,8.2194,109.592,-0.25751583839358094,-0.06498509720183282,0.8770138532580811,3,3,Baixas
755,5001,2017-05-07,Los Angeles,California,Technology,Accessories,79.99,1,28.7964,2017-05,0.36,28.7964,79.99,0.19356599513339345,-0.19667244984207483,0.4973063109286814,3,0,Medias
756,5005,2014-04-30,Jackson,Mississippi,Technology,Accessories,47.79,3,16.2486,2014-04,0.34,5.4162,15.93,-0.08150251002915546,-0.33991725610569856,-0.32439712673165727,21,0,Medias
757,5015,2017-07-21,Cleveland,Ohio,Technology,Phones,210.564,6,-52.64099999999999,2017-07,-0.24999999999999997,-8.773499999999999,35.094,-1.591676348729639,0.3841985853463231,-0.07857875833760901,31,3,Baixas
758,5019,2014-11-15,Los Angeles,California,Technology,Accessories,772.47,3,146.76929999999993,2014-11,0.1899999999999999,48.92309999999998,257.49,2.7797268562158823,2.883891632190043,2.77411493073371,3,0,Altas
759,5022,2016-12-18,San Diego,California,Technology,Accessories,72.64,2,21.791999999999994,2016-12,0.29999999999999993,10.895999999999997,36.32,0.040017975754653046,-0.22936963388051065,-0.06285274499743457,3,0,Medias
760,5023,2016-12-18,San Diego,California,Technology,Accessories,772.47,3,146.76929999999993,2016-12,0.1899999999999999,48.92309999999998,257.49,2.7797268562158823,2.883891632190043,2.77411493073371,3,0,Altas
761,5026,2017-07-29,Oklahoma City,Oklahoma,Technology,Phones,461.97,3,133.97129999999996,2017-07,0.28999999999999987,44.657099999999986,153.99,2.4991735537190065,1.5026024289336712,1.4465110312981018,32,3,Altas
762,5029,2014-09-02,Chicago,Illinois,Technology,Accessories,239.976,3,53.994600000000005,2014-09,0.22500000000000003,17.9982,79.992,0.745952166955302,0.5150407046576804,0.4973319651103131,10,0,Altas
763,5037,2014-04-06,Seattle,Washington,Technology,Accessories,33.9,2,2.033999999999999,2014-04,0.05999999999999997,1.0169999999999995,16.95,-0.39311002477146634,-0.4017082610436407,-0.31131349409953823,43,0,Baixas
764,5038,2017-11-17,Naperville,Illinois,Technology,Accessories,239.96000000000004,5,83.98599999999999,2017-11,0.3499999999999999,16.797199999999997,47.992000000000004,1.4034132012188434,0.5149695271141955,0.08686505900461783,10,0,Altas
765,5050,2014-03-31,Chicago,Illinois,Technology,Accessories,79.98400000000001,2,13.9972,2014-03,0.17499999999999996,6.9986,39.992000000000004,-0.13085691737729319,-0.19669914142088163,-0.015751667521805984,10,0,Medias
766,5054,2015-01-03,Dallas,Texas,Technology,Accessories,398.4,5,84.65999999999998,2015-01,0.21249999999999997,16.931999999999995,79.67999999999999,1.4181883946774223,1.2198051514747095,0.4933299127757824,39,0,Altas
767,5063,2015-05-08,Minneapolis,Minnesota,Technology,Phones,377.97,3,105.83160000000002,2015-05,0.28,35.27720000000001,125.99000000000001,1.8823048424929303,1.1289203256372613,1.0873524884556185,20,3,Altas
768,5065,2017-09-22,Wilmington,Delaware,Technology,Phones,391.98,2,113.67419999999998,2017-09,0.2899999999999999,56.83709999999999,195.99,2.054227590591226,1.1912451621513411,1.985248845561827,6,3,Altas
769,5066,2017-11-30,Burlington,North Carolina,Technology,Accessories,383.97600000000006,3,81.59490000000001,2017-11,0.2125,27.198300000000003,127.99200000000002,1.3509963390841135,1.1556385960229547,1.1130323242688562,30,0,Altas
770,5073,2014-08-08,Trenton,Michigan,Technology,Phones,299.98,2,83.99440000000001,2014-08,0.28,41.99720000000001,149.99,1.4035973430957758,0.781974287112416,1.39520266803489,19,3,Altas
771,5083,2016-09-08,Monroe,North Carolina,Technology,Accessories,35.168,4,8.352400000000001,2016-09,0.23750000000000004,2.0881000000000003,8.792,-0.25460025867549335,-0.39606744072245204,-0.4159569009748589,30,0,Baixas
772,5087,2015-03-05,Philadelphia,Pennsylvania,Technology,Phones,466.158,7,-93.23159999999996,2015-03,-0.1999999999999999,-13.318799999999994,66.59400000000001,-2.481489357037944,1.5212331509408779,0.3254746023601849,34,3,Baixas
773,5088,2015-03-05,Philadelphia,Pennsylvania,Technology,Accessories,10.312,1,-1.2890000000000006,2015-03,-0.12500000000000006,-1.2890000000000006,10.312,-0.46595567441962377,-0.5066417545264468,-0.39645972293483844,34,0,Baixas
774,5096,2014-12-06,Chicago,Illinois,Technology,Phones,35.04,4,-7.0080000000000044,2014-12,-0.20000000000000012,-1.7520000000000011,8.76,-0.5913256022973887,-0.3966368610703322,-0.4163673678809646,10,3,Baixas
775,5105,2015-03-26,Philadelphia,Pennsylvania,Technology,Accessories,16.776000000000003,3,5.0328,2015-03,0.29999999999999993,1.6776,5.592000000000001,-0.32737137470679745,-0.4778860269584945,-0.45700359158542847,34,0,Baixas
776,5107,2015-09-19,Columbus,Georgia,Technology,Accessories,66.36,4,23.226,2015-09,0.35,5.8065,16.59,0.07145362474516107,-0.2573068196983851,-0.3159312467932273,8,0,Medias
777,5122,2014-04-04,Lafayette,Louisiana,Technology,Accessories,99.98,2,42.991400000000006,2014-04,0.43000000000000005,21.495700000000003,49.99,0.5047438454961968,-0.10774500645046485,0.11249358645459215,15,0,Altas
778,5129,2014-09-14,New York City,New York,Technology,Phones,16.99,1,4.417399999999999,2014-09,0.25999999999999995,4.417399999999999,16.99,-0.3408619593572567,-0.4769340273143822,-0.31080041046690615,29,3,Baixas
779,5130,2014-09-14,New York City,New York,Technology,Phones,287.97,3,80.6316,2014-09,0.27999999999999997,26.877200000000002,95.99000000000001,1.3298792116973934,0.728546643533965,0.7025397639815292,29,3,Altas
780,5133,2015-06-21,Deltona,Florida,Technology,Phones,107.976,3,37.79159999999999,2015-06,0.3499999999999999,12.597199999999996,35.992,0.3907556393449809,-0.0721740290938209,-0.06706003078501799,7,3,Altas
781,5141,2015-11-08,San Francisco,California,Technology,Accessories,119.9,2,43.164,2015-11,0.36,21.582,59.95,0.5085275226341058,-0.019128964811601923,0.2402514109799898,3,0,Altas
782,5157,2017-06-30,Chicago,Illinois,Technology,Phones,1001.584,2,125.19799999999992,2017-06,0.12499999999999993,62.59899999999996,500.792,2.3068483240897013,3.903127363316872,5.894971780400206,10,3,Altas
783,5160,2015-10-26,Peoria,Arizona,Technology,Phones,105.584,2,9.238600000000003,2015-10,0.08750000000000004,4.619300000000002,52.792,-0.2351732906591836,-0.08281507184483293,0.14843509492047208,1,3,Medias
784,5161,2015-10-26,Peoria,Arizona,Technology,Phones,68.72000000000001,2,-14.603000000000003,2015-10,-0.2125,-7.301500000000002,34.36000000000001,-0.757820549356599,-0.24680813203434307,-0.08799384299640832,1,3,Baixas
785,5180,2015-04-13,Los Angeles,California,Technology,Phones,258.576,2,19.393200000000007,2015-04,0.07500000000000002,9.696600000000004,129.288,-0.012567683100597983,0.5977845989590285,1.1296562339661367,3,3,Medias
786,5188,2015-09-13,Columbus,Indiana,Technology,Accessories,199.96,4,15.99679999999998,2015-09,0.0799999999999999,3.999199999999995,49.99,-0.0870223820067081,0.33702566840161924,0.11249358645459215,11,0,Medias
787,5190,2017-11-14,Pasadena,Texas,Technology,Accessories,167.95200000000003,6,-27.2922,2017-11,-0.16249999999999998,-4.5487,27.992000000000004,-1.0359887761141673,0.1946349926598159,-0.16967675731144172,39,0,Baixas
788,5198,2014-05-10,Kent,Washington,Technology,Phones,43.6,5,4.360000000000001,2014-05,0.10000000000000002,0.8720000000000002,8.72,-0.3421202621829576,-0.3585568753058409,-0.41688045151359676,43,3,Baixas
789,5201,2016-03-03,Round Rock,Texas,Technology,Phones,431.97600000000006,3,32.39820000000002,2016-03,0.07500000000000002,10.799400000000006,143.99200000000002,0.2725234013635273,1.3691712264780462,1.3182657773217037,39,3,Medias
790,5202,2016-03-03,Round Rock,Texas,Technology,Accessories,41.720000000000006,7,5.736499999999998,2016-03,0.13749999999999993,0.8194999999999997,5.960000000000001,-0.3119451081833523,-0.36692023666533197,-0.45228322216521294,39,0,Baixas
791,5223,2017-05-18,Springfield,Missouri,Technology,Phones,114.95,5,2.2990000000000066,2017-05,0.020000000000000056,0.4598000000000013,22.990000000000002,-0.38730078698730674,-0.04114951732728323,-0.23383786557208822,22,3,Baixas
792,5239,2014-09-20,Columbia,Maryland,Technology,Accessories,59.98,2,26.391200000000005,2014-09,0.4400000000000001,13.195600000000002,29.99,0.14084003770524184,-0.285688865163041,-0.14404822986146743,17,0,Medias
793,5246,2016-08-02,Los Angeles,California,Technology,Phones,333.576,3,33.35760000000002,2016-08,0.10000000000000005,11.119200000000006,111.19200000000001,0.293555034307386,0.9314293340451087,0.897537198563366,3,3,Medias
794,5249,2017-11-03,Seattle,Washington,Technology,Accessories,43.5,3,10.875,2017-11,0.25,3.625,14.5,-0.1993006993006989,-0.3590017349526224,-0.3427398665982555,43,0,Medias
795,5251,2016-12-12,Columbus,Georgia,Technology,Accessories,249.95,5,19.99599999999997,2016-12,0.07999999999999989,3.999199999999994,49.989999999999995,0.00064668873446269,0.5594110058276612,0.11249358645459205,8,0,Medias
796,5261,2014-09-07,Houston,Texas,Technology,Phones,196.776,3,14.758199999999997,2014-09,0.07499999999999998,4.919399999999999,65.592,-0.11417454019334868,0.3228613372480982,0.31262185736275017,39,3,Medias
797,5264,2014-09-07,Houston,Texas,Technology,Accessories,46.688,4,-2.918000000000003,2014-09,-0.06250000000000006,-0.7295000000000007,11.672,-0.5016660455531924,-0.34481960941323003,-0.37901487942534634,39,0,Baixas
798,5269,2017-11-16,Yonkers,New York,Technology,Machines,52.44,4,24.122399999999995,2017-11,0.4599999999999999,6.030599999999999,13.11,0.09110419361203077,-0.31923128253036165,-0.36056952283222166,29,2,Medias
799,5276,2017-12-14,Fayetteville,Arkansas,Technology,Accessories,159.8,4,70.31200000000001,2017-12,0.44000000000000006,17.578000000000003,39.95,1.1036565315562183,0.1583700342541928,-0.01629040533606973,2,0,Altas
800,5277,2017-12-14,Fayetteville,Arkansas,Technology,Accessories,44.75,5,8.502499999999994,2017-12,0.18999999999999986,1.7004999999999988,8.95,-0.25130981870793756,-0.3534409893678544,-0.413930220625962,2,0,Baixas
801,5280,2017-09-07,Milwaukee,Wisconsin,Technology,Accessories,13.48,1,1.8872,2017-09,0.13999999999999999,1.8872,13.48,-0.39632812328737044,-0.4925486009164108,-0.35582349923037454,44,0,Baixas
802,5298,2017-07-27,Yonkers,New York,Technology,Phones,543.92,8,135.98000000000002,2017-07,0.25000000000000006,16.997500000000002,67.99,2.5432075761229362,1.8671649094710614,0.3433812211390456,29,3,Altas
803,5308,2016-02-21,Oceanside,New York,Technology,Phones,39.98,2,1.9989999999999952,2016-02,0.049999999999999885,0.9994999999999976,19.99,-0.39387728259201576,-0.37466079451932904,-0.2723191380194972,29,3,Baixas
804,5329,2015-03-05,Houston,Texas,Technology,Phones,31.92,2,2.3939999999999984,2015-03,0.07499999999999994,1.1969999999999992,15.96,-0.3852182300458158,-0.41051648204991315,-0.32401231400718317,39,3,Baixas
805,5341,2015-11-09,Oceanside,New York,Technology,Accessories,13.98,2,6.011400000000001,2015-11,0.43000000000000005,3.0057000000000005,6.99,-0.3059188460442374,-0.49032430268250354,-0.43907131862493587,29,0,Baixas
806,5342,2015-11-09,Oceanside,New York,Technology,Accessories,899.95,5,53.99699999999996,2015-11,0.05999999999999995,10.799399999999991,179.99,0.7460047789201386,3.4509987099070236,1.7800153925089792,29,0,Altas
807,5344,2014-11-21,Dallas,Texas,Technology,Phones,267.96,5,16.747500000000016,2014-11,0.06250000000000007,3.3495000000000035,53.592,-0.0705657978385244,0.6395302282129987,0.15869676757311443,39,3,Medias
808,5345,2015-10-11,Rochester,New York,Technology,Accessories,31.95,1,2.2364999999999995,2015-10,0.06999999999999998,2.2364999999999995,31.95,-0.3886708902382879,-0.41038302415587874,-0.11890713186249359,29,0,Baixas
809,5353,2016-09-06,Dallas,Texas,Technology,Phones,329.58400000000006,2,37.07819999999998,2016-09,0.11249999999999992,18.53909999999999,164.79200000000003,0.3751167327969833,0.9136705369455937,1.5850692662904058,39,3,Medias
810,5358,2014-08-05,San Francisco,California,Technology,Accessories,16.36,1,1.6359999999999992,2014-08,0.09999999999999995,1.6359999999999992,16.36,-0.4018348422737133,-0.4797366430891053,-0.318881477680862,3,0,Baixas
811,5366,2016-11-20,Houston,Texas,Technology,Phones,151.192,1,13.229299999999997,2016-11,0.08749999999999998,13.229299999999997,151.192,-0.14769055396014613,0.1200765158592464,1.410620831195485,39,3,Medias
812,5367,2017-06-10,Seattle,Washington,Technology,Phones,88.77600000000001,3,7.767900000000001,2017-06,0.0875,2.5893,29.592000000000002,-0.2674134642786676,-0.1575870812758574,-0.14915341200615698,43,3,Baixas
813,5376,2017-05-27,Seattle,Washington,Technology,Accessories,98.16,6,9.815999999999995,2017-05,0.09999999999999995,1.6359999999999992,16.36,-0.22251572878532097,-0.1158414520218871,-0.318881477680862,43,0,Medias
814,5381,2016-08-14,Los Angeles,California,Technology,Machines,105.552,6,35.6238,2016-08,0.3375,5.9373000000000005,17.592000000000002,0.3432338821053557,-0.08295742693180298,-0.3030785017957927,3,2,Medias
815,5385,2017-06-26,Philadelphia,Pennsylvania,Technology,Phones,358.2,3,41.79000000000002,2017-06,0.11666666666666672,13.930000000000007,119.39999999999999,0.4784071727645401,1.0409715734685705,1.0028219599794765,34,3,Altas
816,5388,2017-02-18,Los Angeles,California,Technology,Phones,167.976,3,10.498500000000009,2017-02,0.06250000000000006,3.499500000000003,55.992,-0.20755420128460822,0.1947417589750433,0.18948178553104156,3,3,Medias
817,5389,2017-02-18,Los Angeles,California,Technology,Accessories,109.53,3,47.0979,2017-02,0.43,15.699300000000001,36.51,0.5947651094986519,-0.0652609101828373,-0.060415597742432034,3,0,Altas
818,5401,2017-09-21,Seattle,Washington,Technology,Accessories,71.98,2,15.1158,2017-09,0.21,7.5579,35.99,-0.10633535743253576,-0.23230570754926816,-0.06708568496664953,43,0,Medias
819,5402,2017-09-21,Seattle,Washington,Technology,Accessories,79.98,2,26.3934,2017-09,0.32999999999999996,13.1967,39.99,0.14088826533967624,-0.19671693580675292,-0.01577732170343762,43,0,Medias
820,5405,2016-02-22,Los Angeles,California,Technology,Phones,445.96,5,55.74499999999995,2016-02,0.12499999999999989,11.14899999999999,89.192,0.7843238266435748,1.4313803994839625,0.6153412006157003,3,3,Altas
821,5406,2016-02-22,Los Angeles,California,Technology,Accessories,36.24,1,15.2208,2016-02,0.42,15.2208,36.24,-0.10403358397088767,-0.39129854530895497,-0.06387891226269879,3,0,Medias
822,5413,2017-09-18,Clovis,New Mexico,Technology,Accessories,101.34,3,8.107199999999992,2017-09,0.07999999999999992,2.7023999999999972,33.78,-0.2599754477497422,-0.10169491525423727,-0.09543355566957412,28,0,Baixas
823,5414,2016-09-11,Wichita,Kansas,Technology,Phones,224.75,5,62.92999999999999,2016-09,0.27999999999999997,12.585999999999999,44.95,0.9418308963763508,0.44730637483873825,0.04784504874294516,13,3,Altas
824,5417,2017-09-23,Chicago,Illinois,Technology,Phones,39.984,2,-8.9964,2017-09,-0.22499999999999998,-4.4982,19.992,-0.6349146151653983,-0.37464300013345786,-0.27229348383786556,10,3,Baixas
825,5420,2015-10-23,Houston,Texas,Technology,Phones,150.384,2,15.038400000000005,2015-10,0.10000000000000003,7.519200000000002,75.192,-0.10803209329855051,0.11648204991325227,0.43576192919445866,39,3,Medias
826,5421,2016-03-31,Philadelphia,Pennsylvania,Technology,Phones,280.78200000000004,3,-60.836100000000016,2016-03,-0.2166666666666667,-20.278700000000004,93.59400000000001,-1.771326479163469,0.6965701321233152,0.6718060543868652,34,3,Baixas
827,5422,2016-03-31,Philadelphia,Pennsylvania,Technology,Accessories,31.984,2,1.1993999999999998,2016-03,0.03749999999999999,0.5996999999999999,15.992,-0.4114058355437661,-0.4102317718759731,-0.3236018471010775,34,0,Baixas
828,5436,2015-10-19,Los Angeles,California,Technology,Accessories,270.0,3,97.2,2015-10,0.36,32.4,90.0,1.6930859109542493,0.6486053650073401,0.6257054899948692,3,0,Altas
829,5443,2015-04-17,New York City,New York,Technology,Accessories,99.6,1,36.852,2015-04,0.37,36.852,99.6,0.3701580551110333,-0.10943547310823437,0.7488455618265777,29,0,Medias
830,5447,2016-08-26,New York City,New York,Technology,Phones,33.0,6,8.25,2016-08,0.25,1.375,5.5,-0.2568450358419006,-0.4057119978646736,-0.4581836839404823,29,3,Baixas
831,5448,2016-08-26,New York City,New York,Technology,Accessories,249.95,5,87.48249999999999,2016-08,0.35,17.496499999999997,49.989999999999995,1.4800622574917242,0.5594110058276612,0.11249358645459205,29,0,Altas
832,5450,2014-09-12,Olathe,Kansas,Technology,Accessories,57.400000000000006,5,10.905999999999992,2014-09,0.18999999999999984,2.1811999999999983,11.48,-0.19862112808821253,-0.29716624405000214,-0.38147768086198053,13,0,Medias
833,5481,2017-10-08,San Diego,California,Technology,Phones,103.192,1,11.609099999999998,2017-10,0.11249999999999999,11.609099999999998,103.192,-0.1832080145559766,-0.09345611459584503,0.794920472036942,3,3,Medias
834,5482,2017-10-08,San Diego,California,Technology,Accessories,36.0,2,6.479999999999997,2017-10,0.1799999999999999,3.2399999999999984,18.0,-0.2956463599096824,-0.39236620846123044,-0.2978450487429451,3,0,Baixas
835,5483,2017-10-08,San Diego,California,Technology,Accessories,239.96,4,115.1808,2017-10,0.48,28.7952,59.99,2.087254751518074,0.5149695271141954,0.24076449461262192,3,0,Altas
836,5488,2017-04-01,Jacksonville,Florida,Technology,Phones,23.976000000000003,3,-5.694300000000001,2017-04,-0.23750000000000002,-1.8981000000000003,7.992000000000001,-0.5625271280443689,-0.4458561323902308,-0.42621857362750126,7,3,Baixas
837,5497,2017-06-12,Marion,Ohio,Technology,Accessories,63.92000000000001,2,19.176,2017-06,0.29999999999999993,9.588,31.960000000000004,-0.017329065918407327,-0.2681613950798522,-0.1187788609543355,31,0,Medias
838,5500,2017-07-15,New York City,New York,Technology,Accessories,41.9,2,8.799,2017-07,0.21,4.3995,20.95,-0.2448100488852836,-0.3661194893011255,-0.2600051308363263,29,0,Baixas
839,5511,2017-05-15,Chicago,Illinois,Technology,Phones,11.12,2,3.475,2017-05,0.31250000000000006,1.7375,5.56,-0.3615209242168485,-0.5030472885804528,-0.4574140584915341,10,3,Baixas
840,5514,2015-05-30,New York City,New York,Technology,Phones,239.97,3,2.399699999999981,2015-05,0.00999999999999992,0.7998999999999937,79.99,-0.38509327662932674,0.5150140130788735,0.4973063109286814,29,3,Baixas
841,5516,2015-05-30,New York City,New York,Technology,Phones,128.85000000000002,3,3.865499999999997,2015-05,0.02999999999999997,1.2884999999999989,42.95000000000001,-0.3529605191047193,0.020685973575337066,0.02219086711133929,29,3,Baixas
842,5522,2017-12-04,Philadelphia,Pennsylvania,Technology,Accessories,255.968,4,-28.796399999999984,2017-12,-0.11249999999999995,-7.199099999999996,63.992,-1.0689633250761768,0.5861826593709683,0.2920985120574654,34,0,Baixas
843,5529,2015-03-31,Jacksonville,Florida,Technology,Phones,79.96,5,27.986,2015-03,0.35000000000000003,5.5972,15.991999999999999,0.17580068833987356,-0.19680590773610926,-0.32360184710107753,7,3,Medias
844,5532,2016-06-06,Little Rock,Arkansas,Technology,Accessories,179.94,6,75.57480000000001,2016-06,0.42000000000000004,12.595800000000002,29.99,1.2190258017844227,0.24796476711597484,-0.14404822986146743,2,0,Altas
845,5533,2016-06-06,Little Rock,Arkansas,Technology,Accessories,26.85,3,5.101499999999997,2016-06,0.1899999999999999,1.700499999999999,8.950000000000001,-0.3258653572133192,-0.4330708661417322,-0.413930220625962,2,0,Baixas
846,5534,2016-06-06,Little Rock,Arkansas,Technology,Accessories,323.37,3,129.348,2016-06,0.4,43.11600000000001,107.79,2.397823179954841,0.8860269584945948,0.8538994356080043,2,0,Altas
847,5548,2017-09-07,Draper,Utah,Technology,Phones,126.56,4,47.46,2017-09,0.375,11.865,31.64,0.6027029396935354,0.01049868766404199,-0.1228835300153925,40,3,Altas
848,5550,2014-11-28,San Francisco,California,Technology,Accessories,139.92999999999998,7,34.98249999999999,2014-11,0.24999999999999994,4.997499999999998,19.99,0.32917552666768957,0.06997642243872046,-0.2723191380194972,3,0,Medias
849,5553,2014-11-12,Houston,Texas,Technology,Accessories,79.51200000000001,3,20.8719,2014-11,0.26249999999999996,6.9573,26.504000000000005,0.01984786373501138,-0.19879887895369003,-0.18876346844535652,39,0,Medias
850,5566,2017-03-13,Chicago,Illinois,Technology,Machines,209.986,2,8.99939999999998,2017-03,0.04285714285714277,4.49969999999999,104.993,-0.24041694982133857,0.3816272965879264,0.8180220625962032,10,2,Medias
851,5571,2017-03-13,Chicago,Illinois,Technology,Phones,34.36000000000001,1,-7.301500000000002,2017-03,-0.2125,-7.301500000000002,34.36000000000001,-0.5977596071639953,-0.39966190666844603,-0.08799384299640832,10,3,Baixas
852,5575,2014-12-05,Columbus,Ohio,Technology,Phones,36.738,1,-9.184500000000003,2014-12,-0.2500000000000001,-9.184500000000003,36.738,-0.6390380779095508,-0.3890831442679834,-0.05749102103642893,31,3,Baixas
853,5576,2014-12-05,Columbus,Ohio,Technology,Phones,179.93999999999997,2,-44.985,2014-12,-0.25000000000000006,-22.4925,89.96999999999998,-1.4238441808974716,0.2479647671159747,0.625320677270395,31,3,Baixas
854,5586,2017-11-30,New York City,New York,Technology,Phones,546.0600000000001,3,163.81799999999998,2017-11,0.29999999999999993,54.605999999999995,182.02,3.1534625249358776,1.8766849059121846,1.8060543868650594,29,3,Altas
855,5595,2017-09-24,Lawrence,Massachusetts,Technology,Phones,391.98,2,109.75440000000005,2017-09,0.2800000000000001,54.87720000000002,195.99,1.9682990990201028,1.1912451621513411,1.985248845561827,18,3,Altas
856,5596,2017-09-24,Lawrence,Massachusetts,Technology,Phones,437.85,3,131.35499999999996,2017-09,0.2999999999999999,43.78499999999999,145.95000000000002,2.441819935550342,1.3953022821299879,1.343381221139046,18,3,Altas
857,5602,2014-10-03,Columbus,Ohio,Technology,Accessories,142.488,3,-3.5622000000000043,2014-10,-0.02500000000000003,-1.1874000000000013,47.496,-0.5157879737817037,0.0813559322033898,0.08050282195997953,31,0,Baixas
858,5611,2015-10-05,Cincinnati,Ohio,Technology,Accessories,53.040000000000006,3,-4.640999999999998,2015-10,-0.08749999999999995,-1.5469999999999995,17.680000000000003,-0.5394370519762364,-0.3165621246496729,-0.30194971780400204,31,0,Baixas
859,5620,2016-09-25,La Crosse,Wisconsin,Technology,Accessories,499.95,5,174.9825,2016-09,0.35,34.9965,99.99,3.3982068088651145,1.6715601227812622,0.7538481272447409,44,0,Altas
860,5624,2016-10-24,Los Angeles,California,Technology,Accessories,100.0,4,21.0,2016-10,0.21,5.25,25.0,0.02265602735822202,-0.10765603452110858,-0.20805541303232428,3,0,Medias
861,5625,2016-10-24,Los Angeles,California,Technology,Accessories,359.98,2,21.598799999999983,2016-10,0.05999999999999995,10.799399999999991,179.99,0.035782712585220346,1.0488900751812802,1.7800153925089792,3,0,Medias
862,5631,2014-02-11,Chesapeake,Virginia,Technology,Accessories,234.45,3,103.15800000000004,2014-02,0.4400000000000002,34.38600000000002,78.14999999999999,1.8236951136637662,0.49045776057653795,0.47370446382760384,42,0,Altas
863,5637,2017-09-03,La Mesa,California,Technology,Accessories,284.97,3,85.49099999999996,2017-09,0.2999999999999998,28.496999999999986,94.99000000000001,1.436405287502465,0.7152008541305218,0.6897126731657262,3,0,Altas
864,5658,2016-12-18,Salem,Oregon,Technology,Accessories,112.776,3,-8.458199999999998,2016-12,-0.07499999999999998,-2.8193999999999995,37.592,-0.6231163820505508,-0.050820766048311775,-0.0465366854797332,33,0,Baixas
865,5661,2016-12-18,Salem,Oregon,Technology,Phones,28.68,3,-7.17,2016-12,-0.25,-2.39,9.56,-0.5948769099239313,-0.4249299346056319,-0.4061056952283222,33,3,Baixas
866,5670,2016-06-11,Seattle,Washington,Technology,Accessories,389.97,3,132.58980000000005,2016-06,0.34000000000000014,44.19660000000002,129.99,2.468888791459325,1.1823034832510342,1.1386608517188304,43,0,Altas
867,5672,2015-06-09,Pocatello,Idaho,Technology,Phones,140.376,3,8.773500000000006,2015-06,0.06250000000000004,2.924500000000002,46.792,-0.24536905101168371,0.0719604964633658,0.07147255002565422,9,3,Baixas
868,5676,2014-05-28,Seattle,Washington,Technology,Phones,57.40800000000001,6,5.740800000000002,2014-05,0.10000000000000002,0.9568000000000003,9.568000000000001,-0.31185084507968475,-0.29713065527825966,-0.4060030785017958,43,3,Baixas
869,5677,2014-05-28,Seattle,Washington,Technology,Accessories,27.6,4,2.2079999999999984,2014-05,0.07999999999999993,0.5519999999999996,6.9,-0.38929565732073523,-0.4297344187908714,-0.4402257567983582,43,0,Baixas
870,5693,2015-12-10,Baltimore,Maryland,Technology,Phones,134.99,1,36.4473,2015-12,0.26999999999999996,36.4473,134.99,0.3612863625402812,0.04800035588771744,1.2027963057978452,17,3,Medias
871,5702,2016-11-24,Cleveland,Ohio,Technology,Accessories,139.96000000000004,5,-22.743500000000004,2016-11,-0.16249999999999998,-4.548700000000001,27.992000000000008,-0.9362737575903715,0.07010988033275516,-0.16967675731144166,31,0,Baixas
872,5705,2014-12-14,Marion,Ohio,Technology,Accessories,263.96,1,42.893499999999975,2014-12,0.16249999999999992,42.893499999999975,263.96,0.5025977157638595,0.621735842341741,2.8571062083119547,31,0,Altas
873,5713,2017-07-31,Chicago,Illinois,Technology,Phones,36.792,1,4.139099999999999,2017-07,0.11249999999999998,4.139099999999999,36.792,-0.3469627551132249,-0.3888429200587214,-0.05679835813237555,10,3,Baixas
874,5714,2014-03-01,New York City,New York,Technology,Phones,5.94,3,1.6038,2014-03,0.26999999999999996,0.5346,1.9800000000000002,-0.4025407194686187,-0.5260910182837314,-0.5033350436121088,29,3,Baixas
875,5716,2015-10-09,Ann Arbor,Michigan,Technology,Accessories,619.9499999999999,5,111.59099999999997,2015-10,0.17999999999999997,22.318199999999994,123.98999999999998,2.008560405112128,2.2053916989189903,1.0616983068240122,19,0,Altas
876,5717,2015-10-09,Ann Arbor,Michigan,Technology,Phones,29.160000000000004,3,8.456399999999999,2015-10,0.2899999999999999,2.8187999999999995,9.72,-0.25232040686586105,-0.4227946083010809,-0.4040533606977938,19,3,Baixas
877,5722,2015-11-14,Springfield,Oregon,Technology,Accessories,91.17600000000002,3,4.558799999999994,2015-11,0.049999999999999926,1.519599999999998,30.392000000000007,-0.33776223776223746,-0.1469104497531028,-0.13889173935351454,33,0,Baixas
878,5723,2015-11-14,Springfield,Oregon,Technology,Accessories,159.96800000000002,4,29.993999999999986,2015-11,0.1874999999999999,7.498499999999996,39.992000000000004,0.21981936558739057,0.15911739846078565,-0.015751667521805984,33,0,Medias
879,5727,2015-05-04,Houston,Texas,Technology,Phones,946.344,7,118.29299999999988,2015-05,0.12499999999999986,16.898999999999983,135.192,2.15547931692132,3.657386894434805,1.2053873781426374,39,3,Altas
880,5728,2017-12-08,Madison,Wisconsin,Technology,Accessories,178.11,3,32.0598,2017-12,0.18,10.6866,59.370000000000005,0.26510511432141554,0.23982383557987455,0.2328116983068241,44,0,Medias
881,5742,2017-03-28,Fairfield,California,Technology,Machines,532.72,2,53.27199999999999,2017-03,0.09999999999999998,26.635999999999996,266.36,0.7301115812087597,1.8173406290315404,2.8878912262698826,3,2,Altas
882,5747,2016-12-08,Greenville,North Carolina,Technology,Phones,249.58400000000003,2,31.197999999999983,2016-12,0.12499999999999992,15.598999999999991,124.79200000000002,0.24621303461428837,0.5577828195204413,1.0719856336582867,30,3,Medias
883,5748,2016-12-08,Greenville,North Carolina,Technology,Accessories,68.112,3,17.879399999999997,2016-12,0.26249999999999996,5.959799999999999,22.703999999999997,-0.04575267992195865,-0.2495128786867743,-0.23750641354540794,30,0,Medias
884,5749,2016-12-08,Greenville,North Carolina,Technology,Accessories,16.560000000000002,3,-2.4840000000000018,2016-12,-0.15000000000000008,-0.8280000000000006,5.5200000000000005,-0.4921520485783804,-0.4788469237955424,-0.45792714212416624,30,0,Baixas
885,5750,2017-11-18,Long Beach,New York,Technology,Phones,74.95,5,36.7255,2017-11,0.48999999999999994,7.3450999999999995,14.99,0.3673849661310477,-0.21909337603985937,-0.33645459209851203,29,3,Medias
886,5759,2015-11-22,Hialeah,Florida,Technology,Machines,32.985,3,-1.9791000000000023,2015-11,-0.060000000000000074,-0.6597000000000007,10.995,-0.4810838064756556,-0.40577872681169086,-0.387698819907645,7,2,Baixas
887,5766,2014-11-08,Redding,California,Technology,Phones,333.576,3,25.0182,2014-11,0.075,8.3394,111.19200000000001,0.11074160948769127,0.9314293340451087,0.897537198563366,3,3,Medias
888,5768,2017-09-08,Houston,Texas,Technology,Accessories,85.2,6,20.235,2017-09,0.2375,3.3725,14.200000000000001,0.005885963566214648,-0.17349526224476175,-0.3465879938429964,39,0,Medias
889,5781,2015-04-02,Los Angeles,California,Technology,Machines,71.976,3,24.2919,2015-04,0.33749999999999997,8.097299999999999,23.992,0.0948199136286913,-0.23232350193513943,-0.22098512057465367,3,2,Medias
890,5801,2014-07-11,El Paso,Texas,Technology,Phones,575.9680000000001,4,43.19760000000002,2014-07,0.07500000000000002,10.799400000000006,143.99200000000002,0.5092640901418337,2.009733529071578,1.3182657773217037,39,3,Altas
891,5803,2015-03-22,Thousand Oaks,California,Technology,Phones,15.984000000000002,2,1.1988000000000003,2015-03,0.07500000000000001,0.5994000000000002,7.992000000000001,-0.4114189885349755,-0.4814093153610035,-0.42621857362750126,3,3,Baixas
892,5815,2015-06-15,Tampa,Florida,Technology,Accessories,11.672,1,-0.7295000000000007,2015-06,-0.06250000000000006,-0.7295000000000007,11.672,-0.4536905101168419,-0.5005916633302192,-0.37901487942534634,7,0,Baixas
893,5816,2014-11-26,Utica,New York,Technology,Phones,279.96,4,78.3888,2014-11,0.28,19.5972,69.99,1.2807133305565908,0.6929133858267714,0.3690354027706516,29,3,Altas
894,5832,2015-07-18,San Diego,California,Technology,Accessories,519.96,4,176.7864,2015-07,0.33999999999999997,44.1966,129.99,3.437751276936228,1.7605765381022285,1.1386608517188304,3,0,Altas
895,5837,2015-06-09,Miami,Florida,Technology,Accessories,72.6,5,-8.167499999999993,2015-06,-0.11249999999999992,-1.6334999999999986,14.52,-0.6167437578095878,-0.22954757773922327,-0.3424833247819395,7,0,Baixas
896,5838,2017-11-27,Los Angeles,California,Technology,Phones,57.568,4,5.756800000000002,2017-11,0.10000000000000003,1.4392000000000005,14.392,-0.3115000986474336,-0.29641887984340937,-0.34412519240636225,3,3,Baixas
897,5842,2015-11-17,San Diego,California,Technology,Phones,415.9680000000001,4,51.99599999999998,2015-11,0.12499999999999993,12.998999999999995,103.99200000000002,0.7021395532367316,1.2979580942212734,0.8051821446895847,3,3,Altas
898,5887,2014-10-16,San Francisco,California,Technology,Accessories,179.97,3,86.38560000000001,2014-10,0.48000000000000004,28.795200000000005,59.99,1.4560163973957079,0.24809822501000928,0.24076449461262192,3,0,Altas
899,5893,2016-11-21,Chicago,Illinois,Technology,Accessories,81.57600000000001,3,2.039399999999993,2016-11,0.02499999999999991,0.6797999999999976,27.192000000000004,-0.3929916478505817,-0.18961697584412113,-0.1799384299640841,10,0,Baixas
900,5899,2016-04-03,Richmond,Indiana,Technology,Phones,259.96,4,124.7808,2016-04,0.48000000000000004,31.1952,64.99,2.2977026108687544,0.6039414564704834,0.3048999486916367,11,3,Altas
901,5907,2017-11-06,San Francisco,California,Technology,Accessories,16.95,1,1.0169999999999997,2017-11,0.059999999999999984,1.0169999999999997,16.95,-0.415404344871429,-0.4771119711730948,-0.31131349409953823,3,0,Baixas
902,5920,2015-09-17,New York City,New York,Technology,Phones,209.97,3,58.7916,2015-09,0.28,19.5972,69.99,0.851110331674595,0.38155611904444137,0.3690354027706516,29,3,Altas
903,5923,2015-09-17,New York City,New York,Technology,Phones,67.8,4,1.3559999999999943,2015-09,0.019999999999999917,0.3389999999999986,16.95,-0.4079729048381082,-0.2509008407847324,-0.31131349409953823,29,3,Baixas
904,5934,2017-07-07,Philadelphia,Pennsylvania,Technology,Accessories,16.776000000000003,3,4.8231,2017-07,0.2875,1.6077000000000001,5.592000000000001,-0.33196834513448886,-0.4778860269584945,-0.45700359158542847,34,0,Baixas
905,5935,2017-07-07,Philadelphia,Pennsylvania,Technology,Accessories,527.92,2,85.78699999999995,2017-07,0.16249999999999992,42.893499999999975,263.96,1.4428940964991108,1.7959873659860308,2.8571062083119547,34,0,Altas
906,5937,2016-07-04,Seattle,Washington,Technology,Phones,177.48000000000002,3,19.966499999999986,2016-07,0.1124999999999999,6.6554999999999955,59.160000000000004,0.0,0.23702121980515148,0.23011800923550546,43,3,Medias
907,5938,2016-07-04,Seattle,Washington,Technology,Phones,71.976,3,8.99699999999999,2016-07,0.12499999999999985,2.9989999999999966,23.992,-0.24046956178617604,-0.23232350193513943,-0.22098512057465367,43,3,Baixas
908,5939,2017-05-19,Plano,Texas,Technology,Phones,95.992,1,9.5992,2017-05,0.09999999999999999,9.5992,95.992,-0.22726834294232373,-0.12548600916410868,0.7025654181631608,39,3,Medias
909,5943,2016-08-06,Los Angeles,California,Technology,Phones,211.168,4,18.47720000000001,2016-08,0.08750000000000005,4.619300000000003,52.792,-0.03264791634697535,0.3868855376128831,0.14843509492047208,3,3,Medias
910,5945,2014-08-25,Los Angeles,California,Technology,Accessories,95.1,5,30.431999999999995,2014-08,0.31999999999999995,6.086399999999999,19.02,0.2294210491702656,-0.12945415721339917,-0.28476141611082606,3,0,Medias
911,5950,2017-03-05,Southaven,Mississippi,Technology,Accessories,299.97,3,125.9874,2017-03,0.41999999999999993,41.995799999999996,99.99000000000001,2.324153276190893,0.7819298011477379,0.753848127244741,21,0,Altas
912,5962,2014-11-11,Los Angeles,California,Technology,Phones,575.928,9,57.59279999999998,2014-11,0.09999999999999996,6.399199999999998,63.992,0.8248306552381784,2.009555585212865,0.2920985120574654,3,3,Altas
913,5967,2017-08-20,San Francisco,California,Technology,Phones,107.88,3,10.787999999999997,2017-08,0.09999999999999998,3.5959999999999988,35.96,-0.20120788302606452,-0.0726010943547311,-0.06747049769112363,3,3,Medias
914,5992,2017-09-15,Los Angeles,California,Technology,Phones,369.544,7,32.335100000000025,2017-09,0.08750000000000008,4.6193000000000035,52.791999999999994,0.2711401451213371,1.091436451799457,0.148435094920472,3,3,Medias
915,6007,2017-12-11,New Bedford,Massachusetts,Technology,Phones,128.85000000000002,3,3.865499999999997,2017-12,0.02999999999999997,1.2884999999999989,42.95000000000001,-0.3529605191047193,0.020685973575337066,0.02219086711133929,18,3,Baixas
916,6013,2015-12-30,Los Angeles,California,Technology,Phones,287.88,3,35.985,2015-12,0.125,11.995,95.96,0.35115198281342497,0.7281462698518616,0.7021549512570548,3,3,Medias
917,6022,2016-08-13,Kenner,Louisiana,Technology,Accessories,71.98,2,15.1158,2016-08,0.21,7.5579,35.99,-0.10633535743253576,-0.23230570754926816,-0.06708568496664953,15,0,Medias
918,6024,2017-04-24,Providence,Rhode Island,Technology,Accessories,69.98,2,4.898600000000002,2017-04,0.07000000000000002,2.449300000000001,34.99,-0.3303132604073038,-0.24120290048489695,-0.07991277578245251,35,0,Baixas
919,6028,2017-02-23,Seattle,Washington,Technology,Phones,71.96,5,25.186,2017-02,0.35000000000000003,5.0372,14.392,0.11442006269592503,-0.2323946794786245,-0.34412519240636225,43,3,Medias
920,6041,2017-09-24,Los Angeles,California,Technology,Phones,859.2,3,75.18000000000006,2017-09,0.08750000000000006,25.06000000000002,286.40000000000003,1.2103711335686271,3.2697184038435867,3.1449461262185743,3,3,Altas
921,6042,2017-09-24,Los Angeles,California,Technology,Machines,506.28,3,177.19799999999998,2017-09,0.35,59.065999999999995,168.76,3.4467742289058885,1.6997197384225273,1.6359671626475116,3,2,Altas
922,6060,2014-12-30,Philadelphia,Pennsylvania,Technology,Accessories,27.968000000000004,2,6.992000000000001,2014-12,0.25,3.4960000000000004,13.984000000000002,-0.28442247407764604,-0.4280973352907157,-0.34935864545920986,34,0,Baixas
923,6070,2017-05-20,Lakewood,California,Technology,Machines,343.20000000000005,1,38.60999999999996,2017-05,0.11249999999999986,38.60999999999996,343.20000000000005,0.40869631935462575,0.9742426264513546,3.873524884556183,3,2,Altas
924,6078,2016-09-01,New York City,New York,Technology,Accessories,72.48,2,30.4416,2016-09,0.42,15.2208,36.24,0.22963149702961638,-0.23008140931536095,-0.06387891226269879,29,0,Medias
925,6085,2016-11-22,Houston,Texas,Technology,Accessories,24.032,2,-0.6008000000000004,2016-11,-0.02500000000000002,-0.3004000000000002,12.016,-0.45086919350242183,-0.4456070109880332,-0.37460236018471016,39,0,Baixas
926,6092,2017-09-20,New York City,New York,Technology,Accessories,212.8,2,95.76,2017-09,0.45,47.88,106.4,1.6615187320516471,0.3941456470483562,0.8360697793740381,29,0,Altas
927,6094,2017-09-20,New York City,New York,Technology,Accessories,72.64,2,21.791999999999994,2017-09,0.29999999999999993,10.895999999999997,36.32,0.040017975754653046,-0.22936963388051065,-0.06285274499743457,29,0,Medias
928,6103,2017-09-20,New York City,New York,Technology,Phones,104.85,3,28.309500000000007,2017-09,0.2700000000000001,9.436500000000002,34.949999999999996,0.18289234276695132,-0.08608034165220875,-0.0804258594150847,29,3,Medias
929,6104,2017-09-20,New York City,New York,Technology,Accessories,59.97,3,20.3898,2017-09,0.34,6.796600000000001,19.99,0.009279435298244407,-0.28573335112771914,-0.2723191380194972,29,0,Medias
930,6108,2014-12-20,Grand Prairie,Texas,Technology,Accessories,65.44,5,-8.180000000000003,2014-12,-0.12500000000000006,-1.6360000000000006,13.088,-0.6170177784597842,-0.2613995284487744,-0.3608517188301693,39,0,Baixas
931,6119,2017-09-19,Springfield,Oregon,Technology,Phones,191.976,3,19.197599999999994,2017-09,0.09999999999999996,6.399199999999998,63.992,-0.016855558234868385,0.301508074202589,0.2920985120574654,33,3,Medias
932,6125,2017-06-03,Los Angeles,California,Technology,Accessories,44.75,5,8.502499999999994,2017-06,0.18999999999999986,1.7004999999999988,8.95,-0.25130981870793756,-0.3534409893678544,-0.413930220625962,3,0,Baixas
933,6130,2017-03-26,Virginia Beach,Virginia,Technology,Accessories,53.25,3,20.7675,2017-03,0.38999999999999996,6.922499999999999,17.75,0.017559243264572685,-0.3156279193914319,-0.30105182144689585,42,0,Medias
934,6136,2015-10-18,Mcallen,Texas,Technology,Accessories,27.696,3,3.462,2015-10,0.125,1.1540000000000001,9.232000000000001,-0.3618059056930526,-0.42930735352996124,-0.41031298101590563,39,0,Baixas
935,6143,2017-07-09,Manchester,Connecticut,Technology,Phones,257.98,2,74.8142,2017-07,0.29,37.4071,128.99,1.202352193261284,0.595133235464211,1.1258337609030273,5,3,Altas
936,6149,2016-06-27,San Francisco,California,Technology,Phones,201.584,2,12.599000000000004,2016-06,0.06250000000000001,6.299500000000002,100.792,-0.1615077712256391,0.3442501890653498,0.764135454079015,3,3,Medias
937,6161,2014-03-19,Lakeland,Florida,Technology,Phones,323.97600000000006,3,28.34789999999998,2014-03,0.08749999999999993,9.449299999999994,107.99200000000002,0.18373413420435347,0.8887228079540906,0.8564905079527966,7,3,Medias
938,6167,2014-03-19,Lakeland,Florida,Technology,Accessories,170.24,2,53.19999999999999,2014-03,0.3124999999999999,26.599999999999994,85.12,0.7285332222636296,0.20481338137817517,0.5631092868137507,7,0,Altas
939,6174,2014-08-02,Springfield,Missouri,Technology,Accessories,21.2,2,9.116,2014-08,0.43,4.558,10.6,-0.237860885196308,-0.4582054361848836,-0.39276552077988713,22,0,Medias
940,6181,2015-09-21,Columbia,South Carolina,Technology,Phones,629.9499999999999,5,176.38600000000002,2015-09,0.2800000000000001,35.27720000000001,125.98999999999998,3.4289738474691447,2.2498776635971343,1.087352488455618,36,3,Altas
941,6182,2015-09-21,Columbia,South Carolina,Technology,Phones,113.73,3,32.98169999999999,2015-09,0.28999999999999987,10.993899999999996,37.910000000000004,0.2853146853146853,-0.0465768050180168,-0.04245767060030779,36,3,Medias
942,6190,2017-04-04,Des Plaines,Illinois,Technology,Phones,383.84,4,47.97999999999999,2017-04,0.12499999999999999,11.994999999999997,95.96,0.614102198741697,1.1550335869033317,0.7021549512570548,10,3,Altas
943,6196,2017-10-21,Philadelphia,Pennsylvania,Technology,Phones,329.988,2,-76.99720000000002,2017-10,-0.2333333333333334,-38.49860000000001,164.994,-2.125604489554332,0.9154677699185906,1.5876603386351977,34,3,Baixas
944,6199,2015-11-13,Columbus,Indiana,Technology,Phones,50.97,3,13.252199999999997,2015-11,0.25999999999999995,4.417399999999999,16.99,-0.1471885481289867,-0.3257707193380488,-0.31080041046690615,11,3,Medias
945,6202,2015-04-16,Evanston,Illinois,Technology,Accessories,43.56,3,-4.900499999999997,2015-04,-0.11249999999999993,-1.633499999999999,14.520000000000001,-0.5451257206743094,-0.3587348191645535,-0.34248332478193944,10,0,Baixas
946,6204,2016-10-21,Columbus,Ohio,Technology,Phones,235.152,8,-47.03039999999999,2016-10,-0.19999999999999998,-5.878799999999999,29.394,-1.4686827279303758,0.49358067529694366,-0.151693175987686,31,3,Baixas
947,6218,2015-07-27,Louisville,Kentucky,Technology,Phones,29.97,3,0.2996999999999996,2015-07,0.009999999999999986,0.09989999999999986,9.99,-0.4311287458622877,-0.4191912451621513,-0.4005900461775269,14,3,Baixas
948,6219,2016-10-20,Trenton,Michigan,Technology,Phones,125.7,6,35.196,2016-10,0.27999999999999997,5.866,20.95,0.3338557993730409,0.006672894701721606,-0.2600051308363263,19,3,Medias
949,6220,2016-10-20,Trenton,Michigan,Technology,Phones,191.98,2,51.8346,2016-10,0.27,25.9173,95.99,0.6986013986013987,0.3015258685884602,0.702539763981529,19,3,Altas
950,6228,2014-11-02,Irving,Texas,Technology,Phones,88.77600000000001,3,7.767900000000001,2014-11,0.0875,2.5893,29.592000000000002,-0.2674134642786676,-0.1575870812758574,-0.14915341200615698,39,3,Baixas
951,6229,2016-01-22,Cleveland,Ohio,Technology,Phones,110.376,4,-20.235600000000005,2016-01,-0.18333333333333338,-5.058900000000001,27.594,-0.8812964465002077,-0.06149739757106631,-0.17478193945613132,31,3,Baixas
952,6230,2016-01-22,Cleveland,Ohio,Technology,Accessories,55.176,3,15.8631,2016-01,0.2875,5.2877,18.392,-0.08995330688120623,-0.3070599225944214,-0.2928168291431503,31,0,Medias
953,6236,2017-09-11,Seattle,Washington,Technology,Phones,79.96,5,-17.991000000000003,2017-09,-0.22500000000000006,-3.5982000000000007,15.991999999999999,-0.8320911063857767,-0.19680590773610926,-0.32360184710107753,43,3,Baixas
954,6247,2015-11-20,Seattle,Washington,Technology,Accessories,13.98,2,6.011400000000001,2015-11,0.43000000000000005,3.0057000000000005,6.99,-0.3059188460442374,-0.49032430268250354,-0.43907131862493587,43,0,Baixas
955,6254,2014-04-07,Marietta,Georgia,Technology,Phones,200.97,3,50.24250000000001,2014-04,0.25000000000000006,16.747500000000002,66.99,0.6636999364272094,0.34151875083411176,0.33055413032324266,8,3,Altas
956,6268,2015-10-01,Cambridge,Massachusetts,Technology,Phones,311.98,2,93.594,2015-10,0.3,46.797,155.99,1.6140364337856496,0.8353574447261889,1.4721652129297078,18,3,Altas
957,6270,2017-12-02,Oakland,California,Technology,Phones,39.992,1,-7.998400000000007,2017-12,-0.2000000000000002,-7.998400000000007,39.992,-0.6130368064537339,-0.37460741136171527,-0.015751667521806074,3,3,Baixas
958,6273,2017-12-11,Palatine,Illinois,Technology,Accessories,116.312,7,23.262400000000003,2017-12,0.20000000000000004,3.3232000000000004,16.616,0.07225157287853248,-0.035090528938120036,-0.31559774243201644,10,0,Medias
959,6275,2016-07-17,Seattle,Washington,Technology,Accessories,428.4,3,89.964,2016-07,0.21000000000000002,29.988,142.79999999999998,1.5344608369686736,1.3532630455091414,1.302975885069266,43,0,Altas
960,6279,2016-07-17,Seattle,Washington,Technology,Phones,20.784,2,-4.6764,2016-07,-0.225,-2.3382,10.392,-0.540213078457592,-0.46005605231549435,-0.39543355566957417,43,3,Baixas
961,6287,2016-10-24,Lebanon,Tennessee,Technology,Phones,239.976,3,17.998199999999997,2016-10,0.07499999999999998,5.999399999999999,79.992,-0.04314838766249398,0.5150407046576804,0.4973319651103131,38,3,Medias
962,6293,2015-04-22,Los Angeles,California,Technology,Phones,88.77600000000001,3,7.767900000000001,2015-04,0.0875,2.5893,29.592000000000002,-0.2674134642786676,-0.1575870812758574,-0.14915341200615698,3,3,Baixas
963,6303,2017-11-23,Dallas,Texas,Technology,Phones,195.96000000000004,5,19.59600000000001,2017-11,0.10000000000000003,3.9192000000000022,39.19200000000001,-0.00812197207181478,0.31923128253036176,-0.02601334017444833,39,3,Medias
964,6314,2017-02-16,Fairfield,Connecticut,Technology,Phones,14.99,1,7.3451,2017-02,0.49000000000000005,7.3451,14.99,-0.27668193875090386,-0.4858312202500111,-0.33645459209851203,5,3,Baixas
965,6319,2017-11-25,Laguna Niguel,California,Technology,Phones,39.96000000000001,5,3.4965,2017-11,0.08749999999999998,0.6993,7.992000000000002,-0.36104960869851105,-0.37474976644868535,-0.42621857362750126,3,3,Baixas
966,6324,2014-06-17,Newark,Delaware,Technology,Machines,65.97,3,31.0059,2014-06,0.47000000000000003,10.3353,21.99,0.24200188526207358,-0.25904177232083275,-0.24666495638789124,6,2,Medias
967,6338,2016-08-30,Los Angeles,California,Technology,Phones,339.96000000000004,5,42.49499999999995,2016-08,0.12499999999999983,8.49899999999999,67.992,0.49386193743560414,0.9598291738956359,0.3434068753206774,3,3,Altas
968,6339,2017-10-05,New York City,New York,Technology,Phones,87.8,4,43.9,2017-10,0.5,10.975,21.95,0.524661858517658,-0.16192891142844432,-0.24717804002052335,29,3,Altas
969,6343,2015-03-07,Newark,Delaware,Technology,Accessories,119.85,3,52.73400000000001,2015-03,0.4400000000000001,17.578000000000003,39.949999999999996,0.7183177324243157,-0.019351394634992695,-0.016290405336069822,6,0,Altas
970,6346,2015-03-07,Newark,Delaware,Technology,Phones,587.97,3,170.51129999999998,2015-03,0.2899999999999999,56.83709999999999,195.99,3.300190718372535,2.063125583878286,1.985248845561827,6,3,Altas
971,6352,2017-11-03,Miami,Florida,Technology,Phones,361.376,2,27.1032,2017-11,0.07500000000000001,13.5516,180.688,0.15644825394041723,1.055100315850349,1.7889687018984095,7,3,Medias
972,6355,2015-09-06,New York City,New York,Technology,Phones,337.98,2,101.39399999999998,2015-09,0.29999999999999993,50.69699999999999,168.99,1.7850253195080772,0.9510209528893633,1.6389173935351464,29,3,Altas
973,6360,2017-01-23,Seattle,Washington,Technology,Phones,86.352,6,8.635200000000001,2017-01,0.1,1.4392000000000003,14.392000000000001,-0.24840081548545453,-0.16837047911383954,-0.3441251924063622,43,3,Baixas
974,6366,2017-04-04,New York City,New York,Technology,Phones,41.22,1,11.1294,2017-04,0.27,11.1294,41.22,-0.19372383102790586,-0.3691445348992392,0.0,29,3,Medias
975,6368,2017-04-04,New York City,New York,Technology,Phones,119.02,2,33.32560000000001,2017-04,0.2800000000000001,16.662800000000004,59.51,0.2928535414428835,-0.023043729703278643,0.23460749102103642,29,3,Medias
976,6374,2017-10-03,New York City,New York,Technology,Accessories,371.97,3,66.95459999999997,2017-10,0.1799999999999999,22.31819999999999,123.99000000000001,1.03005677707872,1.1022287468303749,1.0616983068240124,29,0,Altas
977,6379,2017-04-10,Waterbury,Connecticut,Technology,Accessories,99.99,1,41.9958,2017-04,0.42000000000000004,41.9958,99.99,0.4829186487493699,-0.10770052048578675,0.7538481272447409,5,0,Altas
978,6383,2016-03-29,Springfield,Ohio,Technology,Phones,158.37599999999998,4,-36.95439999999999,2016-03,-0.2333333333333333,-9.238599999999998,39.593999999999994,-1.247800162220224,0.15203523288402493,-0.020856849666495703,31,3,Baixas
979,6385,2017-01-15,Austin,Texas,Technology,Accessories,47.984,2,14.395200000000004,2017-01,0.3000000000000001,7.197600000000002,23.992,-0.12213209987504613,-0.3390542283909426,-0.22098512057465367,39,0,Medias
980,6386,2017-01-15,Austin,Texas,Technology,Accessories,62.592,8,13.3008,2017-01,0.21250000000000002,1.6626,7.824,-0.14612315584102378,-0.2740691311891098,-0.4283735248845562,39,0,Medias
981,6405,2015-11-30,Raleigh,North Carolina,Technology,Phones,177.48000000000002,3,19.966499999999986,2015-11,0.1124999999999999,6.6554999999999955,59.160000000000004,0.0,0.23702121980515148,0.23011800923550546,30,3,Medias
982,6411,2017-05-14,Houston,Texas,Technology,Phones,7.992000000000001,1,0.6993,2017-05,0.0875,0.6993,7.992000000000001,-0.4223688537168156,-0.5169624983317762,-0.42621857362750126,39,3,Baixas
983,6414,2017-08-17,Louisville,Kentucky,Technology,Accessories,98.16,6,9.815999999999995,2017-08,0.09999999999999995,1.6359999999999992,16.36,-0.22251572878532097,-0.1158414520218871,-0.318881477680862,14,0,Medias
984,6417,2016-03-08,Philadelphia,Pennsylvania,Technology,Phones,108.576,4,-25.3344,2016-03,-0.23333333333333334,-6.3336,27.144,-0.9930705657978378,-0.06950487121313229,-0.18055413032324272,34,3,Baixas
985,6423,2014-07-26,Draper,Utah,Technology,Accessories,111.93,7,34.6983,2014-07,0.31,4.9569,15.99,0.3229453931648292,-0.05458427866008272,-0.32362750128270906,40,0,Medias
986,6429,2016-05-23,Philadelphia,Pennsylvania,Technology,Phones,122.382,3,-24.4764,2016-05,-0.2,-8.158800000000001,40.794000000000004,-0.9742617883683707,-0.008087548378486575,-0.005464340687532002,34,3,Baixas
987,6435,2015-03-30,Chicago,Illinois,Technology,Phones,180.96,5,13.571999999999996,2015-03,0.07499999999999997,2.714399999999999,36.192,-0.14017800381436718,0.25250233551314555,-0.06449461262185735,10,3,Medias
988,6438,2017-05-27,Pocatello,Idaho,Technology,Phones,302.376,3,22.67820000000001,2017-05,0.07500000000000004,7.559400000000004,100.79199999999999,0.05944494377096311,0.7926331242492991,0.7641354540790148,9,3,Medias
989,6453,2015-12-19,Glenview,Illinois,Technology,Phones,158.376,3,13.857900000000008,2015-12,0.08750000000000005,4.619300000000003,52.792,-0.13391060350307946,0.15203523288402507,0.14843509492047208,10,3,Medias
990,6457,2014-08-05,New York City,New York,Technology,Phones,135.99,1,36.71730000000001,2014-08,0.2700000000000001,36.71730000000001,135.99,0.36720520858451927,0.05244895235553185,1.2156233966136483,29,3,Medias
991,6462,2017-05-14,Baltimore,Maryland,Technology,Accessories,89.97,3,18.893699999999995,2017-05,0.20999999999999996,6.2978999999999985,29.99,-0.02351754828243834,-0.15227545709328705,-0.14404822986146743,17,0,Medias
992,6467,2017-05-22,Los Angeles,California,Technology,Accessories,68.46,7,25.3302,2017-05,0.37000000000000005,3.6186000000000003,9.78,0.1175811649165884,-0.2479647671159749,-0.4032837352488456,3,0,Medias
993,6469,2016-12-02,Providence,Rhode Island,Technology,Phones,629.9499999999999,5,176.38600000000002,2016-12,0.2800000000000001,35.27720000000001,125.98999999999998,3.4289738474691447,2.2498776635971343,1.087352488455618,35,3,Altas
994,6471,2015-08-29,Detroit,Michigan,Technology,Phones,131.98,2,35.634600000000006,2015-08,0.2700000000000001,17.817300000000003,65.99,0.3434706359471253,0.034610080519596,0.3177270395074397,19,3,Medias
995,6472,2015-08-29,Detroit,Michigan,Technology,Accessories,114.52,7,11.451999999999996,2015-08,0.09999999999999998,1.6359999999999995,16.36,-0.18665190608764246,-0.04306241380844346,-0.318881477680862,19,0,Medias
996,6478,2017-06-03,Pembroke Pines,Florida,Technology,Accessories,205.992,1,-2.574900000000028,2017-06,-0.012500000000000136,-2.574900000000028,205.992,-0.4941447267466077,0.36385960229547565,2.113545407901488,7,0,Baixas
997,6480,2017-06-03,Pembroke Pines,Florida,Technology,Phones,503.96,5,50.396000000000015,2017-06,0.10000000000000003,10.079200000000004,100.792,0.6670649100116188,1.689398994617198,0.764135454079015,7,3,Altas
998,6483,2017-06-03,Pembroke Pines,Florida,Technology,Accessories,110.4,2,-4.140000000000008,2017-06,-0.03750000000000007,-2.070000000000004,55.2,-0.528454304316373,-0.061390631255838754,0.17932272960492568,7,0,Baixas
999,6485,2017-06-03,New York City,New York,Technology,Machines,78.66,6,36.18359999999999,2017-06,0.4599999999999999,6.030599999999999,13.11,0.355505622903742,-0.20258908314426796,-0.36056952283222166,29,2,Medias
1000,6494,2016-11-20,Orlando,Florida,Technology,Phones,244.768,4,24.476800000000004,2016-11,0.10000000000000002,6.119200000000001,61.192,0.0988732270863936,0.536358378931447,0.2561826577732171,7,3,Medias
1001,6495,2017-10-28,Houston,Texas,Technology,Accessories,24.0,2,-2.7,2017-10,-0.1125,-1.35,12.0,-0.49688712541377067,-0.44574936607500326,-0.37480759363776295,39,0,Baixas
1002,6497,2017-10-28,Houston,Texas,Technology,Accessories,26.176,2,-3.272000000000002,2017-10,-0.12500000000000008,-1.636000000000001,13.088,-0.5094263103667488,-0.4360692201610391,-0.3608517188301693,39,0,Baixas
1003,6503,2014-11-02,Medina,Ohio,Technology,Phones,50.232,7,-10.046400000000002,2014-11,-0.20000000000000004,-1.4352000000000003,7.176,-0.657932349781879,-0.32905378353129583,-0.4366854797331965,31,3,Baixas
1004,6515,2017-03-06,San Francisco,California,Technology,Phones,206.384,2,23.2182,2017-03,0.1125,11.6091,103.192,0.07128263585943864,0.3656034521108589,0.794920472036942,3,3,Medias
1005,6525,2016-07-07,Philadelphia,Pennsylvania,Technology,Phones,59.99399999999999,1,-12.998700000000008,2016-07,-0.21666666666666684,-12.998700000000008,59.99399999999999,-0.7226516430278181,-0.28562658481249165,0.240815802975885,34,3,Baixas
1006,6533,2017-12-04,Rochester,Minnesota,Technology,Accessories,142.8,1,29.988,2017-12,0.21,29.988,142.8,0.2196878356752967,0.08274389430134794,1.3029758850692665,20,0,Medias
1007,6534,2017-12-04,Rochester,Minnesota,Technology,Accessories,399.95,5,143.982,2017-12,0.36,28.7964,79.99,2.7186246355525343,1.2267004759998217,0.4973063109286814,20,0,Altas
1008,6539,2015-10-25,Newark,Delaware,Technology,Phones,158.99,1,41.3374,2015-10,0.26,41.3374,158.99,0.4684854330622357,0.15476667111526313,1.5106464853771167,6,3,Altas
1009,6543,2017-11-16,Seattle,Washington,Technology,Phones,107.88,3,10.787999999999997,2017-11,0.09999999999999998,3.5959999999999988,35.96,-0.20120788302606452,-0.0726010943547311,-0.06747049769112363,43,3,Medias
1010,6554,2014-10-20,Chicago,Illinois,Technology,Accessories,319.968,4,71.9928,2014-10,0.225,17.9982,79.992,1.1405024442641998,0.8708928333110902,0.4973319651103131,10,0,Altas
1011,6572,2014-04-18,Houston,Texas,Technology,Accessories,227.976,3,28.49699999999996,2014-04,0.12499999999999983,9.498999999999986,75.992,0.1870026525198933,0.46165754704390755,0.44602360184710116,39,0,Medias
1012,6575,2016-11-25,Plainfield,New Jersey,Technology,Machines,319.92,8,118.37040000000002,2016-11,0.37000000000000005,14.796300000000002,39.99,2.157176052787338,0.8706793006806351,-0.01577732170343762,27,2,Altas
1013,6578,2015-12-06,Arlington,Virginia,Technology,Phones,173.94,6,50.44259999999998,2015-12,0.28999999999999987,8.407099999999996,28.99,0.6680864589955494,0.2212731883090884,-0.15687532067727042,42,3,Altas
1014,6579,2014-08-25,Seattle,Washington,Technology,Phones,1007.9440000000002,7,75.5958,2014-08,0.07499999999999998,10.7994,143.99200000000002,1.2194861564767518,3.931420436852173,1.3182657773217037,43,3,Altas
1015,6583,2016-08-07,Edmonds,Washington,Technology,Accessories,179.97,3,86.38560000000001,2016-08,0.48000000000000004,28.795200000000005,59.99,1.4560163973957079,0.24809822501000928,0.24076449461262192,43,0,Altas
1016,6585,2017-07-21,Salem,Virginia,Technology,Phones,271.96,4,67.99000000000001,2017-07,0.25000000000000006,16.997500000000002,67.99,1.0527544555757724,0.6573246140842562,0.3433812211390456,42,3,Altas
1017,6593,2015-04-30,San Francisco,California,Technology,Phones,19.8,5,1.7325,2015-04,0.0875,0.3465,3.96,-0.39971940285419866,-0.46443347123982376,-0.47793740379681887,3,3,Baixas
1018,6607,2016-05-26,Santa Ana,California,Technology,Phones,211.168,4,23.756399999999985,2016-05,0.11249999999999992,5.939099999999996,52.792,0.08308086897428585,0.3868855376128831,0.14843509492047208,3,3,Medias
1019,6609,2016-05-26,Santa Ana,California,Technology,Machines,371.97600000000006,3,116.24249999999996,2016-05,0.31249999999999983,38.74749999999999,123.99200000000002,2.1105289694631373,1.102255438409182,1.0617239610056444,3,2,Altas
1020,6614,2015-04-21,Louisville,Kentucky,Technology,Phones,469.95,5,131.586,2015-04,0.28,26.317200000000003,93.99,2.4468838371659687,1.53810222874683,0.676885582349923,14,3,Altas
1021,6634,2016-10-24,San Francisco,California,Technology,Accessories,199.99,1,85.99570000000001,2016-10,0.43000000000000005,85.99570000000001,199.99,1.447469145274788,0.3371591262956537,2.0365572088250388,3,0,Altas
1022,6636,2017-05-06,Charlotte,North Carolina,Technology,Phones,627.1680000000001,4,70.55639999999994,2017-05,0.11249999999999988,17.639099999999985,156.79200000000003,1.1090141833088527,2.2375016682236755,1.482452539763982,30,3,Altas
1023,6642,2017-08-05,Indianapolis,Indiana,Technology,Accessories,79.78,2,29.5186,2017-08,0.37,14.7593,39.89,0.20939781221912904,-0.1976066551003158,-0.017060030785017936,11,0,Medias
1024,6644,2015-08-10,Redmond,Oregon,Technology,Phones,438.36800000000005,4,38.357200000000006,2015-08,0.08750000000000001,9.589300000000001,109.59200000000001,0.40315452572505894,1.397606655100316,0.8770138532580813,33,3,Altas
1025,6645,2015-08-10,Redmond,Oregon,Technology,Phones,139.94400000000002,7,-31.4874,2015-08,-0.22499999999999998,-4.4982,19.992,-1.1279544906504146,0.07003870278927003,-0.27229348383786556,33,3,Baixas
1026,6650,2017-09-08,Arlington,Texas,Technology,Copiers,319.98400000000004,2,107.9946,2017-09,0.33749999999999997,53.9973,159.99200000000002,1.9297213758028802,0.8709640108545754,1.5234992303745514,39,1,Altas
1027,6655,2017-02-20,Gilbert,Arizona,Technology,Phones,333.576,3,25.0182,2017-02,0.075,8.3394,111.19200000000001,0.11074160948769127,0.9314293340451087,0.897537198563366,1,3,Medias
1028,6656,2017-02-20,Gilbert,Arizona,Technology,Accessories,31.992000000000004,1,4.798799999999996,2017-02,0.14999999999999986,4.798799999999996,31.992000000000004,-0.33250104127847036,-0.4101961831042305,-0.1183683940482298,1,0,Baixas
1029,6670,2017-05-12,Vineland,New Jersey,Technology,Accessories,87.4,5,34.96000000000001,2017-05,0.4000000000000001,6.992000000000002,17.48,0.32868228949733685,-0.16370835001557005,-0.3045151359671627,27,0,Medias
1030,6676,2015-11-21,Lawrence,Indiana,Technology,Machines,83.9,2,22.65300000000001,2015-11,0.2700000000000001,11.326500000000005,41.95,0.058892518140167535,-0.17927843765292045,0.009363776295536225,11,2,Medias
1031,6678,2015-11-21,Lawrence,Indiana,Technology,Accessories,393.54,3,165.28680000000003,2015-11,0.42000000000000004,55.09560000000001,131.18,3.1856610474165326,1.1981849726411316,1.1539250897896358,11,0,Altas
1032,6689,2017-03-10,San Francisco,California,Technology,Accessories,111.96,4,21.27239999999999,2017-03,0.18999999999999992,5.318099999999998,27.99,0.02862748536729737,-0.05445082076604834,-0.16970241149307339,3,0,Medias
1033,6695,2016-08-26,Franklin,Wisconsin,Technology,Accessories,47.97,3,14.870699999999998,2016-08,0.30999999999999994,4.956899999999999,15.99,-0.11170835434158287,-0.339116508741492,-0.32362750128270906,44,0,Medias
1034,6704,2015-06-23,Long Beach,California,Technology,Phones,217.58400000000003,2,19.03860000000001,2015-06,0.08750000000000004,9.519300000000005,108.79200000000002,-0.020341100905363698,0.4154277325503804,0.866752180605439,3,3,Medias
1035,6706,2015-06-23,Long Beach,California,Technology,Phones,143.976,3,8.998500000000007,2015-06,0.06250000000000006,2.9995000000000025,47.992,-0.2404366793081521,0.08797544374749763,0.08686505900461775,3,3,Medias
1036,6707,2016-09-10,Fort Lauderdale,Florida,Technology,Phones,519.68,7,58.46399999999997,2016-09,0.11249999999999995,8.351999999999995,74.24,0.8439287984742524,1.7593309310912402,0.42355053873781423,7,3,Altas
1037,6715,2017-12-14,Skokie,Illinois,Technology,Accessories,39.264,3,-4.908000000000003,2017-12,-0.12500000000000006,-1.636000000000001,13.088000000000001,-0.5452901330644273,-0.3778459895902842,-0.3608517188301693,10,0,Baixas
1038,6721,2017-09-19,Los Angeles,California,Technology,Accessories,149.95,5,31.489499999999992,2017-09,0.20999999999999996,6.2978999999999985,29.99,0.25260319617686394,0.11455135904622082,-0.14404822986146743,3,0,Medias
1039,6745,2017-06-16,Dublin,Ohio,Technology,Accessories,479.952,6,107.9892,2017-06,0.225,17.9982,79.992,1.9296029988819954,1.5825970906179097,0.4973319651103131,31,0,Altas
1040,6747,2017-11-13,New York City,New York,Technology,Phones,629.9499999999999,5,163.78700000000003,2017-11,0.26000000000000006,32.757400000000004,125.98999999999998,3.152782953723392,2.2498776635971343,1.087352488455618,29,3,Altas
1041,6750,2017-12-11,New York City,New York,Technology,Phones,116.98,2,29.245000000000005,2017-12,0.25000000000000006,14.622500000000002,58.49,0.20340004822763477,-0.03211886649761999,0.22152385838891744,29,3,Medias
1042,6758,2017-09-15,Lakewood,New Jersey,Technology,Phones,395.94,6,102.94440000000002,2017-09,0.26000000000000006,17.157400000000003,65.99,1.819012648793213,1.208861604163886,0.3177270395074397,27,3,Altas
1043,6778,2017-01-28,New York City,New York,Technology,Accessories,449.91,9,157.46849999999998,2017-01,0.3499999999999999,17.496499999999997,49.99,3.0142709954622164,1.4489523555318296,0.11249358645459215,29,0,Altas
1044,6795,2015-11-16,Chicago,Illinois,Technology,Phones,239.976,3,26.997299999999967,2015-11,0.11249999999999986,8.99909999999999,79.992,0.15412675099195428,0.5150407046576804,0.4973319651103131,10,3,Medias
1045,6802,2016-12-25,Phoenix,Arizona,Technology,Accessories,45.120000000000005,3,-7.896000000000001,2016-12,-0.175,-2.632,15.040000000000001,-0.6107920292873266,-0.35179500867476304,-0.3358132375577219,1,0,Baixas
1046,6803,2016-12-25,Phoenix,Arizona,Technology,Accessories,100.8,2,21.42,2016-12,0.21250000000000002,10.71,50.4,0.03186312120481433,-0.10409715734685707,0.11775269368907132,1,0,Medias
1047,6805,2014-10-05,Pomona,California,Technology,Accessories,99.98,2,34.992999999999995,2014-10,0.3499999999999999,17.496499999999997,49.99,0.32940570401385455,-0.10774500645046485,0.11249358645459215,3,0,Medias
1048,6811,2017-09-14,Philadelphia,Pennsylvania,Technology,Machines,12.585000000000004,1,-18.0385,2017-09,-1.4333333333333327,-18.0385,12.585000000000004,-0.8331323848565221,-0.4965300947551046,-0.3673037455105182,34,2,Baixas
1049,6831,2016-12-24,New York City,New York,Technology,Phones,197.97,3,53.45190000000001,2016-12,0.2700000000000001,17.817300000000003,65.99,0.7340552864063838,0.32817296143066854,0.3177270395074397,29,3,Altas
1050,6835,2016-11-20,Montebello,California,Technology,Accessories,27.88,2,3.903200000000002,2016-11,0.14000000000000007,1.951600000000001,13.94,-0.3521340728237275,-0.4284888117798834,-0.3499230374551052,3,0,Baixas
1051,6840,2017-02-05,Torrance,California,Technology,Phones,371.2,5,41.75999999999995,2017-02,0.11249999999999986,8.35199999999999,74.24,0.47774952320406766,1.0988033275501576,0.42355053873781423,3,3,Altas
1052,6842,2016-09-12,Springfield,Virginia,Technology,Accessories,20.700000000000003,3,1.6559999999999988,2016-09,0.07999999999999993,0.5519999999999996,6.900000000000001,-0.40139640923339936,-0.46042973441879076,-0.4402257567983582,42,0,Baixas
1053,6848,2016-07-18,Phoenix,Arizona,Technology,Phones,55.992,1,3.499500000000003,2016-07,0.06250000000000006,3.499500000000003,55.992,-0.36098384374246395,-0.30342986787668486,0.18948178553104156,1,3,Baixas
1054,6854,2017-12-23,Little Rock,Arkansas,Technology,Phones,494.97,3,148.49099999999996,2017-12,0.2999999999999999,49.496999999999986,164.99,2.817469364491306,1.6494061123715467,1.5876090302719346,2,3,Altas
1055,6866,2016-08-21,Los Angeles,California,Technology,Phones,91.96,5,-20.690999999999992,2016-08,-0.22499999999999992,-4.1381999999999985,18.392,-0.8912795668281553,-0.1434227501223364,-0.2928168291431503,3,3,Baixas
1056,6867,2016-08-21,Los Angeles,California,Technology,Accessories,254.97,3,91.7892,2016-08,0.36,30.5964,84.99,1.5744722362277217,0.5817429600960895,0.5614417650076963,3,0,Altas
1057,6868,2016-08-21,Los Angeles,California,Technology,Phones,31.984,2,-7.995999999999999,2016-08,-0.24999999999999994,-3.9979999999999993,15.992,-0.6129841944888961,-0.4102317718759731,-0.3236018471010775,3,3,Baixas
1058,6875,2014-10-17,Beaumont,Texas,Technology,Accessories,119.976,3,-17.99640000000002,2014-10,-0.15000000000000016,-5.998800000000006,39.992,-0.8322094833066618,-0.018790871480048058,-0.015751667521806074,39,0,Baixas
1059,6886,2017-09-10,Springfield,Ohio,Technology,Accessories,37.056,4,8.8008,2017-09,0.23750000000000004,2.2002,9.264,-0.24477058991165532,-0.3876684905912184,-0.40990251410979994,31,0,Baixas
1060,6887,2017-09-10,Springfield,Ohio,Technology,Phones,259.896,2,-56.31079999999997,2017-09,-0.21666666666666654,-28.155399999999986,129.948,-1.6721244272968394,0.6036567462965434,1.1381221139045667,31,3,Baixas
1061,6890,2017-09-18,Columbus,Georgia,Technology,Phones,95.68,8,26.790400000000005,2017-09,0.28,3.3488000000000007,11.96,0.14959116118990765,-0.12687397126206676,-0.3753206772703951,8,3,Medias
1062,6895,2017-09-18,Columbus,Georgia,Technology,Phones,411.98,2,119.4742,2017-09,0.29,59.7371,205.99,2.1813731722822625,1.2802170915076292,2.1135197537198565,8,3,Altas
1063,6901,2015-09-07,New York City,New York,Technology,Accessories,559.93,7,167.97899999999996,2015-09,0.29999999999999993,23.996999999999993,79.99,3.2446785189731875,1.93838693892077,0.4973063109286814,29,0,Altas
1064,6908,2016-09-27,Seattle,Washington,Technology,Phones,1001.584,2,125.19799999999992,2016-09,0.12499999999999993,62.59899999999996,500.792,2.3068483240897013,3.903127363316872,5.894971780400206,43,3,Altas
1065,6913,2017-05-02,Los Angeles,California,Technology,Accessories,159.56,4,59.0372,2017-05,0.37,14.7593,39.89,0.8564942894096499,0.1573023711019173,-0.017060030785017936,3,0,Altas
1066,6914,2015-06-12,West Palm Beach,Florida,Technology,Phones,55.98400000000001,2,4.198799999999999,2015-06,0.07499999999999998,2.0993999999999997,27.992000000000004,-0.34565403248788784,-0.30346545664842733,-0.16967675731144172,7,3,Baixas
1067,6930,2016-06-23,San Francisco,California,Technology,Phones,862.344,7,97.01369999999986,2016-06,0.11249999999999982,13.85909999999998,123.19200000000001,1.689001907183722,3.283704791138395,1.0514622883530018,3,3,Altas
1068,6932,2014-07-14,Philadelphia,Pennsylvania,Technology,Phones,13.493999999999998,1,-2.2490000000000023,2014-07,-0.16666666666666685,-2.2490000000000023,13.493999999999998,-0.48700046035469186,-0.4924863205658614,-0.35564391995895334,34,3,Baixas
1069,6933,2014-07-14,Philadelphia,Pennsylvania,Technology,Phones,23.988,2,-13.993000000000004,2014-07,-0.5833333333333335,-6.996500000000002,11.994,-0.7444483416270246,-0.44580274923261703,-0.3748845561826578,34,3,Baixas
1070,6936,2017-11-30,El Paso,Texas,Technology,Accessories,95.976,3,-10.79730000000001,2017-11,-0.11250000000000011,-3.5991000000000035,31.992,-0.6743933182804652,-0.12555718670759375,-0.11836839404822984,39,0,Baixas
1071,6939,2016-11-05,Seattle,Washington,Technology,Accessories,479.72,4,52.76920000000001,2016-11,0.11000000000000001,13.192300000000003,119.93,0.7190893745752683,1.5815650162373769,1.0096203181118524,43,0,Altas
1072,6944,2015-07-25,Los Angeles,California,Technology,Phones,623.96,5,38.9975,2015-07,0.0625,7.7995,124.792,0.41719095951070895,2.2232305707549265,1.0719856336582865,3,3,Altas
1073,6952,2015-11-20,Dallas,Texas,Technology,Machines,479.988,2,55.99859999999995,2015-11,0.11666666666666657,27.999299999999977,239.994,0.7898831575947554,1.582757240090751,2.549692149820421,39,2,Altas
1074,6955,2015-10-02,Los Angeles,California,Technology,Phones,503.96,5,50.396000000000015,2015-10,0.10000000000000003,10.079200000000004,100.792,0.6670649100116188,1.689398994617198,0.764135454079015,3,3,Altas
1075,6966,2016-07-16,Columbia,South Carolina,Technology,Accessories,75.98,2,18.2352,2016-07,0.23999999999999996,9.1176,37.99,-0.03795295613477401,-0.21451132167801054,-0.04143150333504358,36,0,Medias
1076,6972,2017-09-19,Phoenix,Arizona,Technology,Accessories,89.584,2,4.479200000000006,2017-09,0.050000000000000065,2.239600000000003,44.792,-0.3395072012626866,-0.15399261532986339,0.04581836839404827,1,0,Baixas
1077,6973,2017-09-19,Phoenix,Arizona,Technology,Phones,471.92,2,29.49500000000002,2017-09,0.06250000000000004,14.74750000000001,235.96,0.20888046123155904,1.5468659637884246,2.497947665469472,1,3,Medias
1078,6978,2016-11-25,Jonesboro,Arkansas,Technology,Phones,59.98,2,17.993999999999993,2016-11,0.2999999999999999,8.996999999999996,29.99,-0.04324045860096,-0.285688865163041,-0.14404822986146743,2,3,Medias
1079,6984,2016-09-01,Detroit,Michigan,Technology,Phones,8.78,1,2.2828,2016-09,0.26,2.2828,8.78,-0.3876559177499612,-0.5134570043151385,-0.41611082606464855,19,3,Baixas
1080,6992,2015-11-08,Hampton,Virginia,Technology,Phones,226.2,5,58.812,2015-11,0.26,11.7624,45.239999999999995,0.8515575333757152,0.4537568397170691,0.05156490507952791,42,3,Altas
1081,7016,2014-03-11,Richmond,Kentucky,Technology,Accessories,32.96,2,14.172800000000002,2014-03,0.43000000000000005,7.086400000000001,16.48,-0.12700747528333695,-0.4058899417233862,-0.31734222678296564,14,0,Medias
1082,7017,2014-03-11,Richmond,Kentucky,Technology,Phones,587.97,3,164.63160000000005,2014-03,0.2800000000000001,54.877200000000016,195.99,3.171297981015849,2.063125583878286,1.985248845561827,14,3,Altas
1083,7023,2014-08-23,Denver,Colorado,Technology,Phones,143.64,9,10.772999999999987,2014-08,0.07499999999999991,1.1969999999999985,15.959999999999999,-0.20153670780630017,0.08648071533431194,-0.32401231400718317,4,3,Medias
1084,7026,2017-02-06,New York City,New York,Technology,Phones,227.46,6,65.96339999999998,2017-02,0.28999999999999987,10.993899999999996,37.910000000000004,1.0083280356007625,0.45936207126651535,-0.04245767060030779,29,3,Altas
1085,7031,2016-11-11,New York City,New York,Technology,Accessories,36.0,2,6.479999999999997,2016-11,0.1799999999999999,3.2399999999999984,18.0,-0.2956463599096824,-0.39236620846123044,-0.2978450487429451,29,0,Baixas
1086,7037,2014-05-02,Lakeland,Florida,Technology,Copiers,479.984,2,89.99699999999999,2014-05,0.18749999999999997,44.99849999999999,239.992,1.5351842514851914,1.5827394457048798,2.5496664956387893,7,1,Altas
1087,7043,2017-07-18,Philadelphia,Pennsylvania,Technology,Copiers,599.97,5,69.99649999999997,2017-07,0.11666666666666661,13.999299999999995,119.994,1.0967402503452652,2.116508741492059,1.0104412519240638,34,1,Altas
1088,7048,2014-04-08,Concord,California,Technology,Accessories,399.96,4,139.986,2014-04,0.35,34.9965,99.99,2.6310257140978135,1.2267449619645,0.7538481272447409,3,0,Altas
1089,7054,2016-12-11,Anaheim,California,Technology,Accessories,119.96,4,25.1916,2016-12,0.21000000000000002,6.2979,29.99,0.11454282394721295,-0.018862049023533112,-0.14404822986146743,3,0,Medias
1090,7090,2017-06-15,Los Angeles,California,Technology,Phones,119.96,1,7.497499999999999,2017-06,0.06249999999999999,7.497499999999999,119.96,-0.2733410789837118,-0.018862049023533112,1.0100051308363263,3,3,Baixas
1091,7095,2015-02-09,Decatur,Illinois,Technology,Accessories,479.952,6,89.99099999999999,2015-02,0.18749999999999997,14.998499999999998,79.992,1.5350527215730971,1.5825970906179097,0.4973319651103131,10,0,Altas
1092,7107,2017-06-19,Newark,Ohio,Technology,Accessories,122.328,9,1.5291000000000032,2017-06,0.012500000000000027,0.16990000000000036,13.592,-0.4041782668741911,-0.008327772587748562,-0.35438686505900463,31,0,Baixas
1093,7108,2016-04-19,New York City,New York,Technology,Phones,25.98,2,0.779399999999999,2016-04,0.02999999999999996,0.3896999999999995,12.99,-0.4206129293903584,-0.4369411450687307,-0.362108773730118,29,3,Baixas
1094,7130,2016-04-16,Nashville,Tennessee,Technology,Accessories,35.168,4,8.352400000000001,2016-04,0.23750000000000004,2.0881000000000003,8.792,-0.25460025867549335,-0.39606744072245204,-0.4159569009748589,38,0,Baixas
1095,7135,2017-11-26,Richmond,Indiana,Technology,Phones,89.98,2,43.1904,2017-11,0.4799999999999999,21.5952,44.99,0.5091062542473201,-0.1522309711286089,0.04835813237557726,11,3,Altas
1096,7141,2017-09-07,Saint Charles,Missouri,Technology,Accessories,113.52,4,46.5432,2017-09,0.41000000000000003,11.6358,28.38,0.5826051691255454,-0.04751101027625786,-0.16469984607491023,22,0,Altas
1097,7150,2015-06-26,Houston,Texas,Technology,Phones,971.88,3,109.33649999999994,2015-06,0.11249999999999995,36.44549999999998,323.96,1.9591380406427412,3.7709862538369134,3.626731657260134,39,3,Altas
1098,7160,2015-05-13,Chicago,Illinois,Technology,Phones,222.384,2,16.678799999999995,2015-05,0.07499999999999998,8.339399999999998,111.192,-0.07207181533200317,0.43678099559588934,0.8975371985633658,10,3,Medias
1099,7172,2017-04-25,San Francisco,California,Technology,Accessories,107.97,3,22.6737,2017-04,0.21,7.5579,35.99,0.05934629633689224,-0.07220072067262778,-0.06708568496664953,3,0,Medias
1100,7173,2017-03-26,Houston,Texas,Technology,Accessories,143.96,5,1.799500000000002,2017-03,0.012500000000000015,0.35990000000000044,28.792,-0.39825065216914696,0.08790426620401263,-0.15941508465879936,39,0,Baixas
1101,7180,2016-11-14,Baltimore,Maryland,Technology,Phones,89.97,3,25.191600000000005,2016-11,0.2800000000000001,8.397200000000002,29.99,0.11454282394721303,-0.15227545709328705,-0.14404822986146743,17,3,Medias
1102,7182,2016-12-27,Lancaster,Ohio,Technology,Accessories,40.0,2,0.5,2016-12,0.0125,0.25,20.0,-0.4267378389635438,-0.3745718225899728,-0.27219086711133916,31,0,Baixas
1103,7190,2016-11-12,San Diego,California,Technology,Phones,203.976,3,25.496999999999986,2016-11,0.12499999999999993,8.498999999999995,67.992,0.12123769647280615,0.35489123181636184,0.3434068753206774,3,3,Medias
1104,7200,2015-08-11,New York City,New York,Technology,Phones,138.0,2,34.5,2015-08,0.25,17.25,69.0,0.3185983295701166,0.061390631255838754,0.35633658286300673,29,3,Medias
1105,7201,2016-11-27,Fort Lauderdale,Florida,Technology,Phones,116.76,1,14.594999999999985,2016-11,0.12499999999999986,14.594999999999985,116.76,-0.11775215380231052,-0.033097557720539156,0.968958440225757,7,3,Medias
1106,7219,2015-05-03,San Francisco,California,Technology,Accessories,339.96,4,122.38559999999998,2015-05,0.36,30.596399999999996,84.99,2.2451958699607593,0.9598291738956357,0.5614417650076963,3,0,Altas
1107,7222,2017-01-27,New York City,New York,Technology,Phones,137.94,3,35.8644,2017-01,0.26,11.9548,45.98,0.3485082315803321,0.06112371546776988,0.061056952283222145,29,3,Medias
1108,7223,2017-09-02,Chicago,Illinois,Technology,Accessories,40.68,3,-7.1190000000000015,2017-09,-0.17500000000000004,-2.3730000000000007,13.56,-0.5937589056711309,-0.371546776991859,-0.3547973319651103,10,0,Baixas
1109,7224,2016-07-14,San Francisco,California,Technology,Phones,110.376,3,12.417299999999996,2016-07,0.11249999999999996,4.139099999999998,36.792,-0.16549093539689122,-0.06149739757106631,-0.05679835813237555,3,3,Medias
1110,7250,2015-06-04,Los Angeles,California,Technology,Accessories,119.98,2,35.994,2015-06,0.3,17.997,59.99,0.35134927768156626,-0.018773077094176777,0.24076449461262192,3,0,Medias
1111,7261,2016-05-30,Superior,Wisconsin,Technology,Phones,125.99,1,35.27720000000001,2016-05,0.2800000000000001,35.27720000000001,125.99,0.3356358375167156,0.007962987677387748,1.0873524884556183,44,3,Medias
1112,7263,2017-10-22,Philadelphia,Pennsylvania,Technology,Phones,32.7,5,-6.539999999999999,2017-10,-0.19999999999999996,-1.3079999999999998,6.540000000000001,-0.5810662691540429,-0.40704657680501793,-0.44484350949204726,34,3,Baixas
1113,7275,2015-11-13,Helena,Montana,Technology,Phones,339.96000000000004,5,42.49499999999995,2015-11,0.12499999999999983,8.49899999999999,67.992,0.49386193743560414,0.9598291738956359,0.3434068753206774,23,3,Altas
1114,7278,2016-07-19,San Francisco,California,Technology,Phones,35.984,2,4.497999999999996,2016-07,0.12499999999999988,2.248999999999998,17.992,-0.33909507420479174,-0.39243738600471545,-0.29794766546947155,3,3,Baixas
1115,7279,2016-07-19,San Francisco,California,Technology,Accessories,389.97,3,132.58980000000005,2016-07,0.34000000000000014,44.19660000000002,129.99,2.468888791459325,1.1823034832510342,1.1386608517188304,3,0,Altas
1116,7280,2016-05-14,Yuma,Arizona,Technology,Accessories,185.528,7,48.7011,2016-05,0.2625,6.957299999999999,26.503999999999998,0.6299099020102155,0.27282352417812167,-0.18876346844535663,1,0,Altas
1117,7286,2017-10-14,San Francisco,California,Technology,Accessories,46.36,4,15.298799999999996,2017-10,0.3299999999999999,3.824699999999999,11.59,-0.10232369511366349,-0.3462787490546732,-0.3800667008722422,3,0,Medias
1118,7287,2016-06-20,Oklahoma City,Oklahoma,Technology,Accessories,6.9,1,0.5519999999999996,2016-06,0.07999999999999993,0.5519999999999996,6.9,-0.42559791305872763,-0.5218203656746295,-0.4402257567983582,32,0,Baixas
1119,7307,2016-11-05,San Jose,California,Technology,Accessories,72.0,4,12.959999999999994,2016-11,0.1799999999999999,3.2399999999999984,18.0,-0.15359405484797312,-0.23221673561991188,-0.2978450487429451,3,0,Medias
1120,7315,2016-05-28,Park Ridge,Illinois,Technology,Phones,286.40000000000003,1,25.060000000000016,2016-05,0.08750000000000005,25.060000000000016,286.40000000000003,0.11165793454194771,0.7215623470794965,3.1449461262185743,10,3,Medias
1121,7323,2017-09-03,Chicago,Illinois,Technology,Accessories,100.8,2,21.42,2017-09,0.21250000000000002,10.71,50.4,0.03186312120481433,-0.10409715734685707,0.11775269368907132,10,0,Medias
1122,7332,2017-10-26,Lancaster,Pennsylvania,Technology,Phones,61.542,1,-13.3341,2017-10,-0.21666666666666665,-13.3341,61.542,-0.7300041651138824,-0.2787401574803149,0.26067213955874813,34,3,Baixas
1123,7346,2017-12-11,Jacksonville,Florida,Technology,Phones,73.568,4,-16.552799999999994,2017-12,-0.22499999999999992,-4.1381999999999985,18.392,-0.8005633864568026,-0.2252413363583789,-0.2928168291431503,7,3,Baixas
1124,7352,2017-11-10,Modesto,California,Technology,Accessories,111.79,7,43.5981,2017-11,0.39,6.2283,15.97,0.5180437117741195,-0.05520708216557673,-0.3238840430990252,3,0,Altas
1125,7353,2017-03-16,Lakewood,Ohio,Technology,Phones,445.44,8,-81.66400000000004,2017-03,-0.18333333333333343,-10.208000000000006,55.68,-2.2279084551811823,1.4290671293206991,0.18547973319651107,31,3,Baixas
1126,7359,2014-12-30,Philadelphia,Pennsylvania,Technology,Phones,251.964,6,-50.3928,2014-12,-0.2,-8.3988,41.994,-1.5423920906679518,0.5683704791138394,0.009928168291431515,34,3,Baixas
1127,7364,2016-11-28,Philadelphia,Pennsylvania,Technology,Phones,340.182,3,-73.70610000000002,2016-11,-0.21666666666666673,-24.568700000000007,113.394,-2.0534581406054753,0.9608167623114906,0.9257824525397641,34,3,Baixas
1128,7371,2014-10-28,Garden City,Kansas,Technology,Phones,257.98,2,74.8142,2014-10,0.29,37.4071,128.99,1.202352193261284,0.595133235464211,1.1258337609030273,13,3,Altas
1129,7382,2016-09-13,Omaha,Nebraska,Technology,Phones,149.95,5,41.986,2016-09,0.28,8.3972,29.99,0.482703816559616,0.11455135904622082,-0.14404822986146743,24,3,Altas
1130,7389,2016-09-13,Omaha,Nebraska,Technology,Phones,29.97,3,0.2996999999999996,2016-09,0.009999999999999986,0.09989999999999986,9.99,-0.4311287458622877,-0.4191912451621513,-0.4005900461775269,24,3,Baixas
1131,7400,2014-07-12,Chicago,Illinois,Technology,Accessories,23.840000000000003,4,3.2779999999999987,2014-07,0.13749999999999993,0.8194999999999997,5.960000000000001,-0.36583948966394064,-0.44646114150985355,-0.45228322216521294,10,0,Baixas
1132,7411,2014-07-23,New York City,New York,Technology,Accessories,99.98,2,7.998399999999989,2014-07,0.07999999999999988,3.9991999999999943,49.99,-0.2623605234890499,-0.10774500645046485,0.11249358645459215,29,0,Baixas
1133,7412,2017-05-30,Tigard,Oregon,Technology,Phones,156.79200000000003,1,17.639099999999985,2017-05,0.11249999999999988,17.639099999999985,156.79200000000003,-0.05102045290133064,0.14498865607900716,1.482452539763982,33,3,Medias
1134,7413,2017-05-30,Tigard,Oregon,Technology,Accessories,35.36000000000001,2,-3.0939999999999994,2017-05,-0.08749999999999997,-1.5469999999999997,17.680000000000003,-0.5055242563079548,-0.3952133102006316,-0.30194971780400204,33,0,Baixas
1135,7416,2016-03-13,Philadelphia,Pennsylvania,Technology,Accessories,379.96,5,47.49499999999992,2016-03,0.12499999999999979,9.498999999999985,75.99199999999999,0.6034701975140829,1.1377730326082118,0.446023601847101,34,0,Altas
1136,7454,2017-06-25,Bolingbrook,Illinois,Technology,Phones,148.48,2,16.703999999999986,2017-06,0.11249999999999992,8.351999999999993,74.24,-0.07151938970120784,0.10801192223853366,0.42355053873781423,10,3,Medias
1137,7457,2015-04-16,Waynesboro,Virginia,Technology,Phones,569.64,2,148.1064,2015-04,0.26,74.0532,284.82,2.8090382971260706,1.9815828106232478,3.1246793227296052,42,3,Altas
1138,7463,2015-02-27,Seattle,Washington,Technology,Accessories,538.9200000000001,9,80.838,2015-02,0.14999999999999997,8.982,59.88000000000001,1.3344038406734329,1.8449219271319899,0.23935351462288368,43,0,Altas
1139,7478,2014-01-06,Henderson,Kentucky,Technology,Phones,391.98,2,113.67419999999998,2014-01,0.2899999999999999,56.83709999999999,195.99,2.054227590591226,1.1912451621513411,1.985248845561827,14,3,Altas
1140,7492,2017-11-16,Utica,New York,Technology,Phones,119.94,6,5.996999999999986,2017-11,0.049999999999999885,0.9994999999999976,19.99,-0.3062345178332638,-0.01895102095288938,-0.2723191380194972,29,3,Baixas
1141,7501,2017-07-14,Westminster,California,Technology,Accessories,140.97,3,19.735800000000005,2017-07,0.14000000000000004,6.578600000000002,46.99,-0.005057325120020627,0.07460296276524753,0.07401231400718322,3,0,Medias
1142,7502,2017-07-14,Westminster,California,Technology,Phones,470.3760000000001,3,52.91729999999996,2017-07,0.11249999999999989,17.63909999999999,156.79200000000003,0.7223359712387917,1.5399973308421195,1.482452539763982,3,3,Altas
1143,7504,2017-03-30,Los Angeles,California,Technology,Phones,164.79200000000003,1,18.53909999999999,2017-03,0.11249999999999992,18.53909999999999,164.79200000000003,-0.03129096608720421,0.1805774278215224,1.5850692662904058,3,3,Medias
1144,7507,2014-11-02,San Francisco,California,Technology,Phones,46.384,2,5.218199999999992,2014-11,0.11249999999999984,2.609099999999996,23.192,-0.3233071004230876,-0.34617198273944566,-0.23124679322729605,3,3,Baixas
1145,7518,2017-12-09,Richmond,Kentucky,Technology,Accessories,146.45,5,48.32849999999999,2017-12,0.32999999999999996,9.665699999999998,29.29,0.6217418944691671,0.09898127140887042,-0.15302719343252952,14,0,Altas
1146,7542,2017-12-02,Denver,Colorado,Technology,Phones,49.61600000000001,2,4.961599999999999,2017-12,0.09999999999999996,2.4807999999999995,24.808000000000003,-0.328932196330315,-0.3317941189554695,-0.2105182144689584,4,3,Baixas
1147,7544,2017-12-02,Denver,Colorado,Technology,Phones,57.36,6,-14.34,2017-12,-0.25,-2.39,9.56,-0.7520551548764709,-0.29734418790871475,-0.4061056952283222,4,3,Baixas
1148,7546,2014-10-10,Huntsville,Texas,Technology,Phones,719.9520000000001,6,71.99520000000001,2014-10,0.1,11.999200000000002,119.99200000000002,1.1405550562290376,2.650260242893367,1.0104155977424323,39,3,Altas
1149,7547,2014-10-10,Huntsville,Texas,Technology,Phones,755.9440000000002,7,66.14509999999996,2014-10,0.08749999999999993,9.449299999999994,107.99200000000003,1.0123111997720138,2.810374126962943,0.8564905079527968,39,3,Altas
1150,7564,2017-10-05,Denver,Colorado,Technology,Accessories,63.824000000000005,2,13.562599999999998,2017-10,0.21249999999999994,6.781299999999999,31.912000000000003,-0.14038406734331466,-0.26858846034076245,-0.11939456131349406,4,0,Medias
1151,7567,2017-04-21,Houston,Texas,Technology,Accessories,47.976,3,8.395799999999994,2017-04,0.17499999999999988,2.798599999999998,15.991999999999999,-0.2536488589780123,-0.3390898171626851,-0.32360184710107753,39,0,Baixas
1152,7576,2015-12-08,Los Angeles,California,Technology,Accessories,236.0,4,40.119999999999976,2015-12,0.1699999999999999,10.029999999999994,59.0,0.441798013898327,0.4973530851016503,0.22806567470497693,3,0,Altas
1153,7577,2014-11-02,Seattle,Washington,Technology,Accessories,41.94,2,15.098399999999998,2014-11,0.36,7.549199999999999,20.97,-0.10671679417760892,-0.36594154544241286,-0.2597485890200103,43,0,Medias
1154,7578,2014-11-02,Seattle,Washington,Technology,Phones,52.792,1,4.619300000000003,2014-11,0.08750000000000005,4.619300000000003,52.792,-0.33643597781528767,-0.3176653765736909,0.14843509492047208,43,3,Baixas
1155,7597,2015-06-15,Los Angeles,California,Technology,Phones,225.576,3,22.557600000000008,2015-06,0.10000000000000003,7.519200000000002,75.192,0.05680119253787012,0.45098091552115294,0.43576192919445866,3,3,Medias
1156,7601,2014-09-17,Springfield,Oregon,Technology,Machines,29.925,5,-21.945,2014-09,-0.7333333333333333,-4.389,5.985,-0.9187693184558382,-0.41939143200320295,-0.4519625448948179,33,2,Baixas
1157,7620,2017-10-27,Los Angeles,California,Technology,Phones,71.96,5,7.1960000000000015,2017-10,0.10000000000000003,1.4392000000000003,14.392,-0.27995045706644406,-0.2323946794786245,-0.34412519240636225,3,3,Baixas
1158,7621,2014-11-25,Los Angeles,California,Technology,Phones,539.92,5,47.24299999999997,2014-11,0.08749999999999994,9.448599999999994,107.984,0.5979459412061287,1.8493705235998037,0.8563878912262699,3,3,Altas
1159,7628,2015-11-21,Phoenix,Arizona,Technology,Accessories,23.344,2,-1.4590000000000014,2015-11,-0.06250000000000006,-0.7295000000000007,11.672,-0.4696823552622921,-0.44866764535788944,-0.37901487942534634,1,0,Baixas
1160,7631,2014-03-30,Brownsville,Texas,Technology,Phones,251.944,7,88.18039999999998,2014-03,0.3499999999999999,12.597199999999997,35.992,1.495361378433478,0.5682815071844831,-0.06706003078501799,39,3,Altas
1161,7645,2016-10-06,Pueblo,Colorado,Technology,Accessories,67.96,5,0.8495000000000026,2016-10,0.012500000000000039,0.16990000000000052,13.591999999999999,-0.41907622158405805,-0.2501890653498821,-0.35438686505900463,4,0,Baixas
1162,7652,2017-08-07,Dallas,Texas,Technology,Accessories,119.448,3,-13.437900000000006,2017-08,-0.11250000000000006,-4.479300000000002,39.815999999999995,-0.7322796325931118,-0.021139730415054087,-0.018009235505387425,39,0,Baixas
1163,7671,2015-11-27,Everett,Massachusetts,Technology,Accessories,259.98,2,88.39320000000001,2015-11,0.34,44.196600000000004,129.99,1.5000263059824188,0.6040304283998399,1.1386608517188304,18,0,Altas
1164,7677,2014-10-08,Charlotte,North Carolina,Technology,Accessories,23.472,3,4.987799999999998,2014-10,0.2124999999999999,1.6625999999999994,7.824000000000001,-0.3283578490475038,-0.4480982250100093,-0.4283735248845562,30,0,Baixas
1165,7689,2016-11-25,Jackson,Michigan,Technology,Accessories,160.0,8,62.400000000000006,2016-11,0.39,7.800000000000001,20.0,0.9302124208080322,0.15925975354775562,-0.27219086711133916,19,0,Altas
1166,7694,2014-12-29,Brentwood,California,Technology,Phones,319.968,4,35.99639999999995,2014-12,0.11249999999999984,8.999099999999988,79.992,0.35140188964640284,0.8708928333110902,0.4973319651103131,3,3,Medias
1167,7704,2016-08-26,Detroit,Michigan,Technology,Phones,209.97,3,58.7916,2016-08,0.28,19.5972,69.99,0.851110331674595,0.38155611904444137,0.3690354027706516,19,3,Altas
1168,7706,2016-08-26,Detroit,Michigan,Technology,Accessories,479.97,3,163.1898,2016-08,0.33999999999999997,54.3966,159.99,3.1396913431396176,1.5826771653543306,1.5234735761929197,19,0,Altas
1169,7709,2014-10-25,Philadelphia,Pennsylvania,Technology,Accessories,40.776,3,0.5097000000000005,2014-10,0.012500000000000011,0.16990000000000016,13.592,-0.4265251989389916,-0.3711197117309488,-0.35438686505900463,34,0,Baixas
1170,7711,2015-04-02,Mesa,Arizona,Technology,Phones,87.8,5,32.925,2015-04,0.375,6.584999999999999,17.56,0.2840717276453955,-0.16192891142844432,-0.30348896870189845,1,3,Medias
1171,7716,2017-11-03,Philadelphia,Pennsylvania,Technology,Accessories,40.776,3,0.5097000000000005,2017-11,0.012500000000000011,0.16990000000000016,13.592,-0.4265251989389916,-0.3711197117309488,-0.35438686505900463,34,0,Baixas
1172,7719,2017-09-09,Los Angeles,California,Technology,Accessories,159.96,4,51.18719999999999,2017-09,0.3199999999999999,12.796799999999998,39.99,0.6844093210864369,0.1590818096890431,-0.01577732170343762,3,0,Altas
1173,7730,2016-09-26,Tallahassee,Florida,Technology,Accessories,431.97600000000006,3,-75.59580000000004,2016-09,-0.17500000000000007,-25.198600000000013,143.99200000000002,-2.094883486419536,1.3691712264780462,1.3182657773217037,7,0,Baixas
1174,7739,2017-07-30,Baltimore,Maryland,Technology,Phones,89.94999999999999,5,43.176,2017-07,0.4800000000000001,8.635200000000001,17.99,0.5087905824582942,-0.15236442902264338,-0.2979733196511032,17,3,Altas
1175,7741,2014-11-21,San Francisco,California,Technology,Accessories,94.99,1,28.496999999999986,2014-11,0.2999999999999999,28.496999999999986,94.99,0.1870026525198938,-0.12994350282485875,0.689712673165726,3,0,Medias
1176,7742,2015-09-24,Tucson,Arizona,Technology,Phones,35.12,2,13.17,2015-09,0.375,6.585,17.56,-0.14899050792467683,-0.39628097335290713,-0.30348896870189845,1,3,Medias
1177,7745,2016-06-17,Waterbury,Connecticut,Technology,Phones,566.97,3,153.0819,2016-06,0.26999999999999996,51.0273,188.99,2.918109476730165,1.9697050580541837,1.895459209851206,5,3,Altas
1178,7747,2015-12-19,Chicago,Illinois,Technology,Accessories,25.488,2,4.779,2015-12,0.1875,2.3895,12.744,-0.33293508998838106,-0.4391298545308954,-0.36526423807080555,10,0,Baixas
1179,7752,2015-06-18,Arlington,Virginia,Technology,Phones,467.97,3,140.391,2015-06,0.3,46.797,155.99,2.6399039831641704,1.5292940077405577,1.4721652129297078,42,3,Altas
1180,7757,2017-11-17,Charlotte,North Carolina,Technology,Accessories,431.1600000000001,5,107.78999999999996,2017-11,0.24999999999999986,21.557999999999993,86.23200000000001,1.925236205800468,1.3655411717603096,0.5773730118009238,30,0,Altas
1181,7758,2017-11-13,Buffalo,New York,Technology,Phones,43.6,4,12.208000000000002,2017-11,0.28,3.0520000000000005,10.9,-0.17007913716377623,-0.3585568753058409,-0.38891739353514626,29,3,Medias
1182,7774,2016-11-25,Lancaster,Ohio,Technology,Accessories,59.976,3,11.995199999999995,2016-11,0.19999999999999993,3.9983999999999984,19.992,-0.17474406471271647,-0.2857066595489123,-0.27229348383786556,31,0,Medias
1183,7781,2016-04-18,Chesapeake,Virginia,Technology,Phones,29.56,4,7.981200000000001,2016-04,0.2700000000000001,1.9953000000000003,7.39,-0.26273757590371966,-0.42101516971395514,-0.4339404822986147,42,3,Baixas
1184,7793,2017-10-12,Dallas,Texas,Technology,Accessories,39.984,2,-1.4994000000000067,2017-10,-0.037500000000000165,-0.7497000000000034,19.992,-0.4705679900037263,-0.37464300013345786,-0.27229348383786556,39,0,Baixas
1185,7796,2015-07-12,Amarillo,Texas,Technology,Phones,307.168,4,30.716800000000006,2015-07,0.10000000000000002,7.679200000000002,76.792,0.23566433566433603,0.8139507985230658,0.45628527449974354,39,3,Medias
1186,7799,2017-03-24,New York City,New York,Technology,Phones,469.99,1,136.29709999999994,2017-03,0.28999999999999987,136.29709999999994,469.99,2.550158931977112,1.5382801726055426,5.499871729091842,29,3,Altas
1187,7810,2016-01-08,Raleigh,North Carolina,Technology,Phones,108.784,2,10.8784,2016-01,0.09999999999999999,5.4392,54.392,-0.19922616568384555,-0.06857956314782683,0.16895844022575687,30,3,Medias
1188,7816,2017-06-08,Los Angeles,California,Technology,Phones,17.52,2,-3.5040000000000022,2017-06,-0.20000000000000012,-1.7520000000000011,8.76,-0.5145121336343902,-0.4745762711864406,-0.4163673678809646,3,3,Baixas
1189,7824,2014-08-26,Newark,Delaware,Technology,Accessories,149.97,3,52.48949999999999,2014-08,0.35,17.496499999999997,49.99,0.7129578885064778,0.11464033097557716,0.11249358645459215,6,0,Altas
1190,7827,2017-10-31,Chicago,Illinois,Technology,Phones,508.768,4,38.1576,2017-10,0.07500000000000001,9.5394,127.192,0.39877896398272594,1.7107878464344495,1.1027706516162135,10,3,Altas
1191,7831,2015-04-26,San Diego,California,Technology,Phones,311.97600000000006,3,38.99699999999999,2015-04,0.12499999999999996,12.998999999999997,103.99200000000002,0.41717999868470085,0.8353396503403178,0.8051821446895847,3,3,Altas
1192,7833,2016-05-09,Houston,Texas,Technology,Phones,19.136000000000003,2,1.9136000000000009,2016-05,0.10000000000000003,0.9568000000000004,9.568000000000001,-0.395749391674156,-0.4673873392944525,-0.4060030785017958,39,3,Baixas
1193,7836,2015-04-13,Los Angeles,California,Technology,Phones,479.92,2,41.99300000000001,2015-04,0.08750000000000002,20.996500000000005,239.96,0.48285726812372615,1.5824547355309397,2.5492560287326835,3,3,Altas
1194,7839,2015-09-25,Seattle,Washington,Technology,Accessories,159.98,2,57.5928,2015-09,0.36,28.7964,79.99,0.8248306552381788,0.15917078161839932,0.4973063109286814,43,0,Altas
1195,7856,2017-12-07,Hattiesburg,Mississippi,Technology,Accessories,52.0,4,23.4,2017-12,0.44999999999999996,5.85,13.0,0.07526799219589213,-0.32118866497619997,-0.36198050282196,21,0,Medias
1196,7858,2014-05-30,New York City,New York,Technology,Phones,464.0,5,134.55999999999997,2014-05,0.2899999999999999,26.911999999999995,92.8,2.512078830260647,1.5116330797633344,0.6616213442791176,29,3,Altas
1197,7862,2015-10-12,Seattle,Washington,Technology,Accessories,17.9,2,3.400999999999998,2015-10,0.1899999999999999,1.700499999999999,8.95,-0.36314312646601005,-0.4728858045286711,-0.413930220625962,43,0,Baixas
1198,7870,2017-07-03,Jacksonville,North Carolina,Technology,Accessories,24.0,2,-2.7,2017-07,-0.1125,-1.35,12.0,-0.49688712541377067,-0.44574936607500326,-0.37480759363776295,30,0,Baixas
1199,7882,2017-12-03,Thornton,Colorado,Technology,Accessories,76.75200000000001,6,10.553399999999993,2017-12,0.1374999999999999,1.7588999999999988,12.792000000000002,-0.20635070258894686,-0.21107700520485778,-0.364648537711647,4,0,Medias
1200,7883,2017-12-03,Thornton,Colorado,Technology,Accessories,102.336,8,14.07119999999999,2017-12,0.1374999999999999,1.7588999999999988,12.792,-0.1292347151281319,-0.09726411317229414,-0.364648537711647,4,0,Medias
1201,7891,2016-12-25,Fayetteville,Arkansas,Technology,Accessories,399.98,2,171.99140000000003,2016-12,0.43000000000000005,85.99570000000001,199.99,3.332636955520967,1.2268339338938563,2.0365572088250388,2,0,Altas
1202,7901,2017-08-13,Memphis,Tennessee,Technology,Accessories,1.584,2,0.4752000000000002,2017-08,0.3000000000000001,0.2376000000000001,0.792,-0.42728149593353304,-0.5454691044975309,-0.5185736275012827,38,0,Baixas
1203,7916,2017-06-17,New York City,New York,Technology,Accessories,101.34,3,8.107199999999992,2017-06,0.07999999999999992,2.7023999999999972,33.78,-0.2599754477497422,-0.10169491525423727,-0.09543355566957412,29,0,Baixas
1204,7921,2017-09-15,Waterbury,Connecticut,Technology,Accessories,59.98,2,10.796399999999998,2017-09,0.18,5.398199999999999,29.99,-0.20102374114913263,-0.285688865163041,-0.14404822986146743,5,0,Medias
1205,7923,2017-09-24,Hollywood,Florida,Technology,Phones,383.96,5,38.396000000000015,2017-09,0.10000000000000005,7.679200000000003,76.792,0.4040050858232681,1.1555674184794695,0.45628527449974354,7,3,Altas
1206,7927,2017-11-20,New York City,New York,Technology,Accessories,2.97,3,1.3365,2017-11,0.44999999999999996,0.4455,0.9900000000000001,-0.40840037705241417,-0.5393033497931402,-0.5160338635197537,29,0,Baixas
1207,7928,2017-11-20,New York City,New York,Technology,Phones,569.99,1,170.99699999999996,2017-11,0.29999999999999993,170.99699999999996,569.99,3.310838064756558,1.9831398193869831,6.7825808106721395,29,3,Altas
1208,7935,2017-08-17,Brentwood,California,Technology,Phones,71.976,3,8.99699999999999,2017-08,0.12499999999999985,2.9989999999999966,23.992,-0.24046956178617604,-0.23232350193513943,-0.22098512057465367,3,3,Baixas
1209,7961,2017-10-05,Chico,California,Technology,Phones,7.992000000000001,1,2.6973,2017-10,0.3374999999999999,2.6973,7.992000000000001,-0.37856939298945524,-0.5169624983317762,-0.42621857362750126,3,3,Baixas
1210,7969,2016-10-10,Denver,Colorado,Technology,Phones,15.992,1,-2.998500000000002,2016-10,-0.18750000000000014,-2.998500000000002,15.992,-0.503430738540456,-0.481373726589261,-0.3236018471010775,4,3,Baixas
1211,7972,2015-08-16,Philadelphia,Pennsylvania,Technology,Accessories,31.176,3,-5.455800000000004,2015-08,-0.17500000000000016,-1.8186000000000015,10.392,-0.5572988140386255,-0.4138262378219671,-0.39543355566957417,34,0,Baixas
1212,7979,2014-05-31,Jackson,Mississippi,Technology,Phones,113.73,3,32.98169999999999,2014-05,0.28999999999999987,10.993899999999996,37.910000000000004,0.2853146853146853,-0.0465768050180168,-0.04245767060030779,21,3,Medias
1213,7987,2016-07-20,Long Beach,New York,Technology,Phones,89.94999999999999,5,43.176,2016-07,0.4800000000000001,8.635200000000001,17.99,0.5087905824582942,-0.15236442902264338,-0.2979733196511032,29,3,Altas
1214,7991,2016-08-23,Sheboygan,Wisconsin,Technology,Accessories,1.98,2,0.891,2016-08,0.45,0.4455,0.99,-0.41816647302540666,-0.5437074602962764,-0.5160338635197537,44,0,Baixas
1215,7993,2016-06-14,Boca Raton,Florida,Technology,Accessories,18.464,2,2.308,2016-06,0.125,1.154,9.232,-0.3871034921191656,-0.4703767961208238,-0.41031298101590563,7,0,Baixas
1216,7997,2017-11-03,San Diego,California,Technology,Accessories,199.75,5,87.89000000000001,2017-11,0.44000000000000006,17.578000000000003,39.95,1.4889953306881207,0.3360914631433782,-0.01629040533606973,3,0,Altas
1217,8001,2015-11-08,Dubuque,Iowa,Technology,Phones,263.96,4,76.54839999999999,2015-11,0.29,19.137099999999997,65.99,1.2403687221869035,0.621735842341741,0.3177270395074397,12,3,Altas
1218,8002,2015-12-12,Los Angeles,California,Technology,Accessories,299.94,6,128.97420000000002,2015-12,0.4300000000000001,21.495700000000003,49.99,2.3896288664313743,0.7817963432537033,0.11249358645459215,3,0,Altas
1219,8004,2014-12-01,Lowell,Massachusetts,Technology,Phones,271.9,2,78.85099999999997,2014-12,0.2899999999999999,39.425499999999985,135.95,1.2908455181182446,0.6570576982961873,1.215110312981016,18,3,Altas
1220,8012,2015-06-20,Aurora,Colorado,Technology,Phones,125.944,7,15.742999999999984,2015-06,0.12499999999999988,2.248999999999998,17.992,-0.09258609728829163,0.007758352239868319,-0.29794766546947155,4,3,Medias
1221,8014,2017-05-25,New York City,New York,Technology,Accessories,120.0,8,13.200000000000005,2017-05,0.11000000000000004,1.6500000000000006,15.0,-0.14833285836420584,-0.018684105164820507,-0.33632632119035405,29,0,Medias
1222,8019,2017-10-17,Modesto,California,Technology,Phones,52.792,1,4.619300000000003,2017-10,0.08750000000000005,4.619300000000003,52.792,-0.33643597781528767,-0.3176653765736909,0.14843509492047208,3,3,Baixas
1223,8028,2015-09-11,New York City,New York,Technology,Accessories,19.99,1,6.796599999999998,2015-09,0.3399999999999999,6.796599999999998,19.99,-0.28870596488151307,-0.46358823791093906,-0.2723191380194972,29,0,Baixas
1224,8030,2016-10-21,San Antonio,Texas,Technology,Accessories,106.08,6,-9.281999999999996,2016-10,-0.08749999999999997,-1.5469999999999995,17.68,-0.641175438981081,-0.08060856799679701,-0.30194971780400204,39,0,Baixas
1225,8042,2017-08-21,Seattle,Washington,Technology,Accessories,33.18,2,11.613,2017-08,0.35,5.8065,16.59,-0.18312252011311533,-0.40491125050046706,-0.3159312467932273,43,0,Medias
1226,8043,2017-03-11,Cambridge,Massachusetts,Technology,Accessories,63.88,4,24.913200000000003,2017-03,0.39,6.228300000000001,15.97,0.10843983602604326,-0.2683393389385648,-0.3238840430990252,18,0,Medias
1227,8059,2015-08-28,Los Angeles,California,Technology,Phones,43.176,3,15.1116,2015-08,0.35,5.0371999999999995,14.392000000000001,-0.10642742837100169,-0.36044308020819427,-0.3441251924063622,3,3,Medias
1228,8063,2016-11-07,Rochester,New York,Technology,Phones,263.96,4,71.26920000000001,2016-11,0.2700000000000001,17.817300000000003,65.99,1.1246399368656423,0.621735842341741,0.3177270395074397,29,3,Altas
1229,8064,2016-11-07,Rochester,New York,Technology,Phones,359.97,3,100.7916,2016-11,0.27999999999999997,33.5972,119.99000000000001,1.7718197163338227,1.0488455892166022,1.0103899435608006,29,3,Altas
1230,8068,2015-10-20,San Francisco,California,Technology,Accessories,239.97,3,86.38919999999999,2015-10,0.35999999999999993,28.796399999999995,79.99,1.4560953153429639,0.5150140130788735,0.4973063109286814,3,0,Altas
1231,8079,2015-06-23,East Point,Georgia,Technology,Accessories,75.0,3,18.0,2015-06,0.24,6.0,25.0,-0.043108928688865664,-0.21887094621646866,-0.20805541303232428,8,0,Medias
1232,8097,2017-07-27,Seattle,Washington,Technology,Accessories,234.95,5,32.89300000000001,2017-07,0.14000000000000004,6.578600000000002,46.989999999999995,0.28337023478089346,0.49268205881044513,0.07401231400718312,43,0,Medias
1233,8100,2016-03-10,Los Angeles,California,Technology,Accessories,26.85,3,5.101499999999997,2016-03,0.1899999999999999,1.700499999999999,8.950000000000001,-0.3258653572133192,-0.4330708661417322,-0.413930220625962,3,0,Baixas
1234,8105,2015-05-22,Los Angeles,California,Technology,Phones,775.7280000000001,6,58.17960000000002,2015-05,0.07500000000000002,9.696600000000004,129.288,0.8376942806409896,2.898385159482183,1.1296562339661367,3,3,Altas
1235,8108,2017-02-17,Houston,Texas,Technology,Phones,438.336,4,-87.66720000000004,2017-02,-0.20000000000000007,-21.91680000000001,109.584,-2.3595085165618075,1.3974643000133455,0.8769112365315548,39,3,Baixas
1236,8127,2015-02-06,Houston,Texas,Technology,Accessories,18.528,2,4.4004,2015-02,0.23750000000000004,2.2002,9.264,-0.3412346274415235,-0.4700920859468836,-0.40990251410979994,39,0,Baixas
1237,8130,2014-07-20,Riverside,California,Technology,Accessories,41.94,2,15.098399999999998,2014-07,0.36,7.549199999999999,20.97,-0.10671679417760892,-0.36594154544241286,-0.2597485890200103,3,0,Medias
1238,8145,2016-02-05,San Diego,California,Technology,Phones,159.96800000000002,4,-31.99360000000003,2016-02,-0.20000000000000015,-7.998400000000007,39.992000000000004,-1.1390512309007605,0.15911739846078565,-0.015751667521805984,3,3,Baixas
1239,8155,2017-03-20,Middletown,Connecticut,Technology,Accessories,238.0,2,38.08000000000001,2017-03,0.16000000000000006,19.040000000000006,119.0,0.39707784378630817,0.5062502780372791,0.9976911236531556,5,0,Altas
1240,8158,2016-11-18,San Diego,California,Technology,Accessories,595.0,5,95.20000000000005,2016-11,0.1600000000000001,19.04000000000001,119.0,1.6492426069228585,2.0943992170470214,0.9976911236531556,3,0,Altas
1241,8160,2016-03-09,Milford,Connecticut,Technology,Accessories,199.75,5,87.89000000000001,2016-03,0.44000000000000006,17.578000000000003,39.95,1.4889953306881207,0.3360914631433782,-0.01629040533606973,5,0,Altas
1242,8163,2015-09-28,New York City,New York,Technology,Phones,307.98,2,89.31419999999997,2015-09,0.28999999999999987,44.657099999999986,153.99,1.5202161474888738,0.8175630588549312,1.4465110312981018,29,3,Altas
1243,8171,2017-11-06,Seattle,Washington,Technology,Accessories,108.96,3,32.68799999999999,2017-11,0.29999999999999993,10.895999999999995,36.32,0.2788762961176754,-0.06779661016949155,-0.06285274499743457,43,0,Medias
1244,8178,2017-12-22,Los Angeles,California,Technology,Accessories,474.95,5,142.48499999999993,2017-12,0.2999999999999999,28.496999999999986,94.99,2.6858079224850364,1.560345211085902,0.689712673165726,3,0,Altas
1245,8182,2015-11-21,Philadelphia,Pennsylvania,Technology,Phones,110.97,5,-24.043499999999995,2015-11,-0.21666666666666662,-4.808699999999999,22.194,-0.9647719052107758,-0.05885493126918458,-0.24404822986146743,34,3,Baixas
1246,8197,2017-09-05,Knoxville,Tennessee,Technology,Accessories,89.568,4,-1.119600000000009,2017-09,-0.012500000000000101,-0.27990000000000226,22.392,-0.4622421465681651,-0.15406379287334845,-0.24150846587993843,38,0,Baixas
1247,8203,2015-11-08,New York City,New York,Technology,Phones,549.98,2,142.9948,2015-11,0.26,71.4974,274.99,2.6969835806826397,1.8941234040660169,2.998589020010262,29,3,Altas
1248,8230,2016-04-04,Troy,New York,Technology,Accessories,89.97,3,37.787400000000005,2016-04,0.42000000000000004,12.595800000000002,29.99,0.3906635684065154,-0.15227545709328705,-0.14404822986146743,29,0,Medias
1249,8243,2014-09-01,New York City,New York,Technology,Accessories,357.0,3,57.12000000000002,2014-09,0.16000000000000006,19.040000000000006,119.0,0.8144660981651582,1.0356332577071932,0.9976911236531556,29,0,Altas
1250,8244,2014-08-12,San Francisco,California,Technology,Phones,806.336,8,50.396000000000015,2014-08,0.06250000000000001,6.299500000000002,100.792,0.6670649100116188,3.034547800169046,0.764135454079015,3,3,Altas
1251,8254,2017-08-12,Seattle,Washington,Technology,Copiers,299.99,1,89.99699999999999,2017-08,0.29999999999999993,89.99699999999999,299.99,1.5351842514851914,0.7820187730770941,3.319266290405336,43,1,Altas
1252,8256,2017-08-12,Seattle,Washington,Technology,Phones,242.624,8,27.295199999999973,2017-08,0.11249999999999989,3.4118999999999966,30.328,0.16065721112743023,0.5268205881044529,-0.13971267316572603,43,3,Medias
1253,8258,2017-08-12,Seattle,Washington,Technology,Accessories,174.95000000000002,5,12.246500000000005,2017-08,0.07000000000000002,2.449300000000001,34.99,-0.16923515356117189,0.22576627074158104,-0.07991277578245251,43,0,Medias
1254,8267,2014-04-29,Dover,Delaware,Technology,Phones,19.98,2,5.194800000000001,2014-04,0.26,2.5974000000000004,9.99,-0.3238200670802547,-0.46363272387561716,-0.4005900461775269,6,3,Baixas
1255,8283,2015-12-21,Saint Charles,Illinois,Technology,Machines,600.53,2,137.26399999999995,2015-12,0.2285714285714285,68.63199999999998,300.265,2.5713549773110884,2.1189999555140346,3.3227937403796814,10,2,Altas
1256,8285,2015-12-21,Saint Charles,Illinois,Technology,Accessories,637.44,8,135.45599999999996,2015-12,0.2124999999999999,16.931999999999995,79.68,2.5317206304667104,2.2831976511410645,0.4933299127757826,10,0,Altas
1257,8289,2014-08-12,Miami,Florida,Technology,Accessories,158.928,7,41.7186,2014-08,0.2625,5.9598,22.704,0.476841966810619,0.15449085813425859,-0.23750641354540789,7,0,Altas
1258,8295,2017-03-13,New York City,New York,Technology,Phones,299.9,2,74.975,2017-03,0.25,37.4875,149.95,1.205877194905408,0.7816183993949907,1.3946895844022575,29,3,Altas
1259,8297,2016-05-30,Arlington,Virginia,Technology,Accessories,111.98,2,26.875200000000007,2016-05,0.24000000000000005,13.437600000000003,55.99,0.15145011728083868,-0.054361848836692005,0.18945613134941,42,0,Medias
1260,8304,2014-10-31,San Francisco,California,Technology,Phones,73.584,2,8.278199999999998,2014-10,0.11249999999999998,4.139099999999999,36.792,-0.25622684525505807,-0.22517015881489386,-0.05679835813237555,3,3,Baixas
1261,8326,2017-09-08,Hialeah,Florida,Technology,Phones,158.376,3,13.857900000000008,2017-09,0.08750000000000005,4.619300000000003,52.792,-0.13391060350307946,0.15203523288402507,0.14843509492047208,7,3,Medias
1262,8331,2017-11-07,New York City,New York,Technology,Accessories,7.88,4,2.5215999999999994,2017-11,0.31999999999999995,0.6303999999999998,1.97,-0.382421027248613,-0.5174607411361715,-0.5034633145202668,29,0,Baixas
1263,8359,2014-04-11,Great Falls,Montana,Technology,Phones,105.584,2,9.238600000000003,2014-04,0.08750000000000004,4.619300000000002,52.792,-0.2351732906591836,-0.08281507184483293,0.14843509492047208,23,3,Medias
1264,8360,2014-04-11,Great Falls,Montana,Technology,Accessories,217.44,6,91.3248,2014-04,0.42,15.220799999999999,36.24,1.5642918210316326,0.41478713465901496,-0.06387891226269879,23,0,Altas
1265,8365,2017-04-28,Kissimmee,Florida,Technology,Phones,751.984,2,84.59819999999988,2017-04,0.11249999999999984,42.29909999999994,375.992,1.41683363658285,2.7927576849503977,4.2941508465879945,7,3,Altas
1266,8366,2017-01-30,Seattle,Washington,Technology,Phones,604.768,4,60.476800000000026,2017-01,0.10000000000000003,15.119200000000006,151.192,0.8880526996514463,2.1378531073446325,1.410620831195485,43,3,Altas
1267,8382,2016-03-17,San Francisco,California,Technology,Phones,84.784,2,-20.13620000000001,2016-03,-0.2375000000000001,-10.068100000000005,42.392,-0.8791174342898477,-0.17534587837537252,0.015033350436121142,3,3,Baixas
1268,8384,2016-11-26,Shelton,Connecticut,Technology,Accessories,59.97,3,14.992499999999996,2016-11,0.24999999999999994,4.997499999999999,19.99,-0.10903829712607115,-0.28573335112771914,-0.2723191380194972,5,0,Medias
1269,8393,2016-12-01,Franklin,Massachusetts,Technology,Phones,137.94,3,35.8644,2016-12,0.26,11.9548,45.98,0.3485082315803321,0.06112371546776988,0.061056952283222145,18,3,Medias
1270,8406,2017-07-08,Newark,Delaware,Technology,Accessories,141.9,5,58.179,2017-07,0.41,11.6358,28.380000000000003,0.8376811276497798,0.07874015748031496,-0.16469984607491017,6,0,Altas
1271,8415,2016-12-17,Arlington,Texas,Technology,Accessories,165.60000000000002,3,-6.210000000000015,2016-12,-0.03750000000000009,-2.070000000000005,55.20000000000001,-0.5738321239888636,0.1841718937675164,0.17932272960492576,39,0,Baixas
1272,8421,2017-05-09,Seattle,Washington,Technology,Accessories,199.98,2,87.9912,2017-05,0.44000000000000006,43.9956,99.99,1.491213801872109,0.33711464033097543,0.7538481272447409,43,0,Altas
1273,8422,2017-10-12,Lakewood,New Jersey,Technology,Accessories,45.0,3,4.950000000000001,2017-10,0.11000000000000003,1.6500000000000004,15.0,-0.32918648749369706,-0.3523288402509008,-0.33632632119035405,27,0,Baixas
1274,8429,2017-11-12,Tempe,Arizona,Technology,Accessories,62.352,6,-10.911600000000009,2017-11,-0.17500000000000016,-1.8186000000000015,10.392,-0.6768989631058593,-0.27513679434138527,-0.39543355566957417,1,0,Baixas
1275,8438,2015-12-10,Cleveland,Ohio,Technology,Accessories,25.488,2,4.4604,2015-12,0.175,2.2302,12.744,-0.3399193283205818,-0.4391298545308954,-0.36526423807080555,31,0,Baixas
1276,8440,2017-03-14,Chicago,Illinois,Technology,Phones,49.61600000000001,2,4.961599999999999,2017-03,0.09999999999999996,2.4807999999999995,24.808000000000003,-0.328932196330315,-0.3317941189554695,-0.2105182144689584,10,3,Baixas
1277,8443,2016-03-06,Philadelphia,Pennsylvania,Technology,Phones,431.94,2,-71.99000000000001,2016-03,-0.16666666666666669,-35.995000000000005,215.97,-2.015838393581339,1.3690110770052046,2.24153412006157,34,3,Baixas
1278,8445,2016-03-06,Philadelphia,Pennsylvania,Technology,Phones,68.238,3,-12.510300000000008,2016-03,-0.18333333333333346,-4.170100000000002,22.746,-0.7119451081833523,-0.24895235553182968,-0.2369676757311442,34,3,Baixas
1279,8456,2016-05-22,Los Angeles,California,Technology,Phones,222.384,2,22.238400000000013,2016-05,0.10000000000000006,11.119200000000006,111.192,0.0498038012144601,0.43678099559588934,0.8975371985633658,3,3,Medias
1280,8464,2014-03-28,Albuquerque,New Mexico,Technology,Phones,302.376,3,22.67820000000001,2014-03,0.07500000000000004,7.559400000000004,100.79199999999999,0.05944494377096311,0.7926331242492991,0.7641354540790148,28,3,Medias
1281,8465,2015-05-10,Louisville,Colorado,Technology,Accessories,46.688,4,-2.918000000000003,2015-05,-0.06250000000000006,-0.7295000000000007,11.672,-0.5016660455531924,-0.34481960941323003,-0.37901487942534634,4,0,Baixas
1282,8471,2017-04-23,Clarksville,Tennessee,Technology,Accessories,45.408,2,11.9196,2017-04,0.2625,5.9598,22.704,-0.17640134160510296,-0.3505138128920325,-0.23750641354540789,38,0,Medias
1283,8481,2014-07-21,Omaha,Nebraska,Technology,Phones,35.98,2,10.0744,2014-07,0.28,5.0372,17.99,-0.216851173904465,-0.3924551803905867,-0.2979733196511032,24,3,Medias
1284,8494,2015-10-23,Lubbock,Texas,Technology,Copiers,479.97600000000006,3,161.9919,2015-10,0.3374999999999999,53.997299999999996,159.99200000000002,3.1134313961900153,1.5827038569331375,1.5234992303745514,39,1,Altas
1285,8496,2016-12-02,Longmont,Colorado,Technology,Accessories,165.60000000000002,3,-6.210000000000015,2016-12,-0.03750000000000009,-2.070000000000005,55.20000000000001,-0.5738321239888636,0.1841718937675164,0.17932272960492576,4,0,Baixas
1286,8498,2014-03-05,Yonkers,New York,Technology,Accessories,479.97,3,177.58890000000002,2014-03,0.37000000000000005,59.19630000000001,159.99,3.455343402678825,1.5826771653543306,1.5234735761929197,29,0,Altas
1287,8502,2015-03-01,Los Angeles,California,Technology,Phones,15.984000000000002,2,1.1988000000000003,2015-03,0.07500000000000001,0.5994000000000002,7.992000000000001,-0.4114189885349755,-0.4814093153610035,-0.42621857362750126,3,3,Baixas
1288,8507,2016-03-08,Dallas,Texas,Technology,Accessories,27.96,5,8.388000000000003,2016-03,0.3000000000000001,1.6776000000000006,5.5920000000000005,-0.2538198478637345,-0.42813292406245823,-0.45700359158542847,39,0,Baixas
1289,8510,2015-12-11,Detroit,Michigan,Technology,Phones,125.99,1,31.4975,2015-12,0.25,31.4975,125.99,0.25277856939298965,0.007962987677387748,1.0873524884556183,19,3,Medias
1290,8523,2016-04-01,Milwaukee,Wisconsin,Technology,Phones,12.99,1,0.2598000000000002,2016-04,0.020000000000000014,0.2598000000000002,12.99,-0.432003419777714,-0.49472841318563987,-0.362108773730118,44,3,Baixas
1291,8525,2017-03-16,Columbus,Ohio,Technology,Phones,44.376,2,-7.396000000000004,2017-03,-0.16666666666666677,-3.698000000000002,22.188,-0.5998312032794787,-0.355104764446817,-0.24412519240636227,31,3,Baixas
1292,8528,2017-03-16,Columbus,Ohio,Technology,Accessories,159.984,2,43.9956,2017-03,0.275,21.9978,79.992,0.5267575684503586,0.15918857600427064,0.4973319651103131,31,0,Altas
1293,8536,2014-05-16,San Francisco,California,Technology,Accessories,56.400000000000006,3,3.3840000000000003,2014-05,0.06,1.1280000000000001,18.8,-0.3635157945502768,-0.30161484051781656,-0.2875833760903027,3,0,Baixas
1294,8540,2017-03-09,Los Angeles,California,Technology,Copiers,479.984,2,59.99799999999996,2017-03,0.12499999999999993,29.99899999999998,239.992,0.8775566126663298,1.5827394457048798,2.5496664956387893,3,1,Altas
1295,8544,2014-08-06,New York City,New York,Technology,Accessories,199.98,2,83.9916,2014-08,0.42000000000000004,41.9958,99.99,1.4035359624701318,0.33711464033097543,0.7538481272447409,29,0,Altas
1296,8548,2015-12-05,Los Angeles,California,Technology,Accessories,39.0,3,17.549999999999997,2015-12,0.4499999999999999,5.849999999999999,13.0,-0.052973672095928875,-0.3790204190577872,-0.36198050282196,3,0,Medias
1297,8553,2014-05-30,Chicago,Illinois,Technology,Copiers,719.9760000000001,3,134.9955,2014-05,0.18749999999999997,44.9985,239.99200000000005,2.5216257097134833,2.6503670092085945,2.5496664956387898,10,1,Altas
1298,8554,2017-11-13,Decatur,Alabama,Technology,Accessories,239.92,8,23.99199999999999,2017-11,0.09999999999999996,2.9989999999999988,29.99,0.08824561018918392,0.5147915832554827,-0.14404822986146743,0,0,Medias
1299,8556,2015-03-22,Plantation,Florida,Technology,Accessories,447.944,7,89.58879999999999,2015-03,0.19999999999999998,12.798399999999999,63.992000000000004,1.5262358331323844,1.4402064148761065,0.29209851205746545,7,0,Altas
1300,8558,2016-12-23,Houston,Texas,Technology,Phones,453.576,3,39.68789999999999,2016-12,0.08749999999999998,13.229299999999997,151.192,0.4323256680623451,1.465260910182837,1.410620831195485,39,3,Altas
1301,8560,2016-12-23,Houston,Texas,Technology,Phones,287.88,3,35.985,2016-12,0.125,11.995,95.96,0.35115198281342497,0.7281462698518616,0.7021549512570548,39,3,Medias
1302,8561,2016-12-23,Houston,Texas,Technology,Phones,131.88000000000002,3,14.836499999999988,2016-12,0.11249999999999989,4.9454999999999965,43.96000000000001,-0.11245807484051988,0.03416522087281471,0.035146228835300275,39,3,Medias
1303,8566,2016-11-17,The Colony,Texas,Technology,Phones,67.176,3,6.717599999999997,2016-11,0.09999999999999996,2.239199999999999,22.392,-0.29043777539075305,-0.25367676498064856,-0.24150846587993843,39,3,Baixas
1304,8571,2016-12-06,Hempstead,New York,Technology,Copiers,479.984,2,89.99699999999999,2016-12,0.18749999999999997,44.99849999999999,239.992,1.5351842514851914,1.5827394457048798,2.5496664956387893,29,1,Altas
1305,8583,2014-05-20,San Marcos,Texas,Technology,Accessories,20.784,2,-3.637200000000002,2014-05,-0.17500000000000013,-1.818600000000001,10.392,-0.5174320976828809,-0.46005605231549435,-0.39543355566957417,39,0,Baixas
1306,8594,2017-11-09,Jacksonville,Florida,Technology,Accessories,191.976,3,38.39519999999999,2017-11,0.19999999999999993,12.798399999999996,63.992,0.40398754850165497,0.301508074202589,0.2920985120574654,7,0,Altas
1307,8595,2017-11-09,Jacksonville,Florida,Technology,Phones,499.16800000000006,4,31.198,2017-11,0.06249999999999999,7.7995,124.79200000000002,0.24621303461428876,1.6680813203434317,1.0719856336582867,7,3,Medias
1308,8603,2014-12-31,Reno,Nevada,Technology,Phones,475.944,7,59.49299999999995,2014-12,0.12499999999999989,8.498999999999993,67.992,0.8664861783984031,1.5647671159749097,0.3434068753206774,25,3,Altas
1309,8604,2016-01-03,San Antonio,Texas,Technology,Accessories,30.08,2,-5.264,2016-01,-0.17500000000000002,-2.632,15.04,-0.5530942411820149,-0.4187018995506917,-0.3358132375577219,39,0,Baixas
1310,8605,2016-01-03,San Antonio,Texas,Technology,Accessories,165.60000000000002,3,-6.210000000000015,2016-01,-0.03750000000000009,-2.070000000000005,55.20000000000001,-0.5738321239888636,0.1841718937675164,0.17932272960492576,39,0,Baixas
1311,8606,2016-01-03,San Antonio,Texas,Technology,Phones,180.96,5,13.571999999999996,2016-01,0.07499999999999997,2.714399999999999,36.192,-0.14017800381436718,0.25250233551314555,-0.06449461262185735,39,3,Medias
1312,8607,2017-08-18,New Bedford,Massachusetts,Technology,Accessories,23.18,2,7.649399999999998,2017-08,0.3299999999999999,3.824699999999999,11.59,-0.2700111800425276,-0.4493972151786111,-0.3800667008722422,18,0,Baixas
1313,8612,2017-11-13,Oxnard,California,Technology,Accessories,82.95,5,29.0325,2017-11,0.35,5.8065,16.59,0.19874169717429926,-0.18350460429734414,-0.3159312467932273,3,0,Medias
1314,8614,2016-11-09,Oakland,California,Technology,Accessories,479.97,3,177.58890000000002,2016-11,0.37000000000000005,59.19630000000001,159.99,3.455343402678825,1.5826771653543306,1.5234735761929197,3,0,Altas
1315,8625,2015-11-13,Miami,Florida,Technology,Accessories,111.96,5,-1.3995000000000104,2015-11,-0.012500000000000094,-0.2799000000000021,22.392,-0.46837801696735837,-0.05445082076604834,-0.24150846587993843,7,0,Baixas
1316,8628,2015-09-07,New York City,New York,Technology,Accessories,90.0,5,16.199999999999992,2015-09,0.1799999999999999,3.2399999999999984,18.0,-0.08256790231711844,-0.15214199919925261,-0.2978450487429451,29,0,Medias
1317,8639,2017-07-23,Kenosha,Wisconsin,Technology,Accessories,399.95,5,143.982,2017-07,0.36,28.7964,79.99,2.7186246355525343,1.2267004759998217,0.4973063109286814,44,0,Altas
1318,8654,2014-09-13,Seattle,Washington,Technology,Accessories,199.98,2,75.9924,2014-09,0.38000000000000006,37.9962,99.99,1.228180283666177,0.33711464033097543,0.7538481272447409,43,0,Altas
1319,8655,2014-09-13,Seattle,Washington,Technology,Accessories,144.96,4,60.8832,2014-09,0.42,15.2208,36.24,0.8969616590306246,0.09235286267182705,-0.06387891226269879,43,0,Altas
1320,8656,2014-09-13,Seattle,Washington,Technology,Accessories,118.0,2,20.059999999999988,2014-09,0.1699999999999999,10.029999999999994,59.0,0.0020496744634676176,-0.027581298100449316,0.22806567470497693,43,0,Medias
1321,8663,2015-05-12,Houston,Texas,Technology,Phones,619.152,6,69.65459999999999,2015-05,0.11249999999999998,11.609099999999998,103.19200000000001,1.0892452375210993,2.201841718937675,0.7949204720369422,39,3,Altas
1322,8669,2016-12-22,Seattle,Washington,Technology,Machines,11.56,1,3.7569999999999992,2016-12,0.3249999999999999,3.7569999999999992,11.56,-0.3553390183484223,-0.5010899061346145,-0.38045151359671625,43,2,Baixas
1323,8680,2016-09-02,Houston,Texas,Technology,Accessories,159.56,5,33.906499999999994,2016-09,0.21249999999999997,6.781299999999999,31.912,0.30558782909880094,0.1573023711019173,-0.1193945613134941,39,0,Medias
1324,8683,2014-11-05,Arlington,Virginia,Technology,Accessories,47.79,3,16.2486,2014-11,0.34,5.4162,15.93,-0.08150251002915546,-0.33991725610569856,-0.32439712673165727,42,0,Medias
1325,8685,2016-12-16,San Diego,California,Technology,Accessories,21.21,7,4.454099999999999,2016-12,0.20999999999999994,0.6362999999999998,3.0300000000000002,-0.3400574347282807,-0.4581609502202055,-0.48986659825551565,3,0,Baixas
1326,8691,2016-08-14,Akron,Ohio,Technology,Phones,259.896,2,-56.31079999999997,2016-08,-0.21666666666666654,-28.155399999999986,129.948,-1.6721244272968394,0.6036567462965434,1.1381221139045667,31,3,Baixas
1327,8692,2016-08-14,Akron,Ohio,Technology,Phones,247.188,2,-49.43760000000003,2016-08,-0.20000000000000015,-24.718800000000016,123.594,-1.5214525286625598,0.5471239823835577,1.0566187788609545,31,3,Baixas
1328,8693,2016-08-14,Akron,Ohio,Technology,Accessories,279.96,5,48.993,2016-08,0.17500000000000002,9.7986,55.992,0.6363088322335972,0.6929133858267714,0.18948178553104156,31,0,Altas
1329,8694,2016-10-24,San Francisco,California,Technology,Accessories,450.0,5,162.0,2016-10,0.36,32.4,90.0,3.1136089615713427,1.4493527292139328,0.6257054899948692,3,0,Altas
1330,8697,2017-06-15,Nashville,Tennessee,Technology,Phones,239.976,3,26.997299999999967,2017-06,0.11249999999999986,8.99909999999999,79.992,0.15412675099195428,0.5150407046576804,0.4973319651103131,38,3,Medias
1331,8705,2016-07-23,Houston,Texas,Technology,Phones,115.136,8,11.513600000000004,2016-07,0.10000000000000003,1.4392000000000005,14.392,-0.18530153232347543,-0.04032207838426979,-0.34412519240636225,39,3,Medias
1332,8709,2014-11-16,Los Angeles,California,Technology,Phones,79.968,4,-17.9928,2014-11,-0.22499999999999998,-4.4982,19.992,-0.8321305653594048,-0.1967703189643667,-0.27229348383786556,3,3,Baixas
1333,8714,2017-07-11,San Diego,California,Technology,Phones,71.952,6,5.396399999999996,2017-07,0.07499999999999996,0.8993999999999994,11.991999999999999,-0.3194006620338905,-0.23243026825036697,-0.37491021036428945,3,3,Baixas
1334,8727,2015-12-27,Murfreesboro,Tennessee,Technology,Accessories,4.728,3,0.7091999999999996,2015-12,0.1499999999999999,0.23639999999999986,1.5759999999999998,-0.42215182936186024,-0.5314827172027224,-0.5085171883016932,38,0,Baixas
1335,8731,2015-12-27,Murfreesboro,Tennessee,Technology,Accessories,72.74400000000001,7,-12.73020000000001,2015-12,-0.1750000000000001,-1.8186000000000015,10.392000000000001,-0.7167656794616037,-0.2289069798478579,-0.3954335556695741,38,0,Baixas
1336,8740,2017-12-08,Philadelphia,Pennsylvania,Technology,Phones,83.98799999999999,2,-20.997,2017-12,-0.25000000000000006,-10.4985,41.99399999999999,-0.8979875923449584,-0.17888696116375288,0.009928168291431425,34,3,Baixas
1337,8744,2015-10-02,Hillsboro,Oregon,Technology,Accessories,53.040000000000006,3,-4.640999999999998,2015-10,-0.08749999999999995,-1.5469999999999995,17.680000000000003,-0.5394370519762364,-0.3165621246496729,-0.30194971780400204,33,0,Baixas
1338,8749,2017-02-02,San Diego,California,Technology,Machines,239.98400000000004,2,38.99739999999997,2017-02,0.16249999999999984,19.498699999999985,119.99200000000002,0.41718876734550664,0.5150762934294231,1.0104155977424323,3,2,Altas
1339,8751,2015-06-16,New York City,New York,Technology,Phones,133.98,2,33.495000000000005,2015-06,0.25000000000000006,16.747500000000002,66.99,0.2965670692943423,0.04350727345522481,0.33055413032324266,29,3,Medias
1340,8753,2016-05-05,Tallahassee,Florida,Technology,Phones,177.48000000000002,3,19.966499999999986,2016-05,0.1124999999999999,6.6554999999999955,59.160000000000004,0.0,0.23702121980515148,0.23011800923550546,7,3,Medias
1341,8769,2015-10-05,Columbus,Ohio,Technology,Accessories,288.0,4,57.6,2015-10,0.2,14.4,72.0,0.8249884911326917,0.7286801014279993,0.39481785531041563,31,0,Altas
1342,8770,2016-09-12,Louisville,Colorado,Technology,Phones,146.952,3,9.184499999999993,2016-09,0.06249999999999995,3.0614999999999974,48.984,-0.23635925203323296,0.1012144668357133,0.09958953309389434,4,3,Medias
1343,8786,2017-05-28,Phoenix,Arizona,Technology,Phones,195.96000000000004,5,19.59600000000001,2017-05,0.10000000000000003,3.9192000000000022,39.19200000000001,-0.00812197207181478,0.31923128253036176,-0.02601334017444833,1,3,Medias
1344,8788,2017-05-28,Phoenix,Arizona,Technology,Accessories,271.968,4,54.39359999999998,2017-05,0.1999999999999999,13.598399999999994,67.992,0.754698906109564,0.6573602028559989,0.3434068753206774,1,0,Altas
1345,8792,2017-03-18,Houston,Texas,Technology,Phones,537.544,7,47.03509999999997,2017-03,0.08749999999999995,6.719299999999996,76.792,0.5933884297520655,1.838800658392277,0.45628527449974354,39,3,Altas
1346,8795,2014-12-19,Los Angeles,California,Technology,Phones,583.8,5,72.97499999999991,2014-12,0.12499999999999985,14.594999999999981,116.75999999999999,1.1620338908740142,2.0445749366075,0.9689584402257567,3,3,Altas
1347,8796,2014-12-19,Los Angeles,California,Technology,Phones,211.168,4,15.837600000000007,2014-12,0.07500000000000004,3.959400000000002,52.792,-0.0905123090076063,0.3868855376128831,0.14843509492047208,3,3,Medias
1348,8802,2016-11-10,Oklahoma City,Oklahoma,Technology,Phones,221.98,2,62.15440000000001,2016-11,0.2800000000000001,31.077200000000005,110.99,0.9248284630729774,0.43498376262289234,0.8949461262185736,32,3,Altas
1349,8804,2014-12-31,New York City,New York,Technology,Accessories,34.77,3,11.474099999999996,2014-12,0.32999999999999985,3.8246999999999987,11.590000000000002,-0.18616743757809556,-0.3978379821166421,-0.38006670087224215,29,0,Medias
1350,8809,2017-10-26,Philadelphia,Pennsylvania,Technology,Phones,118.64999999999998,5,19.77500000000001,2017-10,0.16666666666666677,3.955000000000002,23.729999999999997,-0.004197996361005248,-0.024689710396370055,-0.2243458183683941,34,3,Medias
1351,8815,2015-11-23,Wilmington,Delaware,Technology,Phones,307.98,2,89.31419999999997,2015-11,0.28999999999999987,44.657099999999986,153.99,1.5202161474888738,0.8175630588549312,1.4465110312981018,6,3,Altas
1352,8835,2017-09-24,Sandy Springs,Georgia,Technology,Phones,89.9,2,25.172,2017-09,0.27999999999999997,12.586,44.95,0.1141131595677053,-0.15258685884603404,0.04784504874294516,8,3,Medias
1353,8841,2014-04-06,Los Angeles,California,Technology,Accessories,299.97,3,131.98680000000002,2014-04,0.44,43.9956,99.99000000000001,2.4556700352938594,0.7819298011477379,0.753848127244741,3,0,Altas
1354,8842,2016-02-09,San Francisco,California,Technology,Accessories,89.97,3,39.58680000000001,2016-02,0.4400000000000001,13.195600000000004,29.99,0.4301093890435587,-0.15227545709328705,-0.14404822986146743,3,0,Altas
1355,8843,2016-02-09,San Francisco,California,Technology,Accessories,31.86,2,11.151,2016-02,0.35,5.5755,15.93,-0.19325032334436684,-0.41078339783798207,-0.32439712673165727,3,0,Medias
1356,8849,2015-07-02,Raleigh,North Carolina,Technology,Phones,74.24,1,8.351999999999993,2015-07,0.11249999999999992,8.351999999999993,74.24,-0.2546090273362998,-0.22225187953200765,0.42355053873781423,30,3,Baixas
1357,8855,2015-09-22,Philadelphia,Pennsylvania,Technology,Accessories,617.9760000000001,3,-7.724700000000098,2015-09,-0.012500000000000157,-2.574900000000033,205.99200000000005,-0.60703685029704,2.1966101694915254,2.113545407901489,34,0,Baixas
1358,8857,2017-10-13,Sacramento,California,Technology,Accessories,209.94,6,39.8886,2017-10,0.18999999999999997,6.6480999999999995,34.99,0.4367253436218954,0.38142266115040696,-0.07991277578245251,3,0,Altas
1359,8858,2017-10-13,Sacramento,California,Technology,Phones,31.984,2,-7.995999999999999,2017-10,-0.24999999999999994,-3.9979999999999993,15.992,-0.6129841944888961,-0.4102317718759731,-0.3236018471010775,3,3,Baixas
1360,8860,2017-08-20,Charlotte,North Carolina,Technology,Phones,35.96,1,3.5959999999999983,2017-08,0.09999999999999995,3.5959999999999983,35.96,-0.3588684043229493,-0.392544152319943,-0.06747049769112363,30,3,Baixas
1361,8868,2014-09-20,Chicago,Illinois,Technology,Phones,11.12,2,3.475,2014-09,0.31250000000000006,1.7375,5.56,-0.3615209242168485,-0.5030472885804528,-0.4574140584915341,10,3,Baixas
1362,8869,2016-11-04,San Diego,California,Technology,Machines,686.4000000000001,2,77.21999999999991,2016-11,0.11249999999999986,38.60999999999996,343.20000000000005,1.2550913036806433,2.501000934205258,3.873524884556183,3,2,Altas
1363,8873,2014-10-10,Columbus,Ohio,Technology,Machines,101.994,2,-71.39579999999998,2014-10,-0.6999999999999998,-35.69789999999999,50.997,-2.0028125479536123,-0.09878553316428666,0.12541046690610572,31,2,Baixas
1364,8881,2015-03-23,Los Angeles,California,Technology,Accessories,239.97,3,86.38919999999999,2015-03,0.35999999999999993,28.796399999999995,79.99,1.4560953153429639,0.5150140130788735,0.4973063109286814,3,0,Altas
1365,8882,2016-06-30,Aurora,Illinois,Technology,Accessories,50.120000000000005,7,-0.6265000000000072,2016-06,-0.012500000000000141,-0.08950000000000102,7.160000000000001,-0.45143257995922537,-0.32955202633569103,-0.43689071318624934,10,0,Baixas
1366,8883,2017-10-20,Durham,North Carolina,Technology,Phones,15.984000000000002,2,1.3986,2017-10,0.0875,0.6993,7.992000000000001,-0.4070390424622395,-0.4814093153610035,-0.42621857362750126,30,3,Baixas
1367,8897,2016-08-15,Los Angeles,California,Technology,Phones,165.60000000000002,3,10.349999999999994,2016-08,0.06249999999999996,3.449999999999998,55.20000000000001,-0.21080956660893937,0.1841718937675164,0.17932272960492576,3,3,Medias
1368,8899,2015-08-07,Springfield,Virginia,Technology,Phones,494.97,3,148.49099999999996,2015-08,0.2999999999999999,49.496999999999986,164.99,2.817469364491306,1.6494061123715467,1.5876090302719346,42,3,Altas
1369,8906,2016-07-01,New York City,New York,Technology,Accessories,30.84,3,6.1679999999999975,2016-07,0.19999999999999993,2.055999999999999,10.28,-0.30248591533857955,-0.4153209662351527,-0.3968701898409441,29,0,Baixas
1370,8908,2016-12-18,San Francisco,California,Technology,Phones,66.97600000000001,7,6.697600000000001,2016-12,0.1,0.9568000000000002,9.568000000000001,-0.29087620843106693,-0.25456648427421136,-0.4060030785017958,3,3,Baixas
1371,8911,2017-11-04,Chattanooga,Tennessee,Technology,Accessories,95.976,3,15.596099999999996,2017-11,0.16249999999999995,5.198699999999999,31.992,-0.0958063879693971,-0.12555718670759375,-0.11836839404822984,38,0,Medias
1372,8912,2017-11-04,Chattanooga,Tennessee,Technology,Phones,143.928,9,-32.38380000000001,2017-11,-0.22500000000000006,-3.5982000000000007,15.991999999999999,-1.1476050595172846,0.08776191111704253,-0.32360184710107753,38,3,Baixas
1373,8921,2014-04-28,Jamestown,New York,Technology,Accessories,159.98,2,57.5928,2014-04,0.36,28.7964,79.99,0.8248306552381788,0.15917078161839932,0.4973063109286814,29,0,Altas
1374,8922,2016-10-04,Coral Gables,Florida,Technology,Phones,52.67999999999999,3,19.755,2016-10,0.37500000000000006,6.585,17.56,-0.00463642940131939,-0.3181636193780862,-0.30348896870189845,7,3,Medias
1375,8931,2015-04-13,Huntsville,Texas,Technology,Phones,239.976,3,17.998199999999997,2015-04,0.07499999999999998,5.999399999999999,79.992,-0.04314838766249398,0.5150407046576804,0.4973319651103131,39,3,Medias
1376,8933,2017-12-18,Milwaukee,Wisconsin,Technology,Accessories,29.34,3,10.8558,2017-12,0.37,3.6186000000000003,9.78,-0.19972159501940026,-0.4219938609368743,-0.4032837352488456,44,0,Medias
1377,8938,2015-12-17,Los Angeles,California,Technology,Phones,135.984,2,16.997999999999983,2015-12,0.12499999999999988,8.498999999999992,67.992,-0.06507442400859331,0.05242226077672496,0.3434068753206774,3,3,Medias
1378,8951,2017-12-22,Jackson,Tennessee,Technology,Accessories,46.864,2,7.615399999999994,2017-12,0.16249999999999987,3.807699999999997,23.432,-0.2707565162110614,-0.3440366564348948,-0.22816829143150336,38,0,Baixas
1379,8958,2017-12-25,Hialeah,Florida,Technology,Machines,120.0,2,-7.200000000000003,2017-12,-0.060000000000000026,-3.6000000000000014,60.0,-0.5955345594844023,-0.018684105164820507,0.24089276552077993,7,2,Baixas
1380,8959,2017-11-25,Houston,Texas,Technology,Phones,299.96,5,37.49499999999996,2017-11,0.12499999999999988,7.498999999999993,59.992,0.38425367735712496,0.7818853151830595,0.24079014879425345,39,3,Medias
1381,8964,2016-11-05,Virginia Beach,Virginia,Technology,Accessories,89.97,3,18.893699999999995,2016-11,0.20999999999999996,6.2978999999999985,29.99,-0.02351754828243834,-0.15227545709328705,-0.14404822986146743,42,0,Medias
1382,8967,2016-11-03,Philadelphia,Pennsylvania,Technology,Accessories,72.0,1,14.4,2016-11,0.2,14.4,72.0,-0.12202687594537087,-0.23221673561991188,0.39481785531041563,34,0,Medias
1383,8971,2017-12-02,Lakewood,Ohio,Technology,Phones,151.188,2,-25.198000000000008,2017-12,-0.16666666666666674,-12.599000000000004,75.594,-0.990080452462897,0.12005872147337505,0.44091841970241147,31,3,Baixas
1384,8973,2014-11-19,Philadelphia,Pennsylvania,Technology,Accessories,47.496,1,-1.187400000000002,2014-11,-0.02500000000000004,-1.187400000000002,47.496,-0.46372843457482904,-0.34122514346723604,0.08050282195997953,34,0,Baixas
1385,8988,2015-12-03,Jacksonville,North Carolina,Technology,Phones,105.584,2,9.238600000000003,2015-12,0.08750000000000004,4.619300000000002,52.792,-0.2351732906591836,-0.08281507184483293,0.14843509492047208,30,3,Medias
1386,8992,2017-10-01,San Francisco,California,Technology,Accessories,104.75,5,21.9975,2017-10,0.21,4.3995,20.95,0.04452287524387864,-0.08652520129899016,-0.2600051308363263,3,0,Medias
1387,8993,2017-10-16,Columbia,Tennessee,Technology,Accessories,18.528,2,4.4004,2017-10,0.23750000000000004,2.2002,9.264,-0.3412346274415235,-0.4700920859468836,-0.40990251410979994,38,0,Baixas
1388,8997,2017-11-11,Dallas,Texas,Technology,Phones,35.184,2,12.3144,2017-11,0.35,6.1572,17.592,-0.16774667338930627,-0.39599626317896697,-0.30307850179579277,39,3,Medias
1389,9002,2014-12-02,Sandy Springs,Georgia,Technology,Accessories,5.95,1,0.8330000000000002,2014-12,0.14,0.8330000000000002,5.95,-0.419437928842317,-0.5260465323190532,-0.4524114930733709,8,0,Baixas
1390,9004,2015-04-05,Spokane,Washington,Technology,Accessories,239.94,6,26.393399999999986,2015-04,0.10999999999999995,4.398899999999998,39.99,0.14088826533967594,0.514880555184839,-0.01577732170343762,43,0,Medias
1391,9012,2015-12-20,Houston,Texas,Technology,Accessories,100.8,2,21.42,2015-12,0.21250000000000002,10.71,50.4,0.03186312120481433,-0.10409715734685707,0.11775269368907132,39,0,Medias
1392,9020,2014-12-16,Springfield,Virginia,Technology,Accessories,99.98,2,7.998399999999989,2014-12,0.07999999999999988,3.9991999999999943,49.99,-0.2623605234890499,-0.10774500645046485,0.11249358645459215,42,0,Baixas
1393,9025,2016-06-26,New York City,New York,Technology,Accessories,20.97,3,9.0171,2016-06,0.43,3.0056999999999996,6.989999999999999,-0.24002893658066032,-0.4592286133724809,-0.43907131862493587,29,0,Medias
1394,9026,2016-06-26,New York City,New York,Technology,Accessories,139.96,4,9.797200000000004,2016-06,0.07000000000000002,2.449300000000001,34.99,-0.22292785584321587,0.07010988033275502,-0.07991277578245251,29,0,Medias
1395,9036,2015-10-01,Quincy,Illinois,Technology,Accessories,108.768,4,2.71919999999999,2015-10,0.024999999999999908,0.6797999999999975,27.192,-0.3780893088103117,-0.06865074069131188,-0.17993842996408416,10,0,Baixas
1396,9039,2017-11-21,Houston,Texas,Technology,Phones,55.176,3,-12.414599999999997,2017-11,-0.22499999999999992,-4.1381999999999985,18.392,-0.7098472060854499,-0.3070599225944214,-0.2928168291431503,39,3,Baixas
1397,9044,2016-11-07,San Francisco,California,Technology,Accessories,479.97,3,163.1898,2016-11,0.33999999999999997,54.3966,159.99,3.1396913431396176,1.5826771653543306,1.5234735761929197,3,0,Altas
1398,9046,2017-12-16,Sunnyvale,California,Technology,Accessories,189.95,5,45.588,2017-12,0.24000000000000002,9.1176,37.989999999999995,0.5616656071201527,0.292495217758797,-0.04143150333504367,3,0,Altas
1399,9047,2017-12-16,Sunnyvale,California,Technology,Accessories,149.95,5,31.489499999999992,2017-12,0.20999999999999996,6.2978999999999985,29.99,0.25260319617686394,0.11455135904622082,-0.14404822986146743,3,0,Medias
1400,9054,2014-03-26,San Francisco,California,Technology,Phones,28.784,2,2.878400000000001,2014-03,0.10000000000000003,1.4392000000000005,14.392,-0.37459938180941266,-0.4244672805729791,-0.34412519240636225,3,3,Baixas
1401,9056,2015-09-12,Seattle,Washington,Technology,Accessories,21.98,2,8.5722,2015-09,0.39,4.2861,10.99,-0.2497818795624434,-0.4547355309399883,-0.38776295536172395,43,0,Baixas
1402,9067,2017-05-26,Harrisonburg,Virginia,Technology,Accessories,23.08,2,6.924,2017-05,0.30000000000000004,3.462,11.54,-0.2859131464147134,-0.4498420748253925,-0.3807080554130324,42,0,Baixas
1403,9068,2016-02-04,Rockville,Maryland,Technology,Phones,90.48,2,23.5248,2016-02,0.25999999999999995,11.7624,45.24,0.07800381436745099,-0.15000667289470168,0.05156490507952801,17,3,Medias
1404,9074,2016-09-04,Springfield,Missouri,Technology,Accessories,279.95,5,67.18800000000002,2016-09,0.24000000000000007,13.437600000000003,55.989999999999995,1.0351732906591844,0.6928688998620933,0.18945613134940992,22,0,Altas
1405,9078,2014-11-03,Omaha,Nebraska,Technology,Accessories,89.97,3,18.893699999999995,2014-11,0.20999999999999996,6.2978999999999985,29.99,-0.02351754828243834,-0.15227545709328705,-0.14404822986146743,24,0,Medias
1406,9081,2017-09-11,Santa Ana,California,Technology,Phones,143.952,6,17.99399999999998,2017-09,0.12499999999999985,2.9989999999999966,23.992,-0.04324045860096031,0.08786867743227007,-0.22098512057465367,3,3,Medias
1407,9089,2015-12-15,Cary,North Carolina,Technology,Phones,246.168,3,21.5397,2015-12,0.0875,7.1799,82.056,0.03448714295109309,0.5425864139863872,0.5238070805541304,30,3,Medias
1408,9094,2015-06-01,Detroit,Michigan,Technology,Phones,299.98,2,83.99440000000001,2015-06,0.28,41.99720000000001,149.99,1.4035973430957758,0.781974287112416,1.39520266803489,19,3,Altas
1409,9096,2015-06-01,Detroit,Michigan,Technology,Phones,41.9,2,11.732,2015-06,0.27999999999999997,5.866,20.95,-0.18051384352324754,-0.3661194893011255,-0.2600051308363263,19,3,Medias
1410,9099,2017-10-12,Dallas,Texas,Technology,Phones,369.544,7,27.71580000000003,2017-10,0.07500000000000008,3.9594000000000045,52.791999999999994,0.16987745796523315,1.091436451799457,0.148435094920472,39,3,Medias
1411,9101,2017-10-12,Dallas,Texas,Technology,Accessories,791.8799999999999,3,128.68049999999994,2017-10,0.16249999999999995,42.89349999999998,263.96,2.3831904772343626,2.9702388896303202,2.8571062083119547,39,0,Altas
1412,9107,2015-11-07,Houston,Texas,Technology,Machines,287.91,3,33.58949999999999,2015-11,0.11666666666666661,11.196499999999995,95.97000000000001,0.2986386654098252,0.7282797277458962,0.7022832221652132,39,2,Medias
1413,9110,2015-05-25,Haltom City,Texas,Technology,Accessories,207.98400000000004,2,36.3972,2015-05,0.17499999999999996,18.1986,103.99200000000002,0.3601880877742948,0.37272120645936213,0.8051821446895847,39,0,Medias
1414,9112,2014-10-13,Richmond,Virginia,Technology,Accessories,22.96,2,4.362399999999997,2014-10,0.1899999999999999,2.1811999999999987,11.48,-0.34206765021812,-0.45037590640153025,-0.38147768086198053,42,0,Baixas
1415,9115,2016-02-07,Los Angeles,California,Technology,Phones,623.96,5,38.9975,2016-02,0.0625,7.7995,124.792,0.41719095951070895,2.2232305707549265,1.0719856336582865,3,3,Altas
1416,9116,2017-01-19,Philadelphia,Pennsylvania,Technology,Phones,429.6,2,-93.07999999999998,2017-01,-0.21666666666666662,-46.53999999999999,214.8,-2.4781660345923653,1.358601361270519,2.2265264238070808,34,3,Baixas
1417,9134,2015-08-31,San Diego,California,Technology,Phones,555.96,5,41.697,2015-08,0.075,8.339400000000001,111.19200000000001,0.47636845912708,1.9207260109435471,0.897537198563366,3,3,Altas
1418,9139,2014-02-02,Saint Petersburg,Florida,Technology,Phones,180.96,5,13.571999999999996,2014-02,0.07499999999999997,2.714399999999999,36.192,-0.14017800381436718,0.25250233551314555,-0.06449461262185735,7,3,Medias
1419,9140,2014-09-02,Buffalo Grove,Illinois,Technology,Accessories,475.944,7,95.18879999999996,2014-09,0.1999999999999999,13.598399999999994,67.992,1.6489970844202808,1.5647671159749097,0.3434068753206774,10,0,Altas
1420,9141,2017-09-30,Los Angeles,California,Technology,Accessories,159.98,2,47.99399999999999,2017-09,0.3,23.996999999999996,79.99,0.6144091018699168,0.15917078161839932,0.4973063109286814,3,0,Altas
1421,9142,2016-09-05,New York City,New York,Technology,Phones,43.6,4,12.208000000000002,2016-09,0.28,3.0520000000000005,10.9,-0.17007913716377623,-0.3585568753058409,-0.38891739353514626,29,3,Medias
1422,9147,2016-01-23,Burlington,Vermont,Technology,Accessories,99.98,2,42.991400000000006,2016-01,0.43000000000000005,21.495700000000003,49.99,0.5047438454961968,-0.10774500645046485,0.11249358645459215,41,0,Altas
1423,9153,2015-09-24,Avondale,Arizona,Technology,Accessories,23.200000000000003,2,1.4499999999999993,2015-09,0.06249999999999996,0.7249999999999996,11.600000000000001,-0.40591226954863274,-0.4493082432492548,-0.37993842996408417,1,0,Baixas
1424,9159,2014-08-04,Bangor,Maine,Technology,Accessories,255.42,9,104.7222,2014-08,0.41000000000000003,11.6358,28.38,1.8579849617467168,0.5837448285066059,-0.16469984607491023,16,0,Altas
1425,9164,2015-06-08,Chicago,Illinois,Technology,Accessories,2.3760000000000003,3,0.7424999999999999,2015-06,0.31249999999999994,0.24749999999999997,0.7920000000000001,-0.42142183834973757,-0.5419458160950219,-0.5185736275012827,10,0,Baixas
1426,9175,2017-06-12,Kent,Washington,Technology,Phones,71.976,3,8.99699999999999,2017-06,0.12499999999999985,2.9989999999999966,23.992,-0.24046956178617604,-0.23232350193513943,-0.22098512057465367,43,3,Baixas
1427,9178,2016-11-14,New York City,New York,Technology,Phones,13.98,2,3.914400000000001,2016-11,0.2800000000000001,1.9572000000000005,6.99,-0.35188855032115174,-0.49032430268250354,-0.43907131862493587,29,3,Baixas
1428,9180,2017-08-07,Westminster,California,Technology,Phones,707.88,3,44.24250000000004,2017-08,0.06250000000000006,14.747500000000015,235.96,0.5321700243330347,2.596556786333911,2.497947665469472,3,3,Altas
1429,9183,2017-08-07,Westminster,California,Technology,Accessories,55.76,4,7.806400000000004,2017-08,0.14000000000000007,1.951600000000001,13.94,-0.26656948067606323,-0.3044619422572178,-0.3499230374551052,3,0,Baixas
1430,9189,2015-08-21,Allentown,Pennsylvania,Technology,Accessories,21.728,4,3.8024,2015-08,0.175,0.9506,5.432,-0.3543437753469097,-0.4558565772498776,-0.4590559261159569,34,0,Baixas
1431,9194,2015-11-02,San Antonio,Texas,Technology,Phones,344.704,2,38.77919999999999,2015-11,0.11249999999999996,19.389599999999994,172.352,0.4124054628756822,0.9809333155389474,1.682042072857876,39,3,Altas
1432,9196,2014-11-30,Avondale,Arizona,Technology,Accessories,102.24,4,-16.614000000000004,2014-11,-0.16250000000000006,-4.153500000000001,25.56,-0.8019049915601634,-0.09769117843320434,-0.2008722421754746,1,0,Baixas
1433,9208,2017-08-03,Bloomington,Illinois,Technology,Accessories,39.816,3,7.465499999999999,2017-08,0.18749999999999994,2.4884999999999997,13.272,-0.27404257184821407,-0.37539036434005063,-0.35849153412006163,10,0,Baixas
1434,9253,2017-09-23,Pine Bluff,Arkansas,Technology,Accessories,199.95,5,63.98399999999999,2017-09,0.31999999999999995,12.796799999999998,39.989999999999995,0.9649363176008939,0.33698118243694103,-0.01577732170343771,2,0,Altas
1435,9277,2016-05-26,Delray Beach,Florida,Technology,Accessories,47.92,2,11.98,2016-05,0.25,5.99,23.96,-0.17507727382335495,-0.33933893856488273,-0.22139558748075935,7,0,Medias
1436,9297,2015-04-18,Mcallen,Texas,Technology,Accessories,41.42400000000001,2,8.284799999999997,2015-04,0.1999999999999999,4.1423999999999985,20.712000000000003,-0.25608216235175446,-0.36823702121980506,-0.2630579784504874,39,0,Baixas
1437,9298,2015-04-18,Mcallen,Texas,Technology,Phones,244.768,4,24.476800000000004,2015-04,0.10000000000000002,6.119200000000001,61.192,0.0988732270863936,0.536358378931447,0.2561826577732171,39,3,Medias
1438,9302,2015-04-18,Mcallen,Texas,Technology,Phones,97.968,2,6.122999999999994,2015-04,0.06249999999999994,3.061499999999997,48.984,-0.3034723896792859,-0.11669558254370743,0.09958953309389434,39,3,Baixas
1439,9309,2014-03-25,San Francisco,California,Technology,Accessories,45.48,4,15.918,2014-03,0.35000000000000003,3.9795,11.37,-0.08874980818554452,-0.35019351394634984,-0.38288866085171885,3,0,Medias
1440,9316,2016-04-05,Philadelphia,Pennsylvania,Technology,Phones,118.78199999999998,3,-27.715799999999994,2016-04,-0.2333333333333333,-9.238599999999998,39.593999999999994,-1.045274787908016,-0.02410249566261853,-0.020856849666495703,34,3,Baixas
1441,9318,2017-02-21,Carrollton,Texas,Technology,Accessories,47.904,1,-2.994000000000001,2017-02,-0.06250000000000001,-2.994000000000001,47.904,-0.5033320911063852,-0.3394101161083677,0.08573627501282716,39,0,Baixas
1442,9328,2017-09-07,Edmonds,Washington,Technology,Phones,455.712,2,34.17840000000001,2017-09,0.07500000000000002,17.089200000000005,227.856,0.311548326281869,1.4747631122380886,2.3939969214982044,43,3,Medias
1443,9332,2016-09-29,Springfield,Oregon,Technology,Phones,859.2,3,75.18000000000006,2016-09,0.08750000000000006,25.06000000000002,286.40000000000003,1.2103711335686271,3.2697184038435867,3.1449461262185743,33,3,Altas
1444,9342,2014-10-19,San Francisco,California,Technology,Phones,117.57600000000002,3,11.75760000000001,2014-10,0.10000000000000007,3.9192000000000036,39.19200000000001,-0.17995264923164547,-0.029467503002802525,-0.02601334017444833,3,3,Medias
1445,9346,2017-02-17,Troy,Ohio,Technology,Phones,57.594,1,-11.5188,2017-02,-0.2,-11.5188,57.594,-0.6902097902097897,-0.29630321633524614,0.21003078501795797,31,3,Baixas
1446,9374,2017-05-07,Pasadena,California,Technology,Phones,419.944,7,52.49299999999997,2017-05,0.12499999999999992,7.498999999999995,59.992000000000004,0.7130346142885321,1.315645713777303,0.24079014879425356,3,3,Altas
1447,9376,2015-12-14,Los Angeles,California,Technology,Accessories,50.0,2,10.5,2015-12,0.21,5.25,25.0,-0.20752131880658486,-0.33008585791182876,-0.20805541303232428,3,0,Medias
1448,9377,2017-12-25,East Orange,New Jersey,Technology,Accessories,31.8,3,13.674000000000005,2017-12,0.43000000000000016,4.558000000000002,10.6,-0.137941995308766,-0.41105031362605093,-0.39276552077988713,27,0,Medias
1449,9392,2017-03-13,Aurora,Illinois,Technology,Phones,7.992000000000001,1,2.5973999999999995,2017-03,0.3249999999999999,2.5973999999999995,7.992000000000001,-0.3807593660258232,-0.5169624983317762,-0.42621857362750126,10,3,Baixas
1450,9394,2014-09-20,New York City,New York,Technology,Phones,629.9499999999999,5,157.4875,2014-09,0.25000000000000006,31.497500000000002,125.98999999999998,3.0146875068505152,2.2498776635971343,1.087352488455618,29,3,Altas
1451,9406,2014-03-14,Chicago,Illinois,Technology,Machines,574.91,2,156.04699999999997,2014-03,0.2714285714285714,78.02349999999998,287.455,2.9831093671219047,2.0050269140086296,3.158478707029246,10,2,Altas
1452,9415,2015-10-18,Seattle,Washington,Technology,Phones,249.58400000000003,2,15.598999999999997,2015-10,0.06249999999999998,7.799499999999998,124.79200000000002,-0.09574281517855157,0.5577828195204413,1.0719856336582867,43,3,Medias
1453,9422,2014-07-23,San Francisco,California,Technology,Phones,604.752,6,60.47520000000006,2014-07,0.1000000000000001,10.079200000000009,100.79199999999999,0.8880176250082219,2.137781929801147,0.7641354540790148,3,3,Altas
1454,9424,2014-07-23,San Francisco,California,Technology,Phones,302.376,3,37.797,2014-07,0.125,12.598999999999998,100.79199999999999,0.3908740162658659,0.7926331242492991,0.7641354540790148,3,3,Altas
1455,9425,2014-07-23,San Francisco,California,Technology,Accessories,45.0,3,4.950000000000001,2014-07,0.11000000000000003,1.6500000000000004,15.0,-0.32918648749369706,-0.3523288402509008,-0.33632632119035405,3,0,Baixas
1456,9433,2015-08-17,Peoria,Arizona,Technology,Accessories,30.08,2,-5.264,2015-08,-0.17500000000000002,-2.632,15.04,-0.5530942411820149,-0.4187018995506917,-0.3358132375577219,1,0,Baixas
1457,9436,2015-08-17,Peoria,Arizona,Technology,Accessories,252.8,4,-31.60000000000004,2015-08,-0.12500000000000017,-7.90000000000001,63.2,-1.130422868667383,0.5720895057609324,0.28193945613134946,1,0,Baixas
1458,9439,2017-07-31,Philadelphia,Pennsylvania,Technology,Phones,285.576,4,-57.115200000000016,2017-07,-0.20000000000000004,-14.278800000000004,71.394,-1.6897582041782662,0.7178967035900173,0.38704463827603913,34,3,Baixas
1459,9444,2017-04-07,Jacksonville,Florida,Technology,Phones,219.18400000000003,2,19.178600000000003,2017-04,0.08750000000000001,9.589300000000001,109.59200000000001,-0.017272069623166415,0.42254548689888344,0.8770138532580813,7,3,Medias
1460,9445,2015-03-01,Coppell,Texas,Technology,Phones,95.84,4,34.742,2015-03,0.36249999999999993,8.6855,23.96,0.3239033693579149,-0.1261621958272165,-0.22139558748075935,39,3,Medias
1461,9455,2015-09-28,Los Angeles,California,Technology,Phones,36.784,2,-8.276399999999997,2015-09,-0.22499999999999992,-4.1381999999999985,18.392,-0.6191310257140972,-0.3888785088304639,-0.2928168291431503,3,3,Baixas
1462,9456,2016-06-16,Chattanooga,Tennessee,Technology,Machines,91.475,1,-1.829499999999996,2016-06,-0.019999999999999955,-1.829499999999996,91.475,-0.4778043273341073,-0.1455803194092264,0.6446254489481785,38,2,Baixas
1463,9457,2017-05-27,Greensboro,North Carolina,Technology,Accessories,27.192,3,0.3398999999999965,2017-05,0.01249999999999987,0.11329999999999883,9.064,-0.4302474954512568,-0.4315494461497397,-0.4124679322729605,30,0,Baixas
1464,9460,2014-10-09,San Francisco,California,Technology,Phones,15.992,1,-2.998500000000002,2014-10,-0.18750000000000014,-2.998500000000002,15.992,-0.503430738540456,-0.481373726589261,-0.3236018471010775,3,3,Baixas
1465,9462,2014-10-19,Lakewood,California,Technology,Phones,321.552,6,20.09700000000001,2014-10,0.06250000000000003,3.3495000000000013,53.592000000000006,0.0028607755880488118,0.8779394101161083,0.15869676757311452,3,3,Medias
1466,9471,2017-11-05,New York City,New York,Technology,Phones,99.98,2,3.999199999999988,2017-11,0.039999999999999876,1.999599999999994,49.99,-0.350029594230221,-0.10774500645046485,0.11249358645459215,29,3,Baixas
1467,9483,2015-06-20,Philadelphia,Pennsylvania,Technology,Accessories,319.98400000000004,2,91.99540000000002,2015-06,0.28750000000000003,45.99770000000001,159.99200000000002,1.5789924808733589,0.8709640108545754,1.5234992303745514,34,0,Altas
1468,9489,2015-10-01,Portland,Oregon,Technology,Phones,572.8000000000001,2,50.12000000000003,2015-10,0.08750000000000005,25.060000000000016,286.40000000000003,0.6610145340552872,1.9956403754615417,3.1449461262185743,33,3,Altas
1469,9496,2016-05-12,Mission Viejo,California,Technology,Accessories,120.0,6,46.8,2016-05,0.38999999999999996,7.8,20.0,0.588234649363176,-0.018684105164820507,-0.27219086711133916,3,0,Altas
1470,9517,2015-08-24,Bowling Green,Ohio,Technology,Phones,26.982,3,4.0473,2015-08,0.15,1.3491,8.994,-0.3489751627682658,-0.43248365140798073,-0.4133658286300667,31,3,Baixas
1471,9522,2014-12-19,Chicago,Illinois,Technology,Phones,323.97600000000006,3,36.44729999999997,2014-12,0.11249999999999989,12.14909999999999,107.99200000000002,0.36128636254028057,0.8887228079540906,0.8564905079527966,10,3,Medias
1472,9527,2017-12-05,Seattle,Washington,Technology,Phones,31.176,3,-7.0146,2017-12,-0.225,-2.3382,10.392,-0.5914702852006921,-0.4138262378219671,-0.39543355566957417,43,3,Baixas
1473,9546,2014-10-29,Columbus,Indiana,Technology,Accessories,1.98,2,0.891,2014-10,0.45,0.4455,0.99,-0.41816647302540666,-0.5437074602962764,-0.5160338635197537,11,0,Baixas
1474,9553,2015-05-30,Springfield,Virginia,Technology,Accessories,151.96,4,36.4704,2015-05,0.23999999999999996,9.1176,37.99,0.36179275270184375,0.12349303794652787,-0.04143150333504358,42,0,Medias
1475,9559,2016-05-03,Newark,Ohio,Technology,Accessories,132.52000000000004,5,34.786500000000004,2016-05,0.26249999999999996,6.957300000000001,26.50400000000001,0.3248788828726135,0.037012322612216,-0.1887634684453565,31,0,Medias
1476,9562,2016-05-03,Newark,Ohio,Technology,Accessories,431.97600000000006,3,-75.59580000000004,2016-05,-0.17500000000000007,-25.198600000000013,143.99200000000002,-2.094883486419536,1.3691712264780462,1.3182657773217037,31,0,Baixas
1477,9569,2017-07-05,Fremont,Nebraska,Technology,Phones,79.96,4,22.388800000000003,2017-07,0.2800000000000001,5.597200000000001,19.99,0.05310081767762055,-0.19680590773610926,-0.2723191380194972,24,3,Medias
1478,9577,2015-05-26,San Antonio,Texas,Technology,Machines,399.54,2,-79.90800000000002,2015-05,-0.20000000000000004,-39.95400000000001,199.77,-2.1894140342416195,1.224876551448018,2.033735248845562,39,2,Baixas
1479,9598,2017-01-24,San Jose,California,Technology,Phones,110.352,3,8.276399999999995,2017-01,0.07499999999999996,2.7587999999999986,36.784,-0.25626630422868635,-0.061604163886293854,-0.056900974858902005,3,3,Baixas
1480,9606,2017-11-04,Lancaster,Ohio,Technology,Accessories,70.72000000000001,4,-6.187999999999999,2017-11,-0.08749999999999997,-1.5469999999999997,17.680000000000003,-0.5733498476445179,-0.23791093909871425,-0.30194971780400204,31,0,Baixas
1481,9613,2016-09-18,Woodland,California,Technology,Phones,239.98400000000004,2,23.998400000000004,2016-09,0.1,11.999200000000002,119.99200000000002,0.08838590876208467,0.5150762934294231,1.0104155977424323,3,3,Medias
1482,9615,2014-11-11,Seattle,Washington,Technology,Accessories,102.13,7,15.319499999999996,2014-11,0.14999999999999997,2.1884999999999994,14.59,-0.10186991691693859,-0.09818052404466392,-0.34158542842483325,43,0,Medias
1483,9618,2017-11-16,Bowling Green,Ohio,Technology,Copiers,899.982,3,74.99849999999992,2017-11,0.08333333333333325,24.999499999999973,299.99399999999997,1.2063923537277752,3.451141064993993,3.3193175987685994,31,1,Altas
1484,9620,2017-11-16,Bowling Green,Ohio,Technology,Accessories,139.96000000000004,5,-1.7495000000000118,2017-11,-0.01250000000000008,-0.3499000000000024,27.992000000000008,-0.476050595172852,0.07010988033275516,-0.16967675731144166,31,0,Baixas
1485,9622,2014-09-26,Lancaster,Ohio,Technology,Accessories,3.152,2,0.4727999999999996,2014-09,0.14999999999999988,0.2363999999999998,1.576,-0.42733410789837073,-0.5384937052359979,-0.5085171883016932,31,0,Baixas
1486,9632,2016-05-31,New York City,New York,Technology,Phones,179.7,6,88.053,2016-05,0.49,14.6755,29.95,1.492568559966679,0.24689710396369935,-0.14456131349409954,29,3,Altas
1487,9634,2014-10-14,Everett,Massachusetts,Technology,Accessories,177.0,3,30.089999999999986,2014-10,0.16999999999999993,10.029999999999996,59.0,0.2219238441808974,0.2348858935006005,0.22806567470497693,18,0,Medias
1488,9645,2017-06-08,Glendale,Arizona,Technology,Accessories,89.54400000000001,7,12.312299999999992,2017-06,0.1374999999999999,1.7588999999999988,12.792000000000002,-0.1677927088585394,-0.15417055918857595,-0.364648537711647,1,0,Medias
1489,9649,2014-11-19,Coon Rapids,Minnesota,Technology,Phones,281.97,3,78.9516,2014-11,0.27999999999999997,26.3172,93.99000000000001,1.2930508363110242,0.7018550647270786,0.6768855823499232,20,3,Altas
1490,9654,2017-01-23,Tucson,Arizona,Technology,Accessories,95.984,2,11.997999999999998,2017-01,0.12499999999999999,5.998999999999999,47.992,-0.17468268408707247,-0.12552159793585124,0.08686505900461775,1,0,Medias
1491,9662,2016-06-06,Santa Barbara,California,Technology,Accessories,26.96,2,3.7744,2016-06,0.13999999999999999,1.8872,13.48,-0.35495758160334917,-0.43258152053027266,-0.35582349923037454,3,0,Baixas
1492,9663,2016-06-06,Santa Barbara,California,Technology,Phones,477.6,3,161.19000000000003,2016-06,0.3375,53.73000000000001,159.20000000000002,3.0958524234386298,1.5721339917256103,1.5133401744484354,3,3,Altas
1493,9672,2017-11-13,Dublin,California,Technology,Phones,22.0,5,1.375,2017-11,0.0625,0.275,4.4,-0.4075563934498099,-0.45464655901063206,-0.4722934838378656,3,3,Baixas
1494,9681,2015-12-27,San Francisco,California,Technology,Phones,668.16,9,75.16799999999992,2015-12,0.11249999999999989,8.351999999999991,74.24,1.2101080737444356,2.4198585346323225,0.42355053873781423,3,3,Altas
1495,9686,2017-01-02,Los Angeles,California,Technology,Accessories,16.59,1,5.8065,2017-01,0.35,5.8065,16.59,-0.31041059254225356,-0.478713465901508,-0.3159312467932273,3,0,Baixas
1496,9690,2017-06-20,Richmond,Virginia,Technology,Phones,503.96,4,125.99,2017-06,0.25,31.4975,125.99,2.324210272486134,1.689398994617198,1.0873524884556183,42,3,Altas
1497,9701,2017-12-15,Inglewood,California,Technology,Phones,196.776,3,14.758199999999997,2017-12,0.07499999999999998,4.919399999999999,65.592,-0.11417454019334868,0.3228613372480982,0.31262185736275017,3,3,Medias
1498,9714,2014-11-05,Philadelphia,Pennsylvania,Technology,Accessories,51.56,5,-6.445000000000002,2014-11,-0.12500000000000003,-1.2890000000000004,10.312000000000001,-0.5789837122125518,-0.3231460474220383,-0.3964597229348384,34,0,Baixas
1499,9715,2014-11-05,Philadelphia,Pennsylvania,Technology,Accessories,58.416,2,16.794600000000003,2014-11,0.28750000000000003,8.397300000000001,29.208,-0.06953328802858544,-0.29264647003870276,-0.15407901487942535,34,0,Medias
1500,9718,2016-05-30,Houston,Texas,Technology,Phones,79.96,5,7.996000000000006,2016-05,0.10000000000000007,1.599200000000001,15.991999999999999,-0.2624131354538873,-0.19680590773610926,-0.32360184710107753,39,3,Baixas
1501,9719,2016-05-30,Houston,Texas,Technology,Accessories,223.96,5,11.198000000000016,2016-05,0.05000000000000007,2.2396000000000034,44.792,-0.19222000569962877,0.44379198362916494,0.04581836839404827,39,0,Medias
1502,9723,2016-02-16,New York City,New York,Technology,Accessories,89.97,3,39.58680000000001,2016-02,0.4400000000000001,13.195600000000004,29.99,0.4301093890435587,-0.15227545709328705,-0.14404822986146743,29,0,Altas
1503,9726,2017-09-17,Boise,Idaho,Technology,Accessories,89.97,3,37.787400000000005,2017-09,0.42000000000000004,12.595800000000002,29.99,0.3906635684065154,-0.15227545709328705,-0.14404822986146743,9,0,Medias
1504,9737,2015-06-29,Omaha,Nebraska,Technology,Phones,269.98,2,72.8946,2015-06,0.26999999999999996,36.4473,134.99,1.1602713900519541,0.6485163930779839,1.2027963057978452,24,3,Altas
1505,9750,2016-03-04,Dover,New Hampshire,Technology,Accessories,159.98,2,57.5928,2016-03,0.36,28.7964,79.99,0.8248306552381788,0.15917078161839932,0.4973063109286814,26,0,Altas
1506,9758,2017-03-27,Richmond,Virginia,Technology,Phones,206.1,5,55.647000000000006,2017-03,0.27,11.1294,41.22,0.7821755047460378,0.3643400507139996,0.0,42,3,Altas
1507,9762,2014-02-14,Seattle,Washington,Technology,Accessories,239.97,3,86.38919999999999,2014-02,0.35999999999999993,28.796399999999995,79.99,1.4560953153429639,0.5150140130788735,0.4973063109286814,43,0,Altas
1508,9765,2014-06-18,Los Angeles,California,Technology,Phones,139.8,5,12.232500000000009,2014-06,0.08750000000000005,2.4465000000000017,27.96,-0.16954205668939154,0.06939810489790474,-0.17008722421754746,3,3,Medias
1509,9774,2016-06-26,Atlanta,Georgia,Technology,Phones,135.95,1,39.42549999999999,2016-06,0.29,39.42549999999999,135.95,0.42657342657342656,0.05227100849681918,1.215110312981016,8,3,Altas
1510,9778,2014-07-26,San Antonio,Texas,Technology,Accessories,431.136,9,-26.94600000000001,2014-07,-0.06250000000000001,-2.994000000000001,47.904,-1.0283995001863335,1.365434405445082,0.08573627501282716,39,0,Baixas
1511,9781,2016-09-14,Long Beach,New York,Technology,Phones,437.85,3,131.35499999999996,2016-09,0.2999999999999999,43.78499999999999,145.95000000000002,2.441819935550342,1.3953022821299879,1.343381221139046,29,3,Altas
1512,9790,2017-03-27,Houston,Texas,Technology,Accessories,39.992,1,6.9986,2017-03,0.17500000000000002,6.9986,39.992,-0.2842777911743425,-0.37460741136171527,-0.015751667521806074,39,0,Baixas
1513,9798,2015-01-12,Toledo,Ohio,Technology,Phones,235.188,2,-43.117800000000045,2015-01,-0.18333333333333354,-21.558900000000023,117.594,-1.3829120722537651,0.493740824769785,0.9796562339661365,31,3,Baixas
1514,9799,2015-01-12,Toledo,Ohio,Technology,Phones,26.376,4,2.637599999999999,2015-01,0.09999999999999996,0.6593999999999998,6.594,-0.3798781156147923,-0.4351795008674762,-0.44415084658799386,31,3,Baixas
1515,9800,2015-01-12,Toledo,Ohio,Technology,Accessories,10.384,2,2.2066,2015-01,0.2125,1.1033,5.192,-0.3893263476335572,-0.5063214555807641,-0.46213442791174963,31,0,Baixas
1516,9801,2015-01-12,Toledo,Ohio,Technology,Phones,107.118,3,-21.4236,2015-01,-0.2,-7.1412,35.705999999999996,-0.9073393690948544,-0.07599092486320567,-0.07072857875833766,31,3,Baixas
1517,9804,2015-07-18,New York City,New York,Technology,Phones,135.99,1,36.71730000000001,2015-07,0.2700000000000001,36.71730000000001,135.99,0.36720520858451927,0.05244895235553185,1.2156233966136483,29,3,Medias
1518,9831,2014-12-16,Beaumont,Texas,Technology,Accessories,319.968,4,95.9904,2014-12,0.3,23.9976,79.992,1.6665694806760634,0.8708928333110902,0.4973319651103131,39,0,Altas
1519,9840,2016-09-25,Long Beach,California,Technology,Copiers,479.97600000000006,3,161.9919,2016-09,0.3374999999999999,53.997299999999996,159.99200000000002,3.1134313961900153,1.5827038569331375,1.5234992303745514,3,1,Altas
1520,9841,2016-09-25,Long Beach,California,Technology,Phones,44.736,8,4.473600000000001,2016-09,0.10000000000000003,0.5592000000000001,5.592,-0.3396299625139746,-0.35350326971840373,-0.45700359158542847,3,3,Baixas
1521,9861,2017-01-14,Richmond,Indiana,Technology,Phones,67.8,4,1.3559999999999943,2017-01,0.019999999999999917,0.3389999999999986,16.95,-0.4079729048381082,-0.2509008407847324,-0.31131349409953823,11,3,Baixas
1522,9863,2017-01-14,Richmond,Indiana,Technology,Accessories,12.12,4,2.5451999999999995,2017-01,0.20999999999999996,0.6362999999999999,3.03,-0.3819036762610426,-0.49859869211263835,-0.48986659825551565,11,0,Baixas
1523,9865,2017-01-14,Richmond,Indiana,Technology,Accessories,159.8,4,70.31200000000001,2017-01,0.44000000000000006,17.578000000000003,39.95,1.1036565315562183,0.1583700342541928,-0.01629040533606973,11,0,Altas
1524,9879,2017-04-20,Cleveland,Ohio,Technology,Phones,122.382,3,-24.4764,2017-04,-0.2,-8.158800000000001,40.794000000000004,-0.9742617883683707,-0.008087548378486575,-0.005464340687532002,31,3,Baixas
1525,9885,2014-04-03,Los Angeles,California,Technology,Accessories,62.31,3,22.4316,2014-04,0.36,7.4772,20.77,0.05403906438389225,-0.27532363539303345,-0.2623140071831709,3,0,Medias
1526,9886,2014-04-03,Los Angeles,California,Technology,Accessories,159.98,2,57.5928,2014-04,0.36,28.7964,79.99,0.8248306552381788,0.15917078161839932,0.4973063109286814,3,0,Altas
1527,9889,2015-08-08,Utica,New York,Technology,Accessories,79.99,1,28.7964,2015-08,0.36,28.7964,79.99,0.19356599513339345,-0.19667244984207483,0.4973063109286814,29,0,Medias
1528,9892,2016-07-25,Milwaukee,Wisconsin,Technology,Accessories,124.25,7,48.4575,2016-07,0.39,6.9225,17.75,0.6245697875791921,0.00022242982339070754,-0.30105182144689585,44,0,Altas
1529,9893,2016-07-25,Milwaukee,Wisconsin,Technology,Phones,297.55,5,83.31400000000002,2016-07,0.2800000000000001,16.662800000000004,59.510000000000005,1.3886818510642964,0.7711641976956269,0.23460749102103653,44,3,Altas
1530,9905,2014-11-12,Carrollton,Texas,Technology,Accessories,127.984,2,25.5968,2014-11,0.2,12.7984,63.992,0.12342547734397294,0.016833489034209666,0.2920985120574654,39,0,Medias
1531,9923,2017-05-06,Chicago,Illinois,Technology,Accessories,191.968,4,28.79519999999998,2017-05,0.1499999999999999,7.198799999999995,47.992,0.19353968915097422,0.3014724854308464,0.08686505900461775,10,0,Medias
1532,9927,2015-03-20,New York City,New York,Technology,Phones,199.98,2,53.99459999999999,2015-03,0.26999999999999996,26.997299999999996,99.99,0.7459521669553016,0.33711464033097543,0.7538481272447409,29,3,Altas
1533,9934,2014-07-11,Niagara Falls,New York,Technology,Phones,164.85000000000002,3,47.80649999999999,2014-07,0.2899999999999999,15.935499999999998,54.95000000000001,0.6102987921169738,0.18083544641665558,0.176115956900975,29,3,Altas
1534,9947,2014-03-02,Philadelphia,Pennsylvania,Technology,Accessories,151.20000000000002,3,32.13,2014-03,0.2125,10.71,50.400000000000006,0.2666440142929174,0.12011210463098897,0.11775269368907142,34,0,Medias
1535,9950,2017-06-01,Indianapolis,Indiana,Technology,Accessories,83.97,3,15.954299999999993,2017-06,0.18999999999999992,5.318099999999998,27.99,-0.08795405221737491,-0.1789670359001735,-0.16970241149307339,11,0,Medias
1536,9951,2017-06-01,Indianapolis,Indiana,Technology,Accessories,39.89,1,14.7593,2017-06,0.37,14.7593,39.89,-0.11415042637613135,-0.37506116820143237,-0.017060030785017936,11,0,Medias
1537,9961,2017-09-16,Florence,Kentucky,Technology,Accessories,18.0,1,3.2399999999999984,2017-09,0.1799999999999999,3.2399999999999984,18.0,-0.3666725124405371,-0.47244094488188965,-0.2978450487429451,14,0,Baixas
1538,9974,2016-12-06,Los Angeles,California,Technology,Phones,271.96,5,27.196,2016-12,0.10000000000000002,5.4392000000000005,54.391999999999996,0.1584825832474738,0.6573246140842562,0.16895844022575676,3,3,Medias
1539,9977,2016-12-06,Los Angeles,California,Technology,Phones,249.58400000000003,2,31.197999999999983,2016-12,0.12499999999999992,15.598999999999991,124.79200000000002,0.24621303461428837,0.5577828195204413,1.0719856336582867,3,3,Medias
1540,9984,2016-09-22,Grand Rapids,Michigan,Technology,Phones,97.98,2,27.43440000000001,2016-09,0.2800000000000001,13.717200000000005,48.99,0.1637087050880159,-0.11664219938609366,0.09966649563878917,19,3,Medias
1541,9987,2016-09-29,Los Angeles,California,Technology,Accessories,36.24,1,15.2208,2016-09,0.42,15.2208,36.24,-0.10403358397088767,-0.39129854530895497,-0.06387891226269879,3,0,Medias
1542,9988,2017-11-17,Athens,Georgia,Technology,Accessories,79.99,1,28.7964,2017-11,0.36,28.7964,79.99,0.19356599513339345,-0.19667244984207483,0.4973063109286814,8,0,Medias
1543,9989,2017-11-17,Athens,Georgia,Technology,Phones,206.1,5,55.647000000000006,2017-11,0.27,11.1294,41.22,0.7821755047460378,0.3643400507139996,0.0,8,3,Altas
1544,9992,2017-02-26,Costa Mesa,California,Technology,Phones,258.576,2,19.393200000000007,2017-02,0.07500000000000002,9.696600000000004,129.288,-0.012567683100597983,0.5977845989590285,1.1296562339661367,3,3,Medias
