Row ID,Order Date,City,State,Category,Sub-Category,Sales,Quantity,Profit,Year_Month
8,2014-06-09,Los Angeles,California,Technology,Phones,907.152,6,90.71520000000004,2014-06
12,2014-06-09,Los Angeles,California,Technology,Phones,911.424,4,68.35680000000002,2014-06
20,2014-08-27,San Francisco,California,Technology,Phones,213.48,3,16.01099999999998,2014-08
27,2016-01-16,Los Angeles,California,Technology,Accessories,90.57,3,11.774100000000004,2016-01
41,2015-12-27,Houston,Texas,Technology,Phones,371.168,4,41.75639999999996,2015-12
42,2017-09-10,Naperville,Illinois,Technology,Phones,147.168,4,16.556399999999996,2017-09
45,2016-03-11,Eagan,Minnesota,Technology,Accessories,45.98,2,19.7714,2016-03
48,2016-06-20,Dover,Delaware,Technology,Accessories,45.0,3,4.950000000000001,2016-06
49,2016-06-20,Dover,Delaware,Technology,Phones,21.8,2,6.104000000000001,2016-06
60,2016-06-17,Troy,New York,Technology,Accessories,30.0,2,3.3000000000000007,2016-06
63,2015-11-24,Los Angeles,California,Technology,Accessories,13.98,2,6.151200000000001,2015-11
69,2014-12-05,Gilbert,Arizona,Technology,Phones,167.96800000000002,4,62.988,2014-12
87,2017-10-26,Rochester,Minnesota,Technology,Accessories,19.99,1,6.796599999999998,2017-10
91,2016-09-17,Los Angeles,California,Technology,Phones,73.584,2,8.278199999999998,2016-09
101,2016-08-29,Chicago,Illinois,Technology,Accessories,95.976,3,-10.79730000000001,2016-08
104,2015-11-13,Aurora,Colorado,Technology,Accessories,238.896,6,-26.87580000000001,2015-11
107,2017-11-23,Charlotte,North Carolina,Technology,Accessories,74.11200000000001,8,17.6016,2017-11
108,2017-11-23,Charlotte,North Carolina,Technology,Phones,27.992000000000004,1,2.0993999999999997,2017-11
110,2015-10-15,Orland Park,Illinois,Technology,Accessories,339.96000000000004,5,67.99199999999996,2015-10
124,2016-06-12,Wilmington,Delaware,Technology,Phones,68.04,7,19.7316,2016-06
131,2017-02-02,Columbus,Ohio,Technology,Phones,59.96999999999999,5,-11.993999999999993,2017-02
149,2016-12-05,Franklin,Wisconsin,Technology,Phones,149.97,3,5.9987999999999815,2016-12
153,2016-03-13,Scottsdale,Arizona,Technology,Phones,203.184,2,15.23879999999999,2016-03
162,2015-12-28,Philadelphia,Pennsylvania,Technology,Accessories,54.38400000000001,2,1.359599999999995,2015-12
171,2014-09-08,San Antonio,Texas,Technology,Phones,143.976,3,8.998500000000007,2014-09
182,2014-12-05,Decatur,Illinois,Technology,Accessories,408.744,7,76.63949999999998,2014-12
183,2014-11-19,Monroe,Louisiana,Technology,Phones,503.96,4,131.02960000000002,2014-11
184,2014-11-19,Monroe,Louisiana,Technology,Phones,149.95,5,41.986,2014-11
185,2014-11-19,Monroe,Louisiana,Technology,Accessories,29.0,2,7.25,2014-11
187,2014-08-26,Los Angeles,California,Technology,Accessories,176.8,8,22.98400000000001,2014-08
191,2015-10-12,New York City,New York,Technology,Phones,71.76,6,20.092800000000004,2015-10
206,2017-12-09,Whittier,California,Technology,Phones,444.768,4,44.476800000000026,2017-12
208,2017-12-01,Saginaw,Michigan,Technology,Phones,131.98,2,35.634600000000006,2017-12
212,2015-02-09,Dallas,Texas,Technology,Accessories,20.8,2,6.499999999999999,2015-02
215,2015-01-02,Medina,Ohio,Technology,Phones,62.982,3,-14.695800000000006,2015-01
217,2015-01-02,Medina,Ohio,Technology,Accessories,89.584,2,4.479200000000006,2015-01
219,2016-10-28,Los Angeles,California,Technology,Phones,302.376,3,22.678200000000015,2016-10
236,2017-04-07,Tampa,Florida,Technology,Accessories,617.9760000000001,3,-7.724700000000098,2017-04
241,2016-06-04,Chicago,Illinois,Technology,Phones,31.984,2,11.194399999999998,2016-06
258,2015-11-28,Chicago,Illinois,Technology,Phones,647.904,6,56.691599999999966,2015-11
259,2017-12-01,New York City,New York,Technology,Accessories,20.37,3,6.925800000000001,2017-12
265,2016-06-06,Chicago,Illinois,Technology,Phones,328.224,4,28.7196,2016-06
266,2015-11-10,Brentwood,California,Technology,Accessories,79.9,2,35.156000000000006,2015-11
272,2015-07-30,San Francisco,California,Technology,Accessories,209.93,7,92.36920000000002,2015-07
285,2015-09-26,Portland,Oregon,Technology,Accessories,239.80000000000004,5,47.95999999999999,2015-09
292,2016-11-20,Columbus,Ohio,Technology,Accessories,255.98400000000004,2,54.39660000000001,2016-11
315,2014-08-09,Saint Petersburg,Florida,Technology,Phones,178.384,2,22.297999999999973,2014-08
320,2014-11-04,New York City,New York,Technology,Phones,275.94,6,80.0226,2014-11
321,2014-11-04,New York City,New York,Technology,Accessories,360.0,4,129.6,2014-11
325,2016-04-23,Hesperia,California,Technology,Accessories,99.99,1,34.9965,2016-04
327,2016-08-30,Philadelphia,Pennsylvania,Technology,Phones,290.898,3,-67.8762,2016-08
332,2016-04-25,Philadelphia,Pennsylvania,Technology,Phones,82.8,2,-20.700000000000003,2016-04
346,2017-06-15,San Francisco,California,Technology,Phones,47.976,3,4.797600000000003,2017-06
350,2016-09-01,New York City,New York,Technology,Accessories,6.79,1,2.3086,2016-09
384,2015-06-26,Taylor,Michigan,Technology,Accessories,41.9,2,8.799,2015-06
386,2015-11-27,Pembroke Pines,Florida,Technology,Accessories,83.97600000000001,3,-1.049700000000005,2015-11
391,2017-12-11,New York City,New York,Technology,Accessories,39.98,2,13.593199999999996,2017-12
392,2014-09-21,Des Moines,Washington,Technology,Phones,246.384,2,27.718199999999968,2014-09
402,2016-09-08,Houston,Texas,Technology,Accessories,57.584,2,0.7197999999999993,2016-09
406,2017-12-08,San Francisco,California,Technology,Accessories,179.95000000000002,5,37.7895,2017-12
422,2014-06-22,Louisville,Colorado,Technology,Accessories,196.752,6,56.56620000000001,2014-06
428,2014-09-12,New Rochelle,New York,Technology,Machines,69.99,1,30.0957,2014-09
431,2016-04-15,Gastonia,North Carolina,Technology,Accessories,408.744,7,76.63949999999998,2016-04
432,2016-04-15,Gastonia,North Carolina,Technology,Accessories,291.96,5,54.74249999999998,2016-04
436,2014-12-19,Jacksonville,Florida,Technology,Accessories,247.8,5,-18.584999999999997,2014-12
437,2016-06-12,Chicago,Illinois,Technology,Machines,1007.979,3,43.19910000000005,2016-06
453,2016-04-01,Auburn,New York,Technology,Phones,35.12,4,9.1312,2016-04
456,2016-12-13,Norman,Oklahoma,Technology,Accessories,63.88,4,24.913200000000003,2016-12
474,2014-11-09,San Francisco,California,Technology,Phones,703.9680000000001,4,87.99599999999992,2014-11
478,2016-07-12,Los Angeles,California,Technology,Phones,95.76,6,7.181999999999995,2016-07
482,2014-10-06,San Diego,California,Technology,Accessories,9.09,3,1.9089,2014-10
484,2014-07-22,New York City,New York,Technology,Accessories,159.98,2,57.5928,2014-07
487,2017-06-10,Los Angeles,California,Technology,Phones,279.96,5,17.497500000000016,2017-06
489,2014-06-09,Huntsville,Texas,Technology,Phones,7.992000000000001,1,0.5994000000000002,2014-06
490,2014-06-09,Huntsville,Texas,Technology,Accessories,63.98400000000001,2,10.397399999999998,2014-06
494,2016-05-09,Seattle,Washington,Technology,Accessories,93.98,2,13.157200000000003,2016-05
512,2017-11-26,Gladstone,Missouri,Technology,Accessories,38.04,2,12.1728,2017-11
520,2015-03-22,Houston,Texas,Technology,Accessories,18.392,1,5.2877,2015-03
524,2016-05-21,Los Angeles,California,Technology,Phones,55.176,3,-12.414599999999997,2016-05
525,2016-05-21,Los Angeles,California,Technology,Accessories,66.26,2,27.166600000000003,2016-05
542,2016-07-14,Tucson,Arizona,Technology,Phones,380.864,8,38.086400000000026,2016-07
544,2014-05-11,Fort Worth,Texas,Technology,Accessories,58.112,2,7.263999999999994,2014-05
545,2014-05-11,Fort Worth,Texas,Technology,Phones,100.792,1,6.299500000000002,2014-05
566,2017-12-07,Los Angeles,California,Technology,Phones,374.376,3,46.79699999999998,2017-12
574,2017-12-28,New York City,New York,Technology,Phones,14.85,3,4.0095,2017-12
582,2017-12-01,Denver,Colorado,Technology,Phones,470.3760000000001,3,52.91729999999996,2017-12
583,2017-12-01,Denver,Colorado,Technology,Phones,105.584,2,9.238600000000003,2017-12
586,2017-12-01,Denver,Colorado,Technology,Phones,406.368,4,30.47759999999998,2017-12
589,2016-03-20,Salem,Oregon,Technology,Phones,84.784,2,-20.13620000000001,2016-03
594,2014-01-09,Laredo,Texas,Technology,Accessories,31.200000000000003,3,9.749999999999996,2014-01
597,2014-08-08,San Diego,California,Technology,Phones,445.96,5,55.74499999999995,2014-08
600,2016-07-16,Philadelphia,Pennsylvania,Technology,Phones,143.98199999999997,3,-28.79640000000001,2016-07
610,2014-05-23,Philadelphia,Pennsylvania,Technology,Phones,55.188,2,-10.117800000000004,2014-05
611,2016-04-28,Dallas,Texas,Technology,Phones,369.576,3,41.57729999999995,2016-04
620,2017-08-18,New York City,New York,Technology,Phones,37.91,1,10.993899999999996,2017-08
632,2016-12-11,Aurora,Colorado,Technology,Accessories,119.8,5,29.950000000000003,2016-12
633,2016-12-11,Aurora,Colorado,Technology,Phones,300.768,4,30.07680000000001,2016-12
634,2017-09-24,Miami,Florida,Technology,Accessories,17.880000000000003,3,2.458499999999999,2017-09
644,2017-06-10,Rochester Hills,Michigan,Technology,Accessories,132.52,4,54.333200000000005,2017-06
650,2016-12-11,Vancouver,Washington,Technology,Phones,302.376,3,22.678200000000015,2016-12
651,2016-12-11,Vancouver,Washington,Technology,Accessories,316.0,4,31.59999999999997,2016-12
654,2017-06-19,New York City,New York,Technology,Accessories,103.12,8,10.311999999999998,2017-06
668,2017-06-08,Dallas,Texas,Technology,Phones,381.576,3,28.6182,2017-06
676,2017-12-05,Columbus,Indiana,Technology,Accessories,99.39,3,40.7499,2017-12
678,2017-03-18,Tyler,Texas,Technology,Accessories,27.816000000000003,3,4.520099999999996,2017-03
686,2014-07-05,Jackson,Mississippi,Technology,Accessories,479.97,3,163.1898,2014-07
691,2014-06-21,Waynesboro,Virginia,Technology,Phones,284.82,1,74.0532,2014-06
693,2015-03-28,Los Angeles,California,Technology,Accessories,166.24,1,24.936000000000007,2015-03
707,2014-09-12,Cary,North Carolina,Technology,Accessories,15.216,1,2.282399999999999,2014-09
708,2014-12-02,New York City,New York,Technology,Accessories,119.96,4,52.78240000000001,2014-12
714,2017-05-19,Mount Vernon,New York,Technology,Phones,307.98,2,89.31419999999997,2017-05
715,2017-05-19,Mount Vernon,New York,Technology,Accessories,299.97,3,113.9886,2017-05
727,2017-09-16,Austin,Texas,Technology,Phones,55.992,1,5.5992000000000015,2017-09
734,2017-01-21,Seattle,Washington,Technology,Accessories,179.97,3,86.38560000000001,2017-01
739,2014-09-08,San Francisco,California,Technology,Accessories,49.98,2,8.496599999999994,2014-09
749,2016-03-20,Evanston,Illinois,Technology,Phones,11.992,1,0.8993999999999991,2016-03
758,2014-12-29,Cottage Grove,Minnesota,Technology,Accessories,119.8,4,47.92,2014-12
763,2015-02-08,Columbus,Ohio,Technology,Phones,107.982,3,-26.995499999999996,2015-02
772,2017-01-30,Des Moines,Iowa,Technology,Phones,207.0,3,51.75,2017-01
783,2015-10-03,Columbus,Ohio,Technology,Accessories,24.0,2,-2.6999999999999997,2015-10
785,2015-10-03,Columbus,Ohio,Technology,Accessories,47.984,2,0.5997999999999966,2015-10
802,2017-02-20,San Diego,California,Technology,Phones,215.968,2,18.89719999999999,2017-02
809,2015-02-03,Omaha,Nebraska,Technology,Accessories,149.97,3,50.9898,2015-02
813,2014-10-13,Edmonds,Washington,Technology,Accessories,25.78,2,2.5779999999999994,2014-10
823,2017-06-20,Belleville,New Jersey,Technology,Accessories,239.97,3,71.99099999999999,2017-06
825,2014-05-09,San Francisco,California,Technology,Accessories,67.8,4,4.067999999999998,2014-05
826,2014-05-09,San Francisco,California,Technology,Accessories,167.97,3,40.31280000000001,2014-05
832,2017-06-16,Florence,Kentucky,Technology,Phones,191.98,2,51.8346,2017-06
833,2017-06-16,Florence,Kentucky,Technology,Phones,65.99,1,17.157400000000003,2017-06
839,2016-03-07,Fort Worth,Texas,Technology,Phones,21.072,3,1.5804,2016-03
847,2015-10-13,Louisville,Kentucky,Technology,Phones,83.72,7,23.441600000000005,2015-10
850,2014-02-07,Linden,New Jersey,Technology,Accessories,115.36,7,49.60480000000001,2014-02
863,2016-01-05,Jacksonville,Florida,Technology,Accessories,191.472,6,40.6878,2016-01
865,2016-01-05,Jacksonville,Florida,Technology,Phones,59.184000000000005,2,5.178600000000001,2016-01
871,2016-09-03,Philadelphia,Pennsylvania,Technology,Phones,280.78200000000004,3,-46.797000000000025,2016-09
877,2016-01-17,Concord,New Hampshire,Technology,Accessories,29.99,1,13.195600000000002,2016-01
878,2016-01-17,Concord,New Hampshire,Technology,Accessories,371.97,3,66.95459999999997,2016-01
890,2017-06-20,New Rochelle,New York,Technology,Accessories,149.95,5,14.994999999999994,2017-06
894,2017-06-26,Detroit,Michigan,Technology,Phones,543.92,8,135.98000000000002,2017-06
903,2017-09-15,Chicago,Illinois,Technology,Phones,323.97600000000006,3,20.248499999999996,2017-09
908,2017-12-30,New York City,New York,Technology,Phones,90.93,7,2.7278999999999964,2017-12
915,2017-11-27,Milwaukee,Wisconsin,Technology,Accessories,143.73000000000002,9,56.05470000000001,2017-11
922,2015-04-11,New York City,New York,Technology,Accessories,85.14,3,34.9074,2015-04
923,2015-04-11,New York City,New York,Technology,Phones,21.99,1,10.5552,2015-04
927,2014-09-13,Philadelphia,Pennsylvania,Technology,Accessories,252.00000000000003,5,53.55,2014-09
938,2017-11-05,Farmington,New Mexico,Technology,Accessories,159.99,1,54.39659999999999,2017-11
957,2017-05-15,Phoenix,Arizona,Technology,Phones,29.592,1,2.5893000000000006,2017-05
972,2014-01-16,Philadelphia,Pennsylvania,Technology,Phones,124.2,3,-31.05000000000001,2014-01
975,2017-10-05,New York City,New York,Technology,Phones,160.92999999999998,7,3.218600000000009,2017-10
983,2014-11-11,Louisville,Colorado,Technology,Phones,559.984,2,55.99840000000003,2014-11
987,2017-09-29,Pasadena,Texas,Technology,Machines,336.51,3,44.86799999999997,2017-09
996,2014-05-21,Virginia Beach,Virginia,Technology,Phones,617.97,3,173.0316,2014-05
1010,2017-08-01,Chicago,Illinois,Technology,Phones,95.984,2,5.999000000000002,2017-08
1015,2015-12-21,Seattle,Washington,Technology,Accessories,99.6,1,36.852,2015-12
1019,2015-07-06,New York City,New York,Technology,Phones,124.95,5,2.4990000000000023,2015-07
1028,2016-01-11,Springfield,Ohio,Technology,Phones,15.588,2,-9.8724,2016-01
1030,2014-07-11,Hackensack,New Jersey,Technology,Phones,197.97,3,57.41129999999999,2014-07
1042,2016-09-06,New York City,New York,Technology,Accessories,31.86,2,11.151,2016-09
1050,2014-05-27,San Francisco,California,Technology,Accessories,99.99,1,37.9962,2014-05
1065,2015-04-16,Toledo,Ohio,Technology,Phones,118.78199999999998,3,-27.715799999999994,2015-04
1076,2016-11-12,Mesa,Arizona,Technology,Accessories,31.984,2,1.998999999999998,2016-11
1088,2016-08-15,Oakland,California,Technology,Phones,71.976,3,7.197600000000005,2016-08
1091,2017-06-04,Monroe,North Carolina,Technology,Phones,71.98400000000001,2,25.194399999999995,2017-06
1093,2015-12-06,San Diego,California,Technology,Phones,219.18400000000003,2,19.178600000000003,2015-12
1101,2016-06-14,San Francisco,California,Technology,Accessories,29.29,1,9.665699999999998,2016-06
1111,2016-11-19,Houston,Texas,Technology,Phones,71.96,5,25.186,2016-11
1116,2017-12-18,Encinitas,California,Technology,Accessories,119.98,2,57.5904,2017-12
1119,2015-09-04,Roswell,Georgia,Technology,Accessories,619.9499999999999,5,111.59099999999997,2015-09
1150,2015-04-04,Lansing,Michigan,Technology,Phones,10.95,1,0.4379999999999988,2015-04
1163,2014-03-03,New York City,New York,Technology,Phones,9.99,1,4.5954,2014-03
1167,2015-11-02,Seattle,Washington,Technology,Accessories,447.93,9,49.27229999999999,2015-11
1179,2016-12-01,Rockville,Maryland,Technology,Phones,179.97,3,44.99250000000001,2016-12
1180,2016-04-24,Houston,Texas,Technology,Accessories,258.696,3,64.674,2016-04
1184,2017-01-14,Jacksonville,North Carolina,Technology,Phones,7.92,5,0.6930000000000001,2017-01
1190,2017-02-26,Los Angeles,California,Technology,Phones,889.5360000000001,8,66.71519999999998,2017-02
1198,2016-04-08,Houston,Texas,Technology,Accessories,431.92800000000005,9,64.78919999999995,2016-04
1206,2017-08-01,Charlotte,North Carolina,Technology,Phones,271.96,5,16.997500000000016,2017-08
1217,2017-09-09,Philadelphia,Pennsylvania,Technology,Accessories,95.88,3,28.764000000000006,2017-09
1219,2017-09-09,Philadelphia,Pennsylvania,Technology,Accessories,258.696,3,64.674,2017-09
1222,2014-07-12,Los Angeles,California,Technology,Phones,255.93600000000004,8,28.79279999999997,2014-07
1224,2016-12-04,New York City,New York,Technology,Accessories,78.15,1,34.38600000000001,2016-12
1234,2016-05-30,Cincinnati,Ohio,Technology,Copiers,839.9879999999999,2,69.99899999999991,2016-05
1242,2016-08-29,New York City,New York,Technology,Phones,22.0,4,5.5,2016-08
1255,2017-03-10,Chester,Pennsylvania,Technology,Phones,35.91,3,-8.379000000000003,2017-03
1260,2016-12-24,Charlotte,North Carolina,Technology,Accessories,255.68000000000004,8,76.70400000000001,2016-12
1261,2017-10-23,Jacksonville,Florida,Technology,Phones,863.8799999999999,3,107.98499999999996,2017-10
1264,2016-10-01,La Porte,Indiana,Technology,Phones,69.9,2,18.873000000000005,2016-10
1277,2016-05-26,Fort Worth,Texas,Technology,Accessories,63.992,1,-7.199099999999996,2016-05
1279,2014-09-08,Macon,Georgia,Technology,Accessories,32.97,3,12.8583,2014-09
1280,2014-09-08,Macon,Georgia,Technology,Accessories,83.88,4,30.1968,2014-09
1281,2016-09-05,Cedar Rapids,Iowa,Technology,Phones,278.4,3,80.73599999999998,2016-09
1299,2016-12-08,Saint Paul,Minnesota,Technology,Phones,114.95,5,2.2990000000000066,2016-12
1305,2017-07-03,Columbus,Georgia,Technology,Phones,287.97,3,77.75189999999999,2017-07
1306,2016-07-14,Houston,Texas,Technology,Phones,419.944,7,52.49299999999997,2016-07
1318,2017-12-10,Philadelphia,Pennsylvania,Technology,Accessories,14.2,1,3.372499999999999,2017-12
1319,2014-07-01,Deltona,Florida,Technology,Phones,575.92,2,71.98999999999998,2014-07
1331,2017-06-02,Lorain,Ohio,Technology,Phones,2.97,1,-0.6435000000000002,2017-06
1339,2017-03-31,New York City,New York,Technology,Phones,677.58,3,176.1708,2017-03
1341,2017-01-02,Jacksonville,North Carolina,Technology,Machines,695.7,2,-27.82799999999997,2017-01
1353,2017-05-04,San Francisco,California,Technology,Phones,183.96,5,20.69549999999999,2017-05
1363,2017-10-19,Philadelphia,Pennsylvania,Technology,Phones,309.576,4,-56.755600000000015,2017-10
1365,2017-11-10,Tucson,Arizona,Technology,Machines,95.994,2,-63.99599999999998,2017-11
1366,2017-11-10,Tucson,Arizona,Technology,Accessories,239.95200000000003,6,-35.99280000000004,2017-11
1367,2017-11-10,Tucson,Arizona,Technology,Phones,201.584,2,15.118800000000007,2017-11
1372,2017-03-07,Clinton,Maryland,Technology,Accessories,49.08,3,4.907999999999998,2017-03
1379,2014-08-04,Pleasant Grove,Utah,Technology,Phones,399.96,5,34.99649999999997,2014-08
1389,2016-02-05,Smyrna,Georgia,Technology,Phones,104.85,3,28.309500000000007,2016-02
1390,2016-02-05,Smyrna,Georgia,Technology,Phones,484.83,3,126.05580000000002,2016-02
1399,2016-11-24,New York City,New York,Technology,Accessories,88.4,4,11.492000000000004,2016-11
1401,2016-11-01,Salem,Virginia,Technology,Phones,21.8,2,6.104000000000001,2016-11
1407,2014-04-06,Philadelphia,Pennsylvania,Technology,Accessories,116.784,2,21.89699999999999,2014-04
1415,2017-01-28,Costa Mesa,California,Technology,Accessories,239.97,3,26.39670000000001,2017-01
1417,2015-09-21,Houston,Texas,Technology,Phones,946.344,7,118.29299999999988,2015-09
1418,2015-09-21,Houston,Texas,Technology,Accessories,151.20000000000002,3,32.13,2015-09
1425,2015-09-26,Mesa,Arizona,Technology,Phones,263.96000000000004,5,23.09650000000001,2015-09
1431,2017-11-26,Columbus,Ohio,Technology,Phones,220.752,8,-40.47120000000001,2017-11
1438,2015-10-15,Amarillo,Texas,Technology,Accessories,263.88,3,42.88050000000001,2015-10
1448,2017-06-13,Chicago,Illinois,Technology,Phones,47.984,2,5.997999999999992,2017-06
1450,2015-05-01,Los Angeles,California,Technology,Phones,88.752,3,11.093999999999998,2015-05
1463,2016-08-26,Pasadena,Texas,Technology,Accessories,159.984,2,43.9956,2016-08
1467,2014-08-08,Glendale,Arizona,Technology,Accessories,95.976,3,-10.79730000000001,2014-08
1468,2015-05-16,Jacksonville,Florida,Technology,Accessories,255.968,4,31.99599999999997,2015-05
1479,2017-11-19,Westminster,California,Technology,Phones,31.968000000000004,4,2.3976000000000006,2017-11
1485,2016-10-14,Seattle,Washington,Technology,Accessories,177.0,3,30.089999999999986,2016-10
1488,2015-11-03,Los Angeles,California,Technology,Accessories,89.97,3,37.787400000000005,2015-11
1503,2016-11-24,Los Angeles,California,Technology,Phones,33.52,2,3.3519999999999985,2016-11
1538,2017-09-15,Everett,Massachusetts,Technology,Phones,39.99,1,11.597099999999998,2017-09
1550,2014-07-06,New York City,New York,Technology,Copiers,559.9920000000001,1,174.99749999999997,2014-07
1556,2017-09-04,Long Beach,New York,Technology,Accessories,91.96,4,39.5428,2017-09
1566,2015-03-19,Seattle,Washington,Technology,Phones,453.576,3,39.68789999999999,2015-03
1567,2015-11-29,Allen,Texas,Technology,Accessories,21.48,3,-0.268500000000003,2015-11
1573,2014-11-23,Los Angeles,California,Technology,Accessories,29.99,1,6.297899999999999,2014-11
1575,2014-12-15,El Paso,Texas,Technology,Phones,40.68,3,-9.153000000000004,2014-12
1580,2015-08-09,New York City,New York,Technology,Phones,307.98,2,89.31419999999997,2015-08
1589,2015-08-09,New York City,New York,Technology,Accessories,247.8,4,34.69200000000001,2015-08
1593,2015-06-23,Olympia,Washington,Technology,Phones,201.568,4,22.676399999999997,2015-06
1605,2016-04-19,Los Angeles,California,Technology,Phones,39.96000000000001,5,12.986999999999997,2016-04
1612,2014-05-26,Los Angeles,California,Technology,Phones,201.584,2,20.15840000000001,2014-05
1613,2014-05-26,Los Angeles,California,Technology,Phones,83.98400000000001,2,31.494,2014-05
1615,2016-03-15,Philadelphia,Pennsylvania,Technology,Accessories,83.97600000000001,3,-13.6461,2016-03
1624,2017-07-08,Kent,Washington,Technology,Accessories,50.0,2,10.5,2017-07
1625,2015-12-19,Los Angeles,California,Technology,Phones,675.96,5,84.49499999999995,2015-12
1635,2016-05-08,Cleveland,Ohio,Technology,Accessories,58.112,2,7.263999999999994,2016-05
1638,2014-11-26,Tigard,Oregon,Technology,Phones,438.336,4,-87.66720000000004,2014-11
1647,2015-11-01,Philadelphia,Pennsylvania,Technology,Accessories,35.36000000000001,2,-3.0939999999999994,2015-11
1650,2015-09-26,Philadelphia,Pennsylvania,Technology,Phones,45.894,1,-9.1788,2015-09
1654,2017-11-18,Seattle,Washington,Technology,Accessories,132.52,4,54.333200000000005,2017-11
1659,2017-01-20,Los Angeles,California,Technology,Phones,160.776,3,10.048500000000004,2017-01
1665,2016-11-24,Dallas,Texas,Technology,Accessories,297.576,3,-7.439400000000035,2016-11
1667,2016-11-24,Dallas,Texas,Technology,Accessories,94.992,2,-2.374800000000004,2016-11
1671,2017-10-19,Houston,Texas,Technology,Phones,16.68,3,5.2125,2017-10
1672,2016-03-22,North Las Vegas,Nevada,Technology,Accessories,58.58,2,19.331399999999995,2016-03
1673,2017-07-03,Plano,Texas,Technology,Phones,167.96800000000002,4,62.988,2017-07
1680,2014-09-07,Philadelphia,Pennsylvania,Technology,Phones,32.382,3,4.317599999999999,2014-09
1694,2016-06-26,Plano,Texas,Technology,Accessories,13.616,2,3.574200000000001,2016-06
1695,2015-09-25,Bayonne,New Jersey,Technology,Accessories,63.96,4,19.8276,2015-09
1697,2015-09-25,Bayonne,New Jersey,Technology,Phones,104.98,2,52.49,2015-09
1708,2017-10-30,San Francisco,California,Technology,Phones,148.48,2,16.703999999999986,2017-10
1722,2015-12-20,Chicago,Illinois,Technology,Phones,159.984,2,11.998799999999996,2015-12
1723,2015-12-20,Chicago,Illinois,Technology,Accessories,255.968,4,51.1936,2015-12
1729,2016-02-07,Springfield,Virginia,Technology,Accessories,100.0,4,21.0,2016-02
1736,2017-07-29,Jacksonville,North Carolina,Technology,Phones,22.0,5,1.375,2017-07
1739,2015-09-03,San Francisco,California,Technology,Accessories,17.9,2,3.400999999999998,2015-09
1740,2015-09-03,San Francisco,California,Technology,Accessories,129.45,5,46.602,2015-09
1745,2017-10-30,Philadelphia,Pennsylvania,Technology,Accessories,442.4,7,-55.30000000000007,2017-10
1759,2014-05-11,Houston,Texas,Technology,Accessories,46.864,2,7.615399999999994,2014-05
1773,2016-11-27,Chicago,Illinois,Technology,Accessories,62.400000000000006,6,19.499999999999996,2016-11
1780,2016-11-11,New York City,New York,Technology,Accessories,59.97,3,14.992499999999996,2016-11
1785,2017-09-22,Milwaukee,Wisconsin,Technology,Accessories,98.16,6,9.815999999999995,2017-09
1787,2017-09-22,Milwaukee,Wisconsin,Technology,Phones,86.97,3,25.22129999999999,2017-09
1788,2015-02-15,Kenosha,Wisconsin,Technology,Phones,134.97,3,64.78559999999999,2015-02
1790,2015-02-15,Kenosha,Wisconsin,Technology,Accessories,139.95,5,26.590499999999988,2015-02
1797,2017-08-27,New York City,New York,Technology,Phones,347.97,3,100.91129999999995,2017-08
1805,2017-09-22,Philadelphia,Pennsylvania,Technology,Accessories,79.98400000000001,2,22.995400000000004,2017-09
1808,2016-12-25,Los Angeles,California,Technology,Accessories,254.24,7,76.27199999999998,2016-12
1809,2016-02-11,Tulsa,Oklahoma,Technology,Phones,69.93,7,0.6992999999999991,2016-02
1845,2017-07-29,Seattle,Washington,Technology,Accessories,90.57,3,11.774100000000004,2017-07
1851,2015-07-20,South Bend,Indiana,Technology,Accessories,831.2,5,124.68000000000004,2015-07
1860,2015-09-03,Bristol,Connecticut,Technology,Phones,100.49,1,25.1225,2015-09
1862,2017-03-26,New York City,New York,Technology,Phones,119.96,4,33.588800000000006,2017-03
1866,2017-11-12,Newark,Ohio,Technology,Phones,370.782,3,-92.69550000000004,2017-11
1877,2017-03-25,San Antonio,Texas,Technology,Phones,470.3760000000001,3,47.037600000000026,2017-03
1879,2017-12-29,Los Angeles,California,Technology,Phones,302.376,3,22.678200000000015,2017-12
1902,2016-08-20,Detroit,Michigan,Technology,Phones,14.78,2,3.9906000000000006,2016-08
1905,2017-10-21,Springfield,Oregon,Technology,Accessories,28.4,2,6.744999999999998,2017-10
1911,2016-11-15,Los Angeles,California,Technology,Accessories,99.39,3,40.7499,2016-11
1913,2017-07-03,Houston,Texas,Technology,Machines,597.1320000000001,3,49.76099999999997,2017-07
1914,2014-01-15,Roswell,Georgia,Technology,Accessories,149.95,5,65.97800000000001,2014-01
1919,2015-10-30,Detroit,Michigan,Technology,Phones,299.9,2,74.975,2015-10
1923,2016-07-08,Arlington,Texas,Technology,Phones,863.6400000000001,9,107.95499999999998,2016-07
1926,2017-03-09,San Francisco,California,Technology,Accessories,199.98,2,69.993,2017-03
1927,2016-06-09,Los Angeles,California,Technology,Phones,177.48000000000002,3,19.966499999999986,2016-06
1931,2017-03-16,Seattle,Washington,Technology,Phones,659.9760000000001,3,49.49819999999997,2017-03
1932,2016-11-27,Scottsdale,Arizona,Technology,Phones,271.992,1,23.7993,2016-11
1936,2017-11-27,San Francisco,California,Technology,Accessories,166.16,8,59.8176,2017-11
1945,2016-06-20,Carrollton,Texas,Technology,Accessories,95.968,4,26.3912,2016-06
1952,2017-09-02,New York City,New York,Technology,Phones,197.97,3,57.41129999999999,2017-09
1956,2017-09-02,New York City,New York,Technology,Accessories,238.0,2,38.08000000000001,2017-09
1957,2017-09-02,New York City,New York,Technology,Accessories,167.97,3,40.31280000000001,2017-09
1961,2017-09-10,Springfield,Missouri,Technology,Accessories,296.85,5,53.43299999999999,2017-09
1962,2017-09-10,Springfield,Missouri,Technology,Accessories,112.8,6,6.768000000000001,2017-09
1967,2017-12-21,Paterson,New Jersey,Technology,Phones,281.97,3,78.9516,2017-12
1970,2017-09-23,Tulsa,Oklahoma,Technology,Accessories,291.96,4,102.18599999999998,2017-09
1972,2017-05-06,Chicago,Illinois,Technology,Accessories,408.744,7,76.63949999999998,2017-05
1975,2014-12-14,Chicago,Illinois,Technology,Accessories,35.016000000000005,3,-2.188500000000003,2014-12
1983,2014-12-03,Oklahoma City,Oklahoma,Technology,Phones,479.96,4,134.3888,2014-12
1999,2014-02-06,Chesapeake,Virginia,Technology,Phones,161.61,1,42.018600000000006,2014-02
2000,2014-02-06,Chesapeake,Virginia,Technology,Phones,144.95,5,42.03549999999999,2014-02
2001,2017-04-11,Pasadena,California,Technology,Accessories,199.95,5,21.994499999999988,2017-04
2007,2014-12-31,Columbia,Missouri,Technology,Accessories,47.53,7,16.160200000000003,2014-12
2012,2015-12-11,Houston,Texas,Technology,Accessories,159.984,2,35.9964,2015-12
2056,2017-12-22,Detroit,Michigan,Technology,Accessories,199.95,5,63.98399999999999,2017-12
2058,2017-12-22,Detroit,Michigan,Technology,Accessories,84.99,1,30.5964,2017-12
2067,2014-10-31,Los Angeles,California,Technology,Accessories,251.91,9,47.86289999999998,2014-10
2069,2015-04-13,Pomona,California,Technology,Accessories,199.96,4,69.98599999999999,2015-04
2074,2017-11-07,Brentwood,California,Technology,Accessories,59.97,3,13.7931,2017-11
2075,2017-11-07,Brentwood,California,Technology,Phones,761.5440000000001,7,66.63510000000002,2017-11
2081,2015-12-24,Phoenix,Arizona,Technology,Phones,111.984,2,11.198400000000005,2015-12
2100,2017-09-07,Portland,Oregon,Technology,Accessories,279.944,7,80.48390000000002,2017-09
2105,2017-03-24,New York City,New York,Technology,Accessories,26.0,2,11.7,2017-03
2126,2017-12-01,Philadelphia,Pennsylvania,Technology,Phones,62.958,7,9.4437,2017-12
2127,2014-06-23,Philadelphia,Pennsylvania,Technology,Accessories,86.376,3,1.079699999999999,2014-06
2136,2015-11-30,Philadelphia,Pennsylvania,Technology,Phones,94.92,4,15.819999999999991,2015-11
2144,2016-09-01,Philadelphia,Pennsylvania,Technology,Phones,23.988,2,-4.797599999999997,2016-09
2150,2017-03-31,New York City,New York,Technology,Phones,84.94999999999999,5,22.087,2017-03
2152,2014-11-24,Saint Louis,Missouri,Technology,Accessories,111.79,7,43.5981,2014-11
2164,2016-10-13,Laredo,Texas,Technology,Accessories,191.976,3,23.996999999999986,2016-10
2170,2017-01-27,Kent,Ohio,Technology,Accessories,71.976,3,-8.997000000000003,2017-01
2171,2017-01-27,Kent,Ohio,Technology,Phones,107.982,3,-26.995499999999996,2017-01
2184,2016-05-07,New York City,New York,Technology,Accessories,199.95,5,21.994499999999988,2016-05
2187,2016-07-14,Huntsville,Alabama,Technology,Accessories,29.0,2,7.25,2016-07
2196,2016-12-10,Seattle,Washington,Technology,Accessories,44.75,5,8.502499999999994,2016-12
2208,2014-07-14,Aurora,Illinois,Technology,Phones,38.272000000000006,4,3.827200000000001,2014-07
2222,2015-12-06,Marion,Ohio,Technology,Phones,485.94,2,-89.08900000000006,2015-12
2228,2017-07-29,Austin,Texas,Technology,Phones,124.79200000000002,1,15.598999999999991,2017-07
2234,2015-12-14,Portland,Oregon,Technology,Phones,319.968,4,35.99639999999995,2015-12
2235,2017-12-05,Burlington,Vermont,Technology,Accessories,205.03,7,67.65989999999998,2017-12
2247,2017-11-21,Pasadena,California,Technology,Phones,659.9760000000001,3,49.49819999999997,2017-11
2256,2016-09-17,Bangor,Maine,Technology,Phones,437.85,3,131.35499999999996,2016-09
2261,2015-11-08,San Diego,California,Technology,Accessories,371.97,3,66.95459999999997,2015-11
2262,2015-12-18,New York City,New York,Technology,Accessories,166.24,1,24.936000000000007,2015-12
2264,2016-11-14,Atlanta,Georgia,Technology,Accessories,499.98,2,114.99540000000002,2016-11
2279,2014-06-27,Southaven,Mississippi,Technology,Accessories,223.96,4,53.75040000000001,2014-06
2284,2015-03-05,New Castle,Indiana,Technology,Phones,23.92,2,6.697600000000001,2015-03
2291,2015-04-20,Columbus,Georgia,Technology,Phones,287.97,3,77.75189999999999,2015-04
2294,2015-11-01,New York City,New York,Technology,Phones,4.95,1,1.3365,2015-11
2298,2015-11-01,New York City,New York,Technology,Phones,42.95,1,1.288499999999999,2015-11
2300,2015-11-01,New York City,New York,Technology,Phones,503.96,4,125.99,2015-11
2303,2016-01-17,Columbus,Georgia,Technology,Accessories,316.0,4,31.59999999999997,2016-01
2308,2017-11-05,New York City,New York,Technology,Accessories,390.75,5,171.93000000000006,2017-11
2319,2017-07-20,Sioux Falls,South Dakota,Technology,Accessories,389.97,3,132.58980000000005,2017-07
2321,2017-03-20,Seattle,Washington,Technology,Accessories,265.93,7,63.8232,2017-03
2343,2014-12-31,Franklin,Massachusetts,Technology,Accessories,113.97,3,27.3528,2014-12
2356,2015-08-31,San Francisco,California,Technology,Accessories,36.51,1,15.6993,2015-08
2357,2015-08-31,San Francisco,California,Technology,Machines,239.976,3,80.99189999999999,2015-08
2371,2017-07-07,Warwick,Rhode Island,Technology,Accessories,252.0,4,93.24,2017-07
2386,2017-03-25,Fresno,California,Technology,Phones,211.168,4,15.837600000000007,2017-03
2387,2017-03-25,Fresno,California,Technology,Copiers,479.984,2,59.99799999999996,2017-03
2395,2015-11-14,New York City,New York,Technology,Accessories,37.6,2,2.256,2015-11
2396,2015-11-14,New York City,New York,Technology,Accessories,59.9,2,23.96,2015-11
2406,2017-10-07,Los Angeles,California,Technology,Phones,128.744,7,-28.96739999999999,2017-10
2409,2017-01-20,San Francisco,California,Technology,Phones,359.97600000000006,3,130.49130000000002,2017-01
2417,2017-10-12,Albuquerque,New Mexico,Technology,Accessories,595.0,5,95.20000000000005,2017-10
2421,2017-11-09,Coachella,California,Technology,Accessories,99.99,1,43.9956,2017-11
2424,2017-12-25,Fairfield,Ohio,Technology,Accessories,158.928,7,41.7186,2017-12
2434,2017-05-28,Houston,Texas,Technology,Phones,54.368,4,4.077599999999997,2017-05
2441,2016-05-22,Passaic,New Jersey,Technology,Phones,345.0,5,86.25,2016-05
2444,2016-05-22,Passaic,New Jersey,Technology,Accessories,95.1,5,30.431999999999995,2016-05
2446,2016-05-22,Passaic,New Jersey,Technology,Phones,257.98,2,74.8142,2016-05
2452,2017-03-17,New York City,New York,Technology,Phones,119.7,6,31.122,2017-03
2454,2017-03-17,New York City,New York,Technology,Accessories,57.06,3,18.2592,2017-03
2455,2017-03-17,New York City,New York,Technology,Accessories,71.6,8,13.603999999999992,2017-03
2465,2017-12-03,New York City,New York,Technology,Phones,136.99,1,36.987300000000005,2017-12
2475,2016-11-03,Los Angeles,California,Technology,Accessories,82.95,5,29.0325,2016-11
2483,2017-08-28,Seattle,Washington,Technology,Phones,35.168,4,11.4296,2017-08
2495,2016-09-10,Houston,Texas,Technology,Phones,719.96,5,53.99700000000004,2016-09
2509,2017-03-02,Los Angeles,California,Technology,Phones,196.776,3,14.758199999999997,2017-03
2510,2017-03-02,Los Angeles,California,Technology,Accessories,479.94,6,52.79340000000002,2017-03
2512,2015-04-18,Monroe,Louisiana,Technology,Accessories,106.5,6,41.535,2015-04
2514,2016-11-11,Chicago,Illinois,Technology,Accessories,95.968,4,1.1995999999999931,2016-11
2523,2016-10-15,Oklahoma City,Oklahoma,Technology,Phones,5.5,1,1.375,2016-10
2526,2015-04-06,Houston,Texas,Technology,Accessories,25.488,2,4.4604,2015-04
2534,2014-08-17,Little Rock,Arkansas,Technology,Accessories,339.96,4,122.38559999999998,2014-08
2536,2015-09-06,La Quinta,California,Technology,Accessories,46.32,4,18.0648,2015-09
2539,2015-01-27,Cleveland,Ohio,Technology,Phones,155.36999999999998,1,-36.253,2015-01
2555,2016-08-15,Tallahassee,Florida,Technology,Phones,705.544,7,70.55440000000007,2016-08
2556,2015-09-26,New York City,New York,Technology,Accessories,50.0,2,12.0,2015-09
2564,2015-03-17,New York City,New York,Technology,Accessories,15.02,1,2.7036,2015-03
2566,2017-12-21,Bowling Green,Kentucky,Technology,Accessories,71.0,4,27.69,2017-12
2570,2017-12-27,Newark,Ohio,Technology,Phones,164.388,2,-35.6174,2017-12
2585,2014-01-26,Alexandria,Virginia,Technology,Phones,187.98,2,52.6344,2014-01
2590,2016-05-05,Los Angeles,California,Technology,Phones,246.168,3,21.5397,2016-05
2593,2017-11-24,Summerville,South Carolina,Technology,Phones,79.1,2,39.55,2017-11
2597,2017-05-13,Columbus,Indiana,Technology,Phones,587.97,3,158.75190000000003,2017-05
2608,2014-11-25,Arlington,Texas,Technology,Accessories,24.672,3,0.0,2014-11
2620,2017-12-22,Carlsbad,New Mexico,Technology,Phones,67.04,4,6.703999999999997,2017-12
2627,2017-10-22,New York City,New York,Technology,Phones,52.99,1,0.5298999999999978,2017-10
2628,2017-11-13,Springfield,Ohio,Technology,Accessories,60.864,4,9.129599999999996,2017-11
2642,2015-02-20,Hot Springs,Arkansas,Technology,Accessories,29.99,1,2.9989999999999988,2015-02
2644,2016-04-17,Raleigh,North Carolina,Technology,Phones,36.792,1,4.139099999999999,2016-04
2650,2014-09-07,Tulsa,Oklahoma,Technology,Phones,104.85,3,28.309500000000007,2014-09
2667,2016-10-01,Amarillo,Texas,Technology,Accessories,79.51200000000001,3,20.8719,2016-10
2681,2017-01-21,Jackson,Michigan,Technology,Accessories,619.9499999999999,5,111.59099999999997,2017-01
2683,2017-01-21,Jackson,Michigan,Technology,Machines,350.97300000000007,3,152.08829999999998,2017-01
2684,2017-01-21,Jackson,Michigan,Technology,Phones,164.99,1,49.49699999999999,2017-01
2693,2016-08-28,Englewood,Colorado,Technology,Phones,108.576,3,8.1432,2016-08
2697,2014-03-18,Jacksonville,Florida,Technology,Machines,821.3,4,-16.426000000000045,2014-03
2705,2017-07-11,New York City,New York,Technology,Accessories,132.60000000000002,6,17.238000000000007,2017-07
2714,2014-04-25,Wilmington,North Carolina,Technology,Phones,302.376,3,37.797,2014-04
2716,2014-12-04,New York City,New York,Technology,Phones,129.98,2,62.3904,2014-12
2717,2017-08-26,Columbus,Georgia,Technology,Accessories,71.98,2,15.1158,2017-08
2718,2014-09-07,New York City,New York,Technology,Phones,377.97,3,109.6113,2014-09
2726,2017-11-07,Philadelphia,Pennsylvania,Technology,Phones,359.97,5,-71.99400000000003,2017-11
2729,2017-12-22,Toledo,Ohio,Technology,Phones,629.958,7,94.4937,2017-12
2733,2014-07-02,Plainfield,New Jersey,Technology,Phones,73.98,2,19.9746,2014-07
2736,2015-11-13,Newark,Delaware,Technology,Phones,377.97,3,94.4925,2015-11
2739,2015-11-13,Newark,Delaware,Technology,Phones,89.98,2,43.1904,2015-11
2741,2017-04-16,Hoover,Alabama,Technology,Accessories,25.98,2,1.558799999999998,2017-04
2745,2015-06-20,San Francisco,California,Technology,Phones,125.976,3,47.241,2015-06
2746,2017-08-07,Jacksonville,North Carolina,Technology,Accessories,79.992,1,21.9978,2017-08
2748,2015-11-22,Frisco,Texas,Technology,Accessories,27.168000000000003,4,-1.3583999999999987,2015-11
2754,2015-04-17,San Francisco,California,Technology,Accessories,323.37,3,129.348,2015-04
2755,2015-04-17,San Francisco,California,Technology,Phones,783.9600000000002,5,68.59650000000002,2015-04
2758,2016-06-11,New York City,New York,Technology,Accessories,239.97,3,71.99099999999999,2016-06
2762,2017-10-12,San Francisco,California,Technology,Accessories,0.99,1,0.4356000000000001,2017-10
2770,2015-04-02,Dallas,Texas,Technology,Accessories,50.120000000000005,7,-0.6265000000000072,2015-04
2771,2015-04-02,Dallas,Texas,Technology,Accessories,47.976,3,1.7990999999999993,2015-04
2780,2017-04-30,Pompano Beach,Florida,Technology,Accessories,2.3760000000000003,3,0.7424999999999999,2017-04
2783,2016-11-11,Detroit,Michigan,Technology,Phones,257.98,2,74.8142,2016-11
2784,2016-11-05,Philadelphia,Pennsylvania,Technology,Phones,23.988,2,-15.992,2016-11
2785,2016-10-09,Troy,Ohio,Technology,Phones,23.976,4,-15.584400000000002,2016-10
2795,2014-04-12,Redondo Beach,California,Technology,Phones,438.36800000000005,4,38.357200000000006,2014-04
2801,2016-10-25,Miami,Florida,Technology,Phones,783.9600000000002,5,78.39600000000004,2016-10
2822,2016-12-31,Anaheim,California,Technology,Phones,302.376,3,22.678200000000015,2016-12
2833,2014-11-01,Portland,Oregon,Technology,Phones,155.976,3,54.5916,2014-11
2839,2016-06-09,Tallahassee,Florida,Technology,Machines,695.7,2,-27.82799999999997,2016-06
2844,2017-05-18,Philadelphia,Pennsylvania,Technology,Accessories,36.048,3,-0.9012000000000012,2017-05
2859,2017-05-19,Atlanta,Georgia,Technology,Accessories,67.8,4,4.067999999999998,2017-05
2860,2017-05-19,Atlanta,Georgia,Technology,Phones,377.97,3,98.2722,2017-05
2880,2016-01-15,Westfield,New Jersey,Technology,Accessories,254.97,3,91.7892,2016-01
2896,2017-10-23,Rochester,New York,Technology,Phones,35.88,3,10.046400000000002,2017-10
2898,2016-01-04,Charlotte,North Carolina,Technology,Copiers,959.968,4,119.99599999999992,2016-01
2900,2015-09-12,New York City,New York,Technology,Copiers,479.984,2,59.99799999999996,2015-09
2915,2015-10-12,Noblesville,Indiana,Technology,Phones,135.72,3,35.2872,2015-10
2917,2015-10-12,Noblesville,Indiana,Technology,Phones,263.96,4,71.26920000000001,2015-10
2934,2016-12-06,Seattle,Washington,Technology,Phones,156.79200000000003,1,13.719300000000004,2016-12
2935,2016-12-06,Seattle,Washington,Technology,Phones,431.97600000000006,3,26.998499999999996,2016-12
2950,2017-11-12,Glendale,Arizona,Technology,Accessories,41.6,4,12.999999999999998,2017-11
2954,2017-11-12,Glendale,Arizona,Technology,Phones,7.920000000000001,2,0.6929999999999998,2017-11
2955,2017-11-12,Glendale,Arizona,Technology,Phones,671.984,2,50.39880000000002,2017-11
2956,2016-08-18,New York City,New York,Technology,Phones,39.99,1,11.597099999999998,2016-08
2989,2016-02-21,Los Angeles,California,Technology,Accessories,12.99,1,0.779399999999999,2016-02
2999,2014-06-21,Philadelphia,Pennsylvania,Technology,Accessories,95.968,4,28.79040000000001,2014-06
3019,2016-08-23,Pharr,Texas,Technology,Accessories,666.4,7,-33.319999999999965,2016-08
3030,2016-03-24,Gresham,Oregon,Technology,Phones,403.168,4,25.198000000000008,2016-03
3035,2015-06-11,Monroe,Louisiana,Technology,Accessories,53.7,6,10.202999999999994,2015-06
3050,2017-04-02,Columbus,Georgia,Technology,Accessories,360.0,4,129.6,2017-04
3054,2016-04-09,Detroit,Michigan,Technology,Phones,517.9,2,134.654,2016-04
3061,2016-11-07,Newark,Ohio,Technology,Accessories,119.976,3,22.49549999999999,2016-11
3063,2015-11-27,Newark,Delaware,Technology,Phones,83.97,3,23.5116,2015-11
3064,2015-11-27,Newark,Delaware,Technology,Accessories,104.97,3,7.347900000000003,2015-11
3066,2017-03-13,Albuquerque,New Mexico,Technology,Phones,140.736,8,49.2576,2017-03
3067,2017-03-13,Albuquerque,New Mexico,Technology,Accessories,214.95,5,88.12950000000001,2017-03
3081,2017-09-04,Apple Valley,California,Technology,Phones,43.176,3,15.1116,2017-09
3083,2017-05-27,Louisville,Kentucky,Technology,Phones,539.97,3,134.9925,2017-05
3086,2017-02-09,Houston,Texas,Technology,Accessories,127.984,2,15.997999999999989,2017-02
3092,2016-03-03,Newark,Delaware,Technology,Phones,479.95,5,129.5865,2016-03
3113,2016-08-23,Seattle,Washington,Technology,Machines,837.5999999999999,3,62.82000000000005,2016-08
3120,2015-06-11,Lakeland,Florida,Technology,Phones,249.58400000000003,2,31.197999999999983,2015-06
3127,2017-09-08,Philadelphia,Pennsylvania,Technology,Phones,258.528,2,-47.39680000000001,2017-09
3131,2014-12-16,Los Angeles,California,Technology,Accessories,395.0,5,39.49999999999996,2014-12
3132,2014-12-16,Los Angeles,California,Technology,Phones,627.1680000000001,4,70.55639999999994,2014-12
3137,2017-11-12,Dallas,Texas,Technology,Phones,67.992,1,8.498999999999992,2017-11
3139,2017-11-12,Dallas,Texas,Technology,Accessories,44.784,2,-0.5598000000000045,2017-11
3143,2017-09-25,Cincinnati,Ohio,Technology,Accessories,119.96,5,35.98800000000001,2017-09
3147,2017-02-11,Seattle,Washington,Technology,Phones,88.77600000000001,3,7.767900000000001,2017-02
3153,2015-12-15,Newark,Ohio,Technology,Phones,101.988,2,-16.99800000000002,2015-12
3158,2015-08-24,New York City,New York,Technology,Accessories,26.0,2,11.7,2015-08
3160,2016-03-26,Jacksonville,North Carolina,Technology,Accessories,119.976,3,-17.99640000000002,2016-03
3166,2014-09-21,San Francisco,California,Technology,Phones,239.98400000000004,2,23.998400000000004,2014-09
3177,2017-09-23,Fort Collins,Colorado,Technology,Accessories,47.984,2,0.5997999999999966,2017-09
3188,2017-03-12,Lowell,Massachusetts,Technology,Phones,69.93,7,32.1678,2017-03
3192,2017-10-02,New York City,New York,Technology,Phones,65.99,1,17.157400000000003,2017-10
3197,2017-07-22,New York City,New York,Technology,Phones,29.97,3,14.0859,2017-07
3199,2014-12-01,Jacksonville,North Carolina,Technology,Phones,95.968,4,9.596800000000004,2014-12
3203,2014-11-10,San Diego,California,Technology,Phones,601.536,8,60.15360000000001,2014-11
3204,2014-11-10,San Diego,California,Technology,Accessories,10.99,1,4.2861,2014-11
3209,2016-01-09,Fresno,California,Technology,Accessories,349.95,5,118.983,2016-01
3210,2016-01-09,Fresno,California,Technology,Phones,377.92800000000005,9,141.723,2016-01
3217,2014-05-13,Oakland,California,Technology,Accessories,149.97,3,52.48949999999999,2014-05
3219,2017-11-10,New York City,New York,Technology,Phones,430.88,2,124.9552,2017-11
3222,2015-10-02,Lakewood,New Jersey,Technology,Accessories,90.0,1,32.4,2015-10
3225,2014-10-02,Tempe,Arizona,Technology,Phones,318.40000000000003,2,107.46,2014-10
3228,2014-10-02,Tempe,Arizona,Technology,Phones,230.376,3,20.15789999999999,2014-10
3229,2014-10-02,Tempe,Arizona,Technology,Accessories,7.16,1,-0.089500000000001,2014-10
3240,2016-11-20,Houston,Texas,Technology,Phones,122.92,7,46.095000000000006,2016-11
3244,2017-12-01,Grand Prairie,Texas,Technology,Phones,219.80000000000004,5,24.72749999999997,2017-12
3246,2017-12-10,Seattle,Washington,Technology,Accessories,49.08,3,4.907999999999998,2017-12
3250,2016-09-17,Seattle,Washington,Technology,Phones,105.584,2,7.918800000000004,2016-09
3254,2017-10-27,Chicago,Illinois,Technology,Phones,27.184,2,2.0387999999999984,2017-10
3255,2016-07-08,Seattle,Washington,Technology,Phones,107.984,1,9.448599999999995,2016-07
3262,2014-11-17,San Francisco,California,Technology,Accessories,99.98,2,7.998399999999989,2014-11
3268,2014-05-22,Decatur,Alabama,Technology,Phones,135.98,2,33.995000000000005,2014-05
3269,2014-05-22,Decatur,Alabama,Technology,Phones,44.95,1,12.586,2014-05
3270,2014-07-15,Sioux Falls,South Dakota,Technology,Accessories,2.97,3,1.3068000000000004,2014-07
3272,2015-12-27,Visalia,California,Technology,Accessories,7.92,8,3.484800000000001,2015-12
3278,2014-04-05,Alexandria,Virginia,Technology,Phones,28.99,1,8.407099999999996,2014-04
3282,2014-09-17,Raleigh,North Carolina,Technology,Accessories,47.984,2,13.1956,2014-09
3288,2015-12-13,Temecula,California,Technology,Phones,494.3760000000001,3,49.437599999999975,2015-12
3290,2015-12-13,Temecula,California,Technology,Accessories,248.85,5,27.373499999999996,2015-12
3291,2015-12-13,Temecula,California,Technology,Accessories,36.24,1,15.2208,2015-12
3306,2014-12-30,Laredo,Texas,Technology,Phones,217.58400000000003,2,19.03860000000001,2014-12
3307,2014-12-30,Laredo,Texas,Technology,Phones,328.77600000000007,3,28.7679,2014-12
3309,2014-12-30,Laredo,Texas,Technology,Accessories,47.984,2,14.395200000000004,2014-12
3330,2014-11-11,Houston,Texas,Technology,Phones,148.48,2,16.703999999999986,2014-11
3331,2014-11-11,Houston,Texas,Technology,Phones,241.176,3,15.07350000000001,2014-11
3332,2017-12-14,Chicago,Illinois,Technology,Accessories,227.976,3,28.49699999999996,2017-12
3333,2017-12-14,Chicago,Illinois,Technology,Phones,52.67999999999999,3,19.755,2017-12
3336,2017-08-21,Oakland,California,Technology,Phones,431.9680000000001,4,37.797199999999975,2017-08
3344,2016-08-27,Quincy,Massachusetts,Technology,Phones,59.97,3,28.785599999999995,2016-08
3351,2016-12-26,New York City,New York,Technology,Accessories,89.97,3,18.893699999999995,2016-12
3353,2014-09-23,San Diego,California,Technology,Phones,83.98400000000001,2,31.494,2014-09
3354,2014-07-19,Bristol,Connecticut,Technology,Phones,359.98,2,93.59480000000002,2014-07
3360,2016-05-06,Chicago,Illinois,Technology,Accessories,26.176,2,-3.272000000000002,2016-05
3376,2015-12-04,Hempstead,New York,Technology,Phones,39.96,4,10.389600000000002,2015-12
3388,2017-10-07,Charlotte,North Carolina,Technology,Phones,222.384,2,16.678799999999995,2017-10
3393,2014-08-09,Seattle,Washington,Technology,Phones,219.168,2,-43.83360000000002,2014-08
3399,2014-11-21,Richmond,Kentucky,Technology,Phones,36.99,1,9.9873,2014-11
3423,2016-05-28,Los Angeles,California,Technology,Accessories,131.6,7,7.896000000000001,2016-05
3425,2016-05-28,Los Angeles,California,Technology,Machines,558.4,2,41.88000000000002,2016-05
3453,2014-03-16,Raleigh,North Carolina,Technology,Phones,471.92,2,29.49500000000002,2014-03
3457,2017-09-16,Philadelphia,Pennsylvania,Technology,Accessories,71.976,3,19.793400000000005,2017-09
3461,2017-09-16,Philadelphia,Pennsylvania,Technology,Accessories,47.984,2,14.395200000000004,2017-09
3462,2017-11-05,Dallas,Texas,Technology,Phones,492.768,4,55.436399999999935,2017-11
3465,2017-12-03,Jacksonville,Florida,Technology,Accessories,47.992,1,7.198799999999995,2017-12
3473,2017-11-12,Columbus,Ohio,Technology,Accessories,18.544,2,3.013399999999998,2017-11
3475,2017-03-03,Dearborn Heights,Michigan,Technology,Accessories,99.98,2,42.991400000000006,2017-03
3476,2016-11-27,Overland Park,Kansas,Technology,Accessories,34.95,5,15.378000000000004,2016-11
3478,2014-08-31,Santa Fe,New Mexico,Technology,Accessories,92.52,9,18.50399999999999,2014-08
3483,2014-08-27,Springfield,Virginia,Technology,Phones,579.9499999999999,5,168.18549999999993,2014-08
3487,2016-11-30,Hickory,North Carolina,Technology,Phones,36.192,1,2.7143999999999995,2016-11
3494,2017-09-24,Saint Cloud,Minnesota,Technology,Accessories,72.0,4,12.959999999999994,2017-09
3500,2016-09-29,Mobile,Alabama,Technology,Accessories,209.97,3,71.3898,2016-09
3504,2017-04-10,Austin,Texas,Technology,Accessories,95.736,3,20.3439,2017-04
3506,2014-06-20,Plano,Texas,Technology,Phones,201.584,2,20.15840000000001,2014-06
3511,2014-06-20,Plano,Texas,Technology,Machines,418.8,2,-97.71999999999996,2014-06
3516,2016-12-20,Jackson,Mississippi,Technology,Accessories,66.30000000000001,3,8.619000000000003,2016-12
3518,2016-08-09,Fayetteville,North Carolina,Technology,Phones,44.784,2,4.478399999999999,2016-08
3523,2016-11-21,Des Moines,Iowa,Technology,Phones,404.94,3,109.33379999999998,2016-11
3524,2016-09-05,San Diego,California,Technology,Accessories,116.0,8,29.0,2016-09
3525,2016-11-24,Dallas,Texas,Technology,Phones,657.5520000000001,6,49.31639999999999,2016-11
3527,2017-12-10,Jackson,Mississippi,Technology,Phones,38.97,3,0.7794000000000008,2017-12
3529,2016-06-24,San Diego,California,Technology,Phones,38.24,4,-9.56,2016-06
3530,2015-09-17,Orlando,Florida,Technology,Accessories,87.168,3,10.895999999999988,2015-09
3533,2014-04-18,Los Angeles,California,Technology,Machines,287.968,4,97.1892,2014-04
3553,2016-03-29,Chicago,Illinois,Technology,Phones,812.736,8,60.95519999999996,2016-03
3556,2014-03-23,Los Angeles,California,Technology,Phones,604.752,6,37.797000000000025,2014-03
3560,2017-11-07,San Francisco,California,Technology,Accessories,439.8,4,145.134,2017-11
3569,2017-07-03,Seattle,Washington,Technology,Accessories,59.98,2,26.391200000000005,2017-07
3572,2017-07-03,Seattle,Washington,Technology,Phones,7.992000000000001,1,2.6973,2017-07
3598,2014-09-09,Philadelphia,Pennsylvania,Technology,Accessories,64.70400000000001,6,-4.852800000000002,2014-09
3600,2014-09-09,Philadelphia,Pennsylvania,Technology,Phones,135.516,1,-31.620400000000004,2014-09
3601,2017-06-26,Denver,Colorado,Technology,Accessories,431.92800000000005,9,64.78919999999995,2017-06
3612,2016-11-29,Dallas,Texas,Technology,Accessories,58.416,2,16.794600000000003,2016-11
3614,2015-12-03,Philadelphia,Pennsylvania,Technology,Accessories,36.784,2,10.5754,2015-12
3619,2017-09-04,Los Angeles,California,Technology,Phones,5.5600000000000005,1,1.7374999999999998,2017-09
3622,2016-09-22,Smyrna,Tennessee,Technology,Phones,63.93600000000001,8,5.5944,2016-09
3628,2017-05-19,San Francisco,California,Technology,Accessories,36.32,1,10.895999999999995,2017-05
3635,2016-11-10,Springfield,Ohio,Technology,Phones,41.958,7,-9.7902,2016-11
3641,2016-11-10,Springfield,Ohio,Technology,Accessories,178.92000000000002,7,-29.074500000000008,2016-11
3651,2017-12-09,Detroit,Michigan,Technology,Accessories,104.88,6,41.952000000000005,2017-12
3657,2017-09-08,Dublin,Ohio,Technology,Accessories,9.096,1,1.7054999999999998,2017-09
3662,2016-06-13,Jackson,Michigan,Technology,Phones,377.97,3,94.4925,2016-06
3667,2014-12-08,Salem,Oregon,Technology,Phones,52.67999999999999,3,19.755,2014-12
3691,2015-10-30,Denver,Colorado,Technology,Machines,59.99400000000001,2,-45.9954,2015-10
3692,2015-10-30,Denver,Colorado,Technology,Copiers,439.992,1,164.997,2015-10
3693,2015-10-30,Denver,Colorado,Technology,Phones,87.96,5,30.786,2015-10
3700,2017-11-13,Yonkers,New York,Technology,Accessories,163.96,4,70.50280000000001,2017-11
3710,2014-11-23,Mesquite,Texas,Technology,Accessories,5.5440000000000005,7,1.663200000000001,2014-11
3713,2017-04-21,Seattle,Washington,Technology,Accessories,11.54,1,3.462,2017-04
3719,2016-09-19,Columbus,Georgia,Technology,Accessories,249.95,5,107.4785,2016-09
3732,2015-09-18,Clinton,Maryland,Technology,Phones,499.99,1,129.99740000000003,2015-09
3737,2016-03-17,Newark,Delaware,Technology,Phones,129.98,2,62.3904,2016-03
3739,2016-12-09,Jackson,Michigan,Technology,Phones,10.9,1,3.0520000000000005,2016-12
3740,2016-12-09,Jackson,Michigan,Technology,Accessories,59.98,2,25.1916,2016-12
3768,2015-12-08,Houston,Texas,Technology,Phones,119.96,5,11.996000000000002,2015-12
3773,2014-08-06,Columbia,South Carolina,Technology,Accessories,62.91,3,22.6476,2014-08
3775,2014-04-11,Miami,Florida,Technology,Accessories,383.97600000000006,3,81.59490000000001,2014-04
3777,2014-04-11,Miami,Florida,Technology,Accessories,335.944,7,41.993,2014-04
3779,2017-11-30,Miami,Florida,Technology,Phones,71.976,3,8.99699999999999,2017-11
3781,2014-11-16,Manhattan,Kansas,Technology,Phones,273.96,2,10.958399999999983,2014-11
3782,2015-07-09,Philadelphia,Pennsylvania,Technology,Phones,269.982,3,40.4973,2015-07
3785,2017-07-31,Fort Lauderdale,Florida,Technology,Accessories,41.42400000000001,2,8.284799999999997,2017-07
3802,2016-10-14,Jacksonville,North Carolina,Technology,Accessories,22.704,1,5.9598,2016-10
3811,2015-11-12,Plantation,Florida,Technology,Phones,100.792,1,10.079200000000007,2015-11
3815,2016-07-08,Jacksonville,Florida,Technology,Phones,823.9600000000002,5,51.49749999999997,2016-07
3818,2015-09-15,Mobile,Alabama,Technology,Phones,59.97,3,0.0,2015-09
3838,2014-07-26,North Las Vegas,Nevada,Technology,Phones,911.984,2,113.9979999999999,2014-07
3841,2014-07-26,North Las Vegas,Nevada,Technology,Accessories,170.97,3,70.0977,2014-07
3850,2017-09-22,Fayetteville,Arkansas,Technology,Accessories,34.95,5,15.378000000000004,2017-09
3857,2017-10-23,San Antonio,Texas,Technology,Phones,823.9600000000002,5,51.49749999999997,2017-10
3859,2014-12-20,Thornton,Colorado,Technology,Accessories,447.944,7,89.58879999999999,2014-12
3861,2017-02-17,Chicago,Illinois,Technology,Phones,124.79200000000002,1,10.919299999999996,2017-02
3866,2014-07-27,San Francisco,California,Technology,Accessories,238.0,2,38.08000000000001,2014-07
3867,2017-04-23,Lawrence,Indiana,Technology,Accessories,155.34,6,55.9224,2017-04
3868,2015-10-23,San Diego,California,Technology,Accessories,148.32,9,63.77760000000001,2015-10
3876,2016-09-05,Johnson City,Tennessee,Technology,Phones,108.784,2,6.799000000000007,2016-09
3887,2016-03-03,Bloomington,Indiana,Technology,Phones,134.85000000000002,3,37.758,2016-03
3889,2014-06-02,Roswell,Georgia,Technology,Phones,239.97,3,67.1916,2014-06
3894,2016-11-10,Houston,Texas,Technology,Accessories,279.944,7,48.9902,2016-11
3896,2017-05-01,Texarkana,Arkansas,Technology,Accessories,48.9,5,18.093,2017-05
3900,2017-12-07,Toledo,Ohio,Technology,Accessories,127.984,2,25.5968,2017-12
3902,2015-11-14,Philadelphia,Pennsylvania,Technology,Accessories,47.984,2,-1.199600000000002,2015-11
3908,2015-04-05,Philadelphia,Pennsylvania,Technology,Phones,14.85,5,-3.2175,2015-04
3909,2015-04-05,Philadelphia,Pennsylvania,Technology,Phones,41.988,2,-9.797200000000004,2015-04
3912,2017-06-05,Pearland,Texas,Technology,Phones,470.3760000000001,3,52.91729999999996,2017-06
3922,2016-06-28,Chicago,Illinois,Technology,Phones,359.97600000000006,3,35.997600000000006,2016-06
3933,2016-08-26,Philadelphia,Pennsylvania,Technology,Accessories,47.984,2,13.1956,2016-08
3936,2017-09-02,Bakersfield,California,Technology,Phones,201.584,2,12.599000000000004,2017-09
3953,2016-03-01,Denver,Colorado,Technology,Phones,159.984,2,13.998599999999987,2016-03
3962,2015-10-19,Detroit,Michigan,Technology,Phones,149.95,5,44.98499999999999,2015-10
3979,2017-10-02,Seattle,Washington,Technology,Phones,84.784,2,-20.13620000000001,2017-10
4002,2014-10-11,Seattle,Washington,Technology,Accessories,345.0,5,58.649999999999984,2014-10
4004,2016-03-03,San Antonio,Texas,Technology,Machines,287.91,3,33.58949999999999,2016-03
4008,2015-12-10,Roswell,Georgia,Technology,Accessories,101.94,6,21.4074,2015-12
4019,2015-08-23,Atlanta,Georgia,Technology,Accessories,251.91,9,47.86289999999998,2015-08
4022,2014-06-22,Chester,Pennsylvania,Technology,Phones,82.78200000000001,3,-15.176700000000004,2014-06
4025,2017-10-27,San Francisco,California,Technology,Phones,95.84,4,34.742,2017-10
4028,2017-08-11,Bedford,Texas,Technology,Phones,153.584,2,13.438599999999994,2017-08
4034,2016-09-26,Covington,Washington,Technology,Accessories,100.0,4,21.0,2016-09
4036,2016-12-12,Lorain,Ohio,Technology,Accessories,383.952,6,76.79039999999998,2016-12
4042,2014-12-29,San Francisco,California,Technology,Phones,191.976,3,19.197599999999994,2014-12
4059,2015-11-20,Oakland,California,Technology,Phones,72.74400000000001,7,-15.458100000000009,2015-11
4061,2016-11-01,Chicago,Illinois,Technology,Accessories,68.112,3,17.879399999999997,2016-11
4063,2016-03-10,Philadelphia,Pennsylvania,Technology,Accessories,39.992,1,7.498499999999996,2016-03
4069,2014-11-01,Charlotte,North Carolina,Technology,Phones,978.84,9,110.1194999999999,2014-11
4080,2015-12-21,Jacksonville,North Carolina,Technology,Phones,47.976,3,4.797600000000003,2015-12
4086,2016-08-04,Sacramento,California,Technology,Phones,302.384,2,30.238400000000013,2016-08
4095,2015-08-24,Florence,Kentucky,Technology,Accessories,79.96,4,18.3908,2015-08
4096,2015-08-24,Florence,Kentucky,Technology,Phones,587.97,3,170.51129999999998,2015-08
4105,2017-08-07,San Diego,California,Technology,Phones,159.96000000000004,5,17.99549999999998,2017-08
4110,2015-12-25,Detroit,Michigan,Technology,Phones,73.98,2,19.9746,2015-12
4115,2015-05-02,Houston,Texas,Technology,Phones,158.376,3,13.857900000000008,2015-05
4121,2017-09-04,Philadelphia,Pennsylvania,Technology,Accessories,19.040000000000003,4,-1.428,2017-09
4135,2014-09-08,Chesapeake,Virginia,Technology,Machines,209.97,3,90.2871,2014-09
4150,2017-10-23,Austin,Texas,Technology,Accessories,55.2,1,-2.070000000000004,2017-10
4157,2015-12-05,Philadelphia,Pennsylvania,Technology,Accessories,47.984,2,0.5997999999999966,2015-12
4161,2017-05-14,New York City,New York,Technology,Phones,539.97,3,134.9925,2017-05
4165,2017-01-14,Aurora,Colorado,Technology,Accessories,169.06400000000002,7,-14.793099999999995,2017-01
4177,2014-04-07,Columbia,South Carolina,Technology,Phones,629.9499999999999,5,163.78700000000003,2014-04
4182,2017-10-06,New York City,New York,Technology,Accessories,319.96,4,115.1856,2017-10
4186,2016-10-21,Baltimore,Maryland,Technology,Accessories,98.16,6,9.815999999999995,2016-10
4194,2015-11-16,Boise,Idaho,Technology,Phones,304.776,3,22.858199999999982,2015-11
4222,2017-06-11,Seattle,Washington,Technology,Machines,385.80000000000007,5,130.20749999999998,2017-06
4243,2016-04-04,Springfield,Virginia,Technology,Phones,149.97,3,5.9987999999999815,2016-04
4245,2014-03-26,Los Angeles,California,Technology,Accessories,66.30000000000001,3,8.619000000000003,2014-03
4252,2015-10-23,Lakeland,Florida,Technology,Phones,55.944,7,-13.286700000000002,2015-10
4254,2015-10-23,Lakeland,Florida,Technology,Phones,11.824,2,1.0346000000000006,2015-10
4262,2017-08-07,Moorhead,Minnesota,Technology,Accessories,63.96,4,19.8276,2017-08
4269,2016-11-05,Houston,Texas,Technology,Accessories,171.96,5,45.139500000000005,2016-11
4273,2017-07-21,Murray,Utah,Technology,Phones,71.92800000000001,9,6.293699999999998,2017-07
4287,2015-11-21,Port Arthur,Texas,Technology,Copiers,439.992,1,164.997,2015-11
4294,2017-03-10,Philadelphia,Pennsylvania,Technology,Phones,53.982,3,-10.796399999999997,2017-03
4306,2014-10-26,Seattle,Washington,Technology,Phones,383.96,5,38.396000000000015,2014-10
4309,2014-11-04,Los Angeles,California,Technology,Phones,666.344,7,66.63439999999997,2014-11
4313,2014-11-04,Los Angeles,California,Technology,Machines,447.9680000000001,4,139.98999999999995,2014-11
4320,2014-12-29,Albuquerque,New Mexico,Technology,Phones,23.976000000000003,3,-5.694300000000001,2014-12
4323,2015-02-14,Akron,Ohio,Technology,Phones,323.982,3,-80.99550000000002,2015-02
4326,2015-02-14,Akron,Ohio,Technology,Accessories,71.976,3,0.8996999999999957,2015-02
4332,2017-09-01,Redmond,Washington,Technology,Accessories,19.99,1,6.796599999999998,2017-09
4334,2015-12-21,Daytona Beach,Florida,Technology,Accessories,50.88,6,14.628000000000004,2015-12
4338,2015-11-27,Los Angeles,California,Technology,Accessories,107.97,3,22.6737,2015-11
4345,2017-03-19,San Francisco,California,Technology,Accessories,99.54,2,10.949399999999995,2017-03
4346,2017-03-19,San Francisco,California,Technology,Accessories,199.96,4,85.98280000000001,2017-03
4352,2017-04-11,Lancaster,Ohio,Technology,Accessories,27.12,2,-4.746000000000001,2017-04
4353,2017-12-10,Stockton,California,Technology,Phones,95.84,4,34.742,2017-12
4362,2017-02-17,Lafayette,Louisiana,Technology,Phones,29.160000000000004,3,8.456399999999999,2017-02
4374,2017-07-23,Elkhart,Indiana,Technology,Accessories,159.75,5,11.182499999999996,2017-07
4385,2015-07-20,Highland Park,Illinois,Technology,Phones,153.584,2,13.438599999999994,2015-07
4394,2016-09-08,Dallas,Texas,Technology,Phones,59.96000000000001,5,21.7355,2016-09
4397,2016-11-15,San Diego,California,Technology,Phones,361.376,2,27.1032,2016-11
4405,2015-07-05,Philadelphia,Pennsylvania,Technology,Accessories,34.800000000000004,3,2.174999999999999,2015-07
4413,2014-06-21,New York City,New York,Technology,Phones,617.97,3,160.6722,2014-06
4416,2014-11-29,San Francisco,California,Technology,Phones,575.92,2,71.98999999999998,2014-11
4425,2017-05-18,Sandy Springs,Georgia,Technology,Phones,34.75,5,15.6375,2017-05
4427,2017-05-18,Sandy Springs,Georgia,Technology,Phones,55.98,2,15.6744,2017-05
4441,2016-07-22,Westland,Michigan,Technology,Accessories,109.95,1,36.2835,2016-07
4462,2017-09-28,Aurora,Colorado,Technology,Accessories,54.38400000000001,2,1.359599999999995,2017-09
4473,2017-09-29,Mentor,Ohio,Technology,Accessories,239.976,3,65.99340000000001,2017-09
4492,2014-12-01,Columbus,Ohio,Technology,Copiers,659.9879999999999,2,109.998,2014-12
4504,2014-12-24,Los Angeles,California,Technology,Phones,173.65600000000003,7,17.365599999999993,2014-12
4506,2014-12-24,Los Angeles,California,Technology,Accessories,62.85,3,13.1985,2014-12
4507,2014-12-24,Los Angeles,California,Technology,Phones,818.3760000000001,3,51.148499999999984,2014-12
4521,2014-02-20,Richmond,Indiana,Technology,Accessories,62.31,3,22.4316,2014-02
4526,2017-07-17,Rome,New York,Technology,Phones,269.98,2,67.495,2017-07
4529,2017-09-08,Marion,Ohio,Technology,Accessories,116.832,4,33.589200000000005,2017-09
4540,2015-02-27,Providence,Rhode Island,Technology,Phones,105.98,2,1.0597999999999956,2015-02
4545,2015-07-12,Chicago,Illinois,Technology,Phones,148.48,2,16.703999999999986,2015-07
4546,2015-07-12,Chicago,Illinois,Technology,Phones,537.544,7,53.7544,2015-07
4550,2015-07-12,Chicago,Illinois,Technology,Phones,659.1680000000001,4,49.437599999999975,2015-07
4562,2015-12-04,Los Angeles,California,Technology,Phones,110.352,3,8.276399999999995,2015-12
4573,2017-07-17,Los Angeles,California,Technology,Copiers,479.984,2,89.99699999999999,2017-07
4581,2015-07-31,Hattiesburg,Mississippi,Technology,Accessories,239.7,6,105.46800000000002,2015-07
4592,2016-12-26,Los Angeles,California,Technology,Phones,302.384,2,30.238400000000013,2016-12
4606,2015-05-26,Jacksonville,North Carolina,Technology,Accessories,167.94400000000002,7,50.383200000000016,2015-05
4607,2015-05-28,Rochester,New York,Technology,Phones,45.99,1,13.3371,2015-05
4617,2015-09-04,Houston,Texas,Technology,Accessories,134.376,3,6.718800000000009,2015-09
4618,2015-09-21,Everett,Massachusetts,Technology,Phones,589.9,2,147.47500000000002,2015-09
4645,2015-08-02,Seattle,Washington,Technology,Machines,558.4,2,41.88000000000002,2015-08
4661,2015-05-03,Philadelphia,Pennsylvania,Technology,Accessories,27.552000000000003,3,-0.3444000000000047,2015-05
4668,2016-01-10,Seattle,Washington,Technology,Accessories,69.98,2,13.2962,2016-01
4673,2016-07-31,Detroit,Michigan,Technology,Phones,635.96,4,165.3496,2016-07
4674,2016-07-31,Detroit,Michigan,Technology,Phones,118.99,1,33.3172,2016-07
4683,2016-12-01,Raleigh,North Carolina,Technology,Phones,863.928,9,86.3928,2016-12
4688,2016-06-24,Richmond,Indiana,Technology,Phones,440.91,9,123.45480000000003,2016-06
4691,2014-12-20,Tucson,Arizona,Technology,Accessories,71.976,3,21.59280000000001,2014-12
4711,2017-06-29,Los Angeles,California,Technology,Accessories,62.31,3,22.4316,2017-06
4715,2017-05-18,Portland,Oregon,Technology,Phones,344.704,2,38.77919999999999,2017-05
4716,2015-05-12,Louisville,Colorado,Technology,Phones,201.584,2,20.15840000000001,2015-05
4730,2016-07-18,Dallas,Texas,Technology,Accessories,15.576,3,3.3099,2016-07
4733,2015-03-29,San Diego,California,Technology,Accessories,53.25,3,20.7675,2015-03
4738,2015-06-13,Lewiston,Maine,Technology,Accessories,67.98,2,14.955599999999995,2015-06
4751,2016-10-07,Spokane,Washington,Technology,Machines,837.5999999999999,3,62.82000000000005,2016-10
4752,2016-12-09,Franklin,Tennessee,Technology,Phones,40.68,3,-9.153000000000004,2016-12
4754,2015-12-12,Austin,Texas,Technology,Accessories,22.368,4,6.430800000000001,2015-12
4767,2015-03-09,San Antonio,Texas,Technology,Accessories,113.52,5,29.799,2015-03
4768,2015-03-09,San Antonio,Texas,Technology,Phones,359.88,3,22.492499999999996,2015-03
4772,2014-10-31,Avondale,Arizona,Technology,Phones,742.336,8,83.51279999999991,2014-10
4775,2017-11-23,Chicago,Illinois,Technology,Phones,222.384,2,16.678799999999995,2017-11
4788,2015-12-11,Colorado Springs,Colorado,Technology,Accessories,58.08,4,-6.533999999999995,2015-12
4800,2016-05-14,Jacksonville,Florida,Technology,Phones,43.6,5,4.360000000000001,2016-05
4804,2017-07-13,Philadelphia,Pennsylvania,Technology,Phones,39.594,1,-7.258900000000004,2017-07
4811,2015-12-27,Eau Claire,Wisconsin,Technology,Phones,239.9,2,71.97,2015-12
4822,2015-04-07,San Antonio,Texas,Technology,Accessories,383.952,6,47.99399999999997,2015-04
4824,2016-11-21,Columbus,Ohio,Technology,Machines,30.34500000000001,7,-24.276,2016-11
4840,2017-06-01,Dublin,Ohio,Technology,Phones,158.37599999999998,4,-34.31479999999999,2017-06
4847,2014-06-25,Salem,Oregon,Technology,Phones,263.96000000000004,5,19.797,2014-06
4865,2017-06-26,New York City,New York,Technology,Phones,239.97,3,67.1916,2017-06
4870,2017-11-24,Lancaster,Pennsylvania,Technology,Phones,89.98799999999999,2,-14.998000000000012,2017-11
4876,2014-12-02,Columbus,Ohio,Technology,Accessories,119.8,5,29.950000000000003,2014-12
4888,2016-11-28,Marietta,Georgia,Technology,Accessories,101.7,6,6.101999999999997,2016-11
4909,2014-11-18,Fairfield,Ohio,Technology,Phones,9.588,2,-2.0774,2014-11
4912,2017-01-14,Johnson City,Tennessee,Technology,Phones,111.984,2,6.999000000000006,2017-01
4920,2016-01-02,Gaithersburg,Maryland,Technology,Phones,231.98,2,67.27419999999998,2016-01
4925,2017-12-25,Huntsville,Alabama,Technology,Phones,90.48,2,23.5248,2017-12
4936,2015-03-15,Lehi,Utah,Technology,Phones,16.776000000000003,3,1.6776,2015-03
4954,2015-03-16,New York City,New York,Technology,Phones,85.9,2,2.576999999999998,2015-03
4960,2016-11-18,Los Angeles,California,Technology,Phones,61.192,1,6.119200000000001,2016-11
4966,2015-05-25,Columbia,Tennessee,Technology,Phones,467.04,4,58.37999999999994,2015-05
4967,2015-08-02,Providence,Rhode Island,Technology,Phones,128.85000000000002,3,3.865499999999997,2015-08
4969,2015-08-02,Providence,Rhode Island,Technology,Accessories,199.98,2,83.9916,2015-08
4976,2015-09-18,Jacksonville,Florida,Technology,Accessories,717.1200000000001,9,152.38799999999992,2015-09
4982,2016-12-09,Chicago,Illinois,Technology,Accessories,19.040000000000003,4,-1.428,2016-12
4991,2017-08-31,San Francisco,California,Technology,Phones,689.408,4,77.55839999999998,2017-08
4999,2016-01-31,Los Angeles,California,Technology,Phones,109.592,1,8.2194,2016-01
5001,2017-05-07,Los Angeles,California,Technology,Accessories,79.99,1,28.7964,2017-05
5005,2014-04-30,Jackson,Mississippi,Technology,Accessories,47.79,3,16.2486,2014-04
5015,2017-07-21,Cleveland,Ohio,Technology,Phones,210.564,6,-52.64099999999999,2017-07
5019,2014-11-15,Los Angeles,California,Technology,Accessories,772.47,3,146.76929999999993,2014-11
5022,2016-12-18,San Diego,California,Technology,Accessories,72.64,2,21.791999999999994,2016-12
5023,2016-12-18,San Diego,California,Technology,Accessories,772.47,3,146.76929999999993,2016-12
5026,2017-07-29,Oklahoma City,Oklahoma,Technology,Phones,461.97,3,133.97129999999996,2017-07
5029,2014-09-02,Chicago,Illinois,Technology,Accessories,239.976,3,53.994600000000005,2014-09
5037,2014-04-06,Seattle,Washington,Technology,Accessories,33.9,2,2.033999999999999,2014-04
5038,2017-11-17,Naperville,Illinois,Technology,Accessories,239.96000000000004,5,83.98599999999999,2017-11
5050,2014-03-31,Chicago,Illinois,Technology,Accessories,79.98400000000001,2,13.9972,2014-03
5054,2015-01-03,Dallas,Texas,Technology,Accessories,398.4,5,84.65999999999998,2015-01
5063,2015-05-08,Minneapolis,Minnesota,Technology,Phones,377.97,3,105.83160000000002,2015-05
5065,2017-09-22,Wilmington,Delaware,Technology,Phones,391.98,2,113.67419999999998,2017-09
5066,2017-11-30,Burlington,North Carolina,Technology,Accessories,383.97600000000006,3,81.59490000000001,2017-11
5073,2014-08-08,Trenton,Michigan,Technology,Phones,299.98,2,83.99440000000001,2014-08
5083,2016-09-08,Monroe,North Carolina,Technology,Accessories,35.168,4,8.352400000000001,2016-09
5087,2015-03-05,Philadelphia,Pennsylvania,Technology,Phones,466.158,7,-93.23159999999996,2015-03
5088,2015-03-05,Philadelphia,Pennsylvania,Technology,Accessories,10.312,1,-1.2890000000000006,2015-03
5096,2014-12-06,Chicago,Illinois,Technology,Phones,35.04,4,-7.0080000000000044,2014-12
5105,2015-03-26,Philadelphia,Pennsylvania,Technology,Accessories,16.776000000000003,3,5.0328,2015-03
5107,2015-09-19,Columbus,Georgia,Technology,Accessories,66.36,4,23.226,2015-09
5122,2014-04-04,Lafayette,Louisiana,Technology,Accessories,99.98,2,42.991400000000006,2014-04
5129,2014-09-14,New York City,New York,Technology,Phones,16.99,1,4.417399999999999,2014-09
5130,2014-09-14,New York City,New York,Technology,Phones,287.97,3,80.6316,2014-09
5133,2015-06-21,Deltona,Florida,Technology,Phones,107.976,3,37.79159999999999,2015-06
5141,2015-11-08,San Francisco,California,Technology,Accessories,119.9,2,43.164,2015-11
5157,2017-06-30,Chicago,Illinois,Technology,Phones,1001.584,2,125.19799999999992,2017-06
5160,2015-10-26,Peoria,Arizona,Technology,Phones,105.584,2,9.238600000000003,2015-10
5161,2015-10-26,Peoria,Arizona,Technology,Phones,68.72000000000001,2,-14.603000000000003,2015-10
5180,2015-04-13,Los Angeles,California,Technology,Phones,258.576,2,19.393200000000007,2015-04
5188,2015-09-13,Columbus,Indiana,Technology,Accessories,199.96,4,15.99679999999998,2015-09
5190,2017-11-14,Pasadena,Texas,Technology,Accessories,167.95200000000003,6,-27.2922,2017-11
5198,2014-05-10,Kent,Washington,Technology,Phones,43.6,5,4.360000000000001,2014-05
5201,2016-03-03,Round Rock,Texas,Technology,Phones,431.97600000000006,3,32.39820000000002,2016-03
5202,2016-03-03,Round Rock,Texas,Technology,Accessories,41.720000000000006,7,5.736499999999998,2016-03
5223,2017-05-18,Springfield,Missouri,Technology,Phones,114.95,5,2.2990000000000066,2017-05
5239,2014-09-20,Columbia,Maryland,Technology,Accessories,59.98,2,26.391200000000005,2014-09
5246,2016-08-02,Los Angeles,California,Technology,Phones,333.576,3,33.35760000000002,2016-08
5249,2017-11-03,Seattle,Washington,Technology,Accessories,43.5,3,10.875,2017-11
5251,2016-12-12,Columbus,Georgia,Technology,Accessories,249.95,5,19.99599999999997,2016-12
5261,2014-09-07,Houston,Texas,Technology,Phones,196.776,3,14.758199999999997,2014-09
5264,2014-09-07,Houston,Texas,Technology,Accessories,46.688,4,-2.918000000000003,2014-09
5269,2017-11-16,Yonkers,New York,Technology,Machines,52.44,4,24.122399999999995,2017-11
5276,2017-12-14,Fayetteville,Arkansas,Technology,Accessories,159.8,4,70.31200000000001,2017-12
5277,2017-12-14,Fayetteville,Arkansas,Technology,Accessories,44.75,5,8.502499999999994,2017-12
5280,2017-09-07,Milwaukee,Wisconsin,Technology,Accessories,13.48,1,1.8872,2017-09
5298,2017-07-27,Yonkers,New York,Technology,Phones,543.92,8,135.98000000000002,2017-07
5308,2016-02-21,Oceanside,New York,Technology,Phones,39.98,2,1.9989999999999952,2016-02
5329,2015-03-05,Houston,Texas,Technology,Phones,31.92,2,2.3939999999999984,2015-03
5341,2015-11-09,Oceanside,New York,Technology,Accessories,13.98,2,6.011400000000001,2015-11
5342,2015-11-09,Oceanside,New York,Technology,Accessories,899.95,5,53.99699999999996,2015-11
5344,2014-11-21,Dallas,Texas,Technology,Phones,267.96,5,16.747500000000016,2014-11
5345,2015-10-11,Rochester,New York,Technology,Accessories,31.95,1,2.2364999999999995,2015-10
5353,2016-09-06,Dallas,Texas,Technology,Phones,329.58400000000006,2,37.07819999999998,2016-09
5358,2014-08-05,San Francisco,California,Technology,Accessories,16.36,1,1.6359999999999992,2014-08
5366,2016-11-20,Houston,Texas,Technology,Phones,151.192,1,13.229299999999997,2016-11
5367,2017-06-10,Seattle,Washington,Technology,Phones,88.77600000000001,3,7.767900000000001,2017-06
5376,2017-05-27,Seattle,Washington,Technology,Accessories,98.16,6,9.815999999999995,2017-05
5381,2016-08-14,Los Angeles,California,Technology,Machines,105.552,6,35.6238,2016-08
5385,2017-06-26,Philadelphia,Pennsylvania,Technology,Phones,358.2,3,41.79000000000002,2017-06
5388,2017-02-18,Los Angeles,California,Technology,Phones,167.976,3,10.498500000000009,2017-02
5389,2017-02-18,Los Angeles,California,Technology,Accessories,109.53,3,47.0979,2017-02
5401,2017-09-21,Seattle,Washington,Technology,Accessories,71.98,2,15.1158,2017-09
5402,2017-09-21,Seattle,Washington,Technology,Accessories,79.98,2,26.3934,2017-09
5405,2016-02-22,Los Angeles,California,Technology,Phones,445.96,5,55.74499999999995,2016-02
5406,2016-02-22,Los Angeles,California,Technology,Accessories,36.24,1,15.2208,2016-02
5413,2017-09-18,Clovis,New Mexico,Technology,Accessories,101.34,3,8.107199999999992,2017-09
5414,2016-09-11,Wichita,Kansas,Technology,Phones,224.75,5,62.92999999999999,2016-09
5417,2017-09-23,Chicago,Illinois,Technology,Phones,39.984,2,-8.9964,2017-09
5420,2015-10-23,Houston,Texas,Technology,Phones,150.384,2,15.038400000000005,2015-10
5421,2016-03-31,Philadelphia,Pennsylvania,Technology,Phones,280.78200000000004,3,-60.836100000000016,2016-03
5422,2016-03-31,Philadelphia,Pennsylvania,Technology,Accessories,31.984,2,1.1993999999999998,2016-03
5436,2015-10-19,Los Angeles,California,Technology,Accessories,270.0,3,97.2,2015-10
5443,2015-04-17,New York City,New York,Technology,Accessories,99.6,1,36.852,2015-04
5447,2016-08-26,New York City,New York,Technology,Phones,33.0,6,8.25,2016-08
5448,2016-08-26,New York City,New York,Technology,Accessories,249.95,5,87.48249999999999,2016-08
5450,2014-09-12,Olathe,Kansas,Technology,Accessories,57.400000000000006,5,10.905999999999992,2014-09
5481,2017-10-08,San Diego,California,Technology,Phones,103.192,1,11.609099999999998,2017-10
5482,2017-10-08,San Diego,California,Technology,Accessories,36.0,2,6.479999999999997,2017-10
5483,2017-10-08,San Diego,California,Technology,Accessories,239.96,4,115.1808,2017-10
5488,2017-04-01,Jacksonville,Florida,Technology,Phones,23.976000000000003,3,-5.694300000000001,2017-04
5497,2017-06-12,Marion,Ohio,Technology,Accessories,63.92000000000001,2,19.176,2017-06
5500,2017-07-15,New York City,New York,Technology,Accessories,41.9,2,8.799,2017-07
5511,2017-05-15,Chicago,Illinois,Technology,Phones,11.12,2,3.475,2017-05
5514,2015-05-30,New York City,New York,Technology,Phones,239.97,3,2.399699999999981,2015-05
5516,2015-05-30,New York City,New York,Technology,Phones,128.85000000000002,3,3.865499999999997,2015-05
5522,2017-12-04,Philadelphia,Pennsylvania,Technology,Accessories,255.968,4,-28.796399999999984,2017-12
5529,2015-03-31,Jacksonville,Florida,Technology,Phones,79.96,5,27.985999999999997,2015-03
5532,2016-06-06,Little Rock,Arkansas,Technology,Accessories,179.94,6,75.57480000000001,2016-06
5533,2016-06-06,Little Rock,Arkansas,Technology,Accessories,26.85,3,5.101499999999997,2016-06
5534,2016-06-06,Little Rock,Arkansas,Technology,Accessories,323.37,3,129.348,2016-06
5548,2017-09-07,Draper,Utah,Technology,Phones,126.56,4,47.46,2017-09
5550,2014-11-28,San Francisco,California,Technology,Accessories,139.92999999999998,7,34.98249999999999,2014-11
5553,2014-11-12,Houston,Texas,Technology,Accessories,79.51200000000001,3,20.8719,2014-11
5566,2017-03-13,Chicago,Illinois,Technology,Machines,209.986,2,8.99939999999998,2017-03
5571,2017-03-13,Chicago,Illinois,Technology,Phones,34.36000000000001,1,-7.301500000000002,2017-03
5575,2014-12-05,Columbus,Ohio,Technology,Phones,36.738,1,-9.184500000000003,2014-12
5576,2014-12-05,Columbus,Ohio,Technology,Phones,179.93999999999997,2,-44.985,2014-12
5586,2017-11-30,New York City,New York,Technology,Phones,546.0600000000001,3,163.81799999999998,2017-11
5595,2017-09-24,Lawrence,Massachusetts,Technology,Phones,391.98,2,109.75440000000005,2017-09
5596,2017-09-24,Lawrence,Massachusetts,Technology,Phones,437.85,3,131.35499999999996,2017-09
5602,2014-10-03,Columbus,Ohio,Technology,Accessories,142.488,3,-3.5622000000000043,2014-10
5611,2015-10-05,Cincinnati,Ohio,Technology,Accessories,53.040000000000006,3,-4.640999999999998,2015-10
5620,2016-09-25,La Crosse,Wisconsin,Technology,Accessories,499.95,5,174.9825,2016-09
5624,2016-10-24,Los Angeles,California,Technology,Accessories,100.0,4,21.0,2016-10
5625,2016-10-24,Los Angeles,California,Technology,Accessories,359.98,2,21.598799999999983,2016-10
5631,2014-02-11,Chesapeake,Virginia,Technology,Accessories,234.45,3,103.15800000000004,2014-02
5637,2017-09-03,La Mesa,California,Technology,Accessories,284.97,3,85.49099999999996,2017-09
5658,2016-12-18,Salem,Oregon,Technology,Accessories,112.776,3,-8.458199999999998,2016-12
5661,2016-12-18,Salem,Oregon,Technology,Phones,28.68,3,-7.17,2016-12
5670,2016-06-11,Seattle,Washington,Technology,Accessories,389.97,3,132.58980000000005,2016-06
5672,2015-06-09,Pocatello,Idaho,Technology,Phones,140.376,3,8.773500000000006,2015-06
5676,2014-05-28,Seattle,Washington,Technology,Phones,57.40800000000001,6,5.740800000000002,2014-05
5677,2014-05-28,Seattle,Washington,Technology,Accessories,27.6,4,2.2079999999999984,2014-05
5693,2015-12-10,Baltimore,Maryland,Technology,Phones,134.99,1,36.4473,2015-12
5702,2016-11-24,Cleveland,Ohio,Technology,Accessories,139.96000000000004,5,-22.743500000000004,2016-11
5705,2014-12-14,Marion,Ohio,Technology,Accessories,263.96,1,42.893499999999975,2014-12
5713,2017-07-31,Chicago,Illinois,Technology,Phones,36.792,1,4.139099999999999,2017-07
5714,2014-03-01,New York City,New York,Technology,Phones,5.94,3,1.6038,2014-03
5716,2015-10-09,Ann Arbor,Michigan,Technology,Accessories,619.9499999999999,5,111.59099999999997,2015-10
5717,2015-10-09,Ann Arbor,Michigan,Technology,Phones,29.160000000000004,3,8.456399999999999,2015-10
5722,2015-11-14,Springfield,Oregon,Technology,Accessories,91.17600000000002,3,4.558799999999994,2015-11
5723,2015-11-14,Springfield,Oregon,Technology,Accessories,159.96800000000002,4,29.993999999999986,2015-11
5727,2015-05-04,Houston,Texas,Technology,Phones,946.344,7,118.29299999999988,2015-05
5728,2017-12-08,Madison,Wisconsin,Technology,Accessories,178.11,3,32.0598,2017-12
5742,2017-03-28,Fairfield,California,Technology,Machines,532.72,2,53.27199999999999,2017-03
5747,2016-12-08,Greenville,North Carolina,Technology,Phones,249.58400000000003,2,31.197999999999983,2016-12
5748,2016-12-08,Greenville,North Carolina,Technology,Accessories,68.112,3,17.879399999999997,2016-12
5749,2016-12-08,Greenville,North Carolina,Technology,Accessories,16.560000000000002,3,-2.4840000000000018,2016-12
5750,2017-11-18,Long Beach,New York,Technology,Phones,74.95,5,36.7255,2017-11
5759,2015-11-22,Hialeah,Florida,Technology,Machines,32.985,3,-1.9791000000000023,2015-11
5766,2014-11-08,Redding,California,Technology,Phones,333.576,3,25.018199999999997,2014-11
5768,2017-09-08,Houston,Texas,Technology,Accessories,85.2,6,20.235,2017-09
5781,2015-04-02,Los Angeles,California,Technology,Machines,71.976,3,24.2919,2015-04
5801,2014-07-11,El Paso,Texas,Technology,Phones,575.9680000000001,4,43.19760000000002,2014-07
5803,2015-03-22,Thousand Oaks,California,Technology,Phones,15.984000000000002,2,1.1988000000000003,2015-03
5815,2015-06-15,Tampa,Florida,Technology,Accessories,11.672,1,-0.7295000000000007,2015-06
5816,2014-11-26,Utica,New York,Technology,Phones,279.96,4,78.3888,2014-11
5832,2015-07-18,San Diego,California,Technology,Accessories,519.96,4,176.7864,2015-07
5837,2015-06-09,Miami,Florida,Technology,Accessories,72.6,5,-8.167499999999993,2015-06
5838,2017-11-27,Los Angeles,California,Technology,Phones,57.568,4,5.756800000000002,2017-11
5842,2015-11-17,San Diego,California,Technology,Phones,415.9680000000001,4,51.99599999999998,2015-11
5887,2014-10-16,San Francisco,California,Technology,Accessories,179.97,3,86.38560000000001,2014-10
5893,2016-11-21,Chicago,Illinois,Technology,Accessories,81.57600000000001,3,2.039399999999993,2016-11
5899,2016-04-03,Richmond,Indiana,Technology,Phones,259.96,4,124.7808,2016-04
5907,2017-11-06,San Francisco,California,Technology,Accessories,16.95,1,1.0169999999999997,2017-11
5920,2015-09-17,New York City,New York,Technology,Phones,209.97,3,58.7916,2015-09
5923,2015-09-17,New York City,New York,Technology,Phones,67.8,4,1.3559999999999943,2015-09
5934,2017-07-07,Philadelphia,Pennsylvania,Technology,Accessories,16.776000000000003,3,4.8231,2017-07
5935,2017-07-07,Philadelphia,Pennsylvania,Technology,Accessories,527.92,2,85.78699999999995,2017-07
5937,2016-07-04,Seattle,Washington,Technology,Phones,177.48000000000002,3,19.966499999999986,2016-07
5938,2016-07-04,Seattle,Washington,Technology,Phones,71.976,3,8.99699999999999,2016-07
5939,2017-05-19,Plano,Texas,Technology,Phones,95.992,1,9.5992,2017-05
5943,2016-08-06,Los Angeles,California,Technology,Phones,211.168,4,18.47720000000001,2016-08
5945,2014-08-25,Los Angeles,California,Technology,Accessories,95.1,5,30.431999999999995,2014-08
5950,2017-03-05,Southaven,Mississippi,Technology,Accessories,299.97,3,125.9874,2017-03
5962,2014-11-11,Los Angeles,California,Technology,Phones,575.928,9,57.59279999999998,2014-11
5967,2017-08-20,San Francisco,California,Technology,Phones,107.88,3,10.787999999999997,2017-08
5992,2017-09-15,Los Angeles,California,Technology,Phones,369.544,7,32.335100000000025,2017-09
6007,2017-12-11,New Bedford,Massachusetts,Technology,Phones,128.85000000000002,3,3.865499999999997,2017-12
6013,2015-12-30,Los Angeles,California,Technology,Phones,287.88,3,35.985,2015-12
6022,2016-08-13,Kenner,Louisiana,Technology,Accessories,71.98,2,15.1158,2016-08
6024,2017-04-24,Providence,Rhode Island,Technology,Accessories,69.98,2,4.898600000000002,2017-04
6028,2017-02-23,Seattle,Washington,Technology,Phones,71.96,5,25.186,2017-02
6041,2017-09-24,Los Angeles,California,Technology,Phones,859.2,3,75.18000000000006,2017-09
6042,2017-09-24,Los Angeles,California,Technology,Machines,506.28,3,177.19799999999998,2017-09
6060,2014-12-30,Philadelphia,Pennsylvania,Technology,Accessories,27.968000000000004,2,6.992000000000001,2014-12
6070,2017-05-20,Lakewood,California,Technology,Machines,343.20000000000005,1,38.60999999999996,2017-05
6078,2016-09-01,New York City,New York,Technology,Accessories,72.48,2,30.4416,2016-09
6085,2016-11-22,Houston,Texas,Technology,Accessories,24.032,2,-0.6008000000000004,2016-11
6092,2017-09-20,New York City,New York,Technology,Accessories,212.8,2,95.76,2017-09
6094,2017-09-20,New York City,New York,Technology,Accessories,72.64,2,21.791999999999994,2017-09
6103,2017-09-20,New York City,New York,Technology,Phones,104.85,3,28.309500000000007,2017-09
6104,2017-09-20,New York City,New York,Technology,Accessories,59.97,3,20.389799999999997,2017-09
6108,2014-12-20,Grand Prairie,Texas,Technology,Accessories,65.44,5,-8.180000000000003,2014-12
6119,2017-09-19,Springfield,Oregon,Technology,Phones,191.976,3,19.197599999999994,2017-09
6125,2017-06-03,Los Angeles,California,Technology,Accessories,44.75,5,8.502499999999994,2017-06
6130,2017-03-26,Virginia Beach,Virginia,Technology,Accessories,53.25,3,20.7675,2017-03
6136,2015-10-18,Mcallen,Texas,Technology,Accessories,27.696,3,3.462,2015-10
6143,2017-07-09,Manchester,Connecticut,Technology,Phones,257.98,2,74.8142,2017-07
6149,2016-06-27,San Francisco,California,Technology,Phones,201.584,2,12.599000000000004,2016-06
6161,2014-03-19,Lakeland,Florida,Technology,Phones,323.97600000000006,3,28.34789999999998,2014-03
6167,2014-03-19,Lakeland,Florida,Technology,Accessories,170.24,2,53.19999999999999,2014-03
6174,2014-08-02,Springfield,Missouri,Technology,Accessories,21.2,2,9.116,2014-08
6181,2015-09-21,Columbia,South Carolina,Technology,Phones,629.9499999999999,5,176.38600000000002,2015-09
6182,2015-09-21,Columbia,South Carolina,Technology,Phones,113.73,3,32.98169999999999,2015-09
6190,2017-04-04,Des Plaines,Illinois,Technology,Phones,383.84,4,47.97999999999999,2017-04
6196,2017-10-21,Philadelphia,Pennsylvania,Technology,Phones,329.988,2,-76.99720000000002,2017-10
6199,2015-11-13,Columbus,Indiana,Technology,Phones,50.97,3,13.252199999999997,2015-11
6202,2015-04-16,Evanston,Illinois,Technology,Accessories,43.56,3,-4.900499999999997,2015-04
6204,2016-10-21,Columbus,Ohio,Technology,Phones,235.152,8,-47.03039999999999,2016-10
6218,2015-07-27,Louisville,Kentucky,Technology,Phones,29.97,3,0.2996999999999996,2015-07
6219,2016-10-20,Trenton,Michigan,Technology,Phones,125.7,6,35.196,2016-10
6220,2016-10-20,Trenton,Michigan,Technology,Phones,191.98,2,51.8346,2016-10
6228,2014-11-02,Irving,Texas,Technology,Phones,88.77600000000001,3,7.767900000000001,2014-11
6229,2016-01-22,Cleveland,Ohio,Technology,Phones,110.376,4,-20.235600000000005,2016-01
6230,2016-01-22,Cleveland,Ohio,Technology,Accessories,55.176,3,15.8631,2016-01
6236,2017-09-11,Seattle,Washington,Technology,Phones,79.96,5,-17.991000000000003,2017-09
6247,2015-11-20,Seattle,Washington,Technology,Accessories,13.98,2,6.011400000000001,2015-11
6254,2014-04-07,Marietta,Georgia,Technology,Phones,200.97,3,50.24250000000001,2014-04
6268,2015-10-01,Cambridge,Massachusetts,Technology,Phones,311.98,2,93.594,2015-10
6270,2017-12-02,Oakland,California,Technology,Phones,39.992,1,-7.998400000000007,2017-12
6273,2017-12-11,Palatine,Illinois,Technology,Accessories,116.312,7,23.262400000000003,2017-12
6275,2016-07-17,Seattle,Washington,Technology,Accessories,428.4,3,89.964,2016-07
6279,2016-07-17,Seattle,Washington,Technology,Phones,20.784,2,-4.6764,2016-07
6287,2016-10-24,Lebanon,Tennessee,Technology,Phones,239.976,3,17.998199999999997,2016-10
6293,2015-04-22,Los Angeles,California,Technology,Phones,88.77600000000001,3,7.767900000000001,2015-04
6303,2017-11-23,Dallas,Texas,Technology,Phones,195.96000000000004,5,19.596000000000014,2017-11
6314,2017-02-16,Fairfield,Connecticut,Technology,Phones,14.99,1,7.3451,2017-02
6319,2017-11-25,Laguna Niguel,California,Technology,Phones,39.96000000000001,5,3.4964999999999997,2017-11
6324,2014-06-17,Newark,Delaware,Technology,Machines,65.97,3,31.0059,2014-06
6338,2016-08-30,Los Angeles,California,Technology,Phones,339.96000000000004,5,42.49499999999995,2016-08
6339,2017-10-05,New York City,New York,Technology,Phones,87.8,4,43.9,2017-10
6343,2015-03-07,Newark,Delaware,Technology,Accessories,119.85,3,52.73400000000001,2015-03
6346,2015-03-07,Newark,Delaware,Technology,Phones,587.97,3,170.51129999999998,2015-03
6352,2017-11-03,Miami,Florida,Technology,Phones,361.376,2,27.1032,2017-11
6355,2015-09-06,New York City,New York,Technology,Phones,337.98,2,101.39399999999998,2015-09
6360,2017-01-23,Seattle,Washington,Technology,Phones,86.352,6,8.635200000000001,2017-01
6366,2017-04-04,New York City,New York,Technology,Phones,41.22,1,11.1294,2017-04
6368,2017-04-04,New York City,New York,Technology,Phones,119.02,2,33.32560000000001,2017-04
6374,2017-10-03,New York City,New York,Technology,Accessories,371.97,3,66.95459999999997,2017-10
6379,2017-04-10,Waterbury,Connecticut,Technology,Accessories,99.99,1,41.9958,2017-04
6383,2016-03-29,Springfield,Ohio,Technology,Phones,158.37599999999998,4,-36.95439999999999,2016-03
6385,2017-01-15,Austin,Texas,Technology,Accessories,47.984,2,14.395200000000004,2017-01
6386,2017-01-15,Austin,Texas,Technology,Accessories,62.592,8,13.3008,2017-01
6405,2015-11-30,Raleigh,North Carolina,Technology,Phones,177.48000000000002,3,19.966499999999986,2015-11
6411,2017-05-14,Houston,Texas,Technology,Phones,7.992000000000001,1,0.6993,2017-05
6414,2017-08-17,Louisville,Kentucky,Technology,Accessories,98.16,6,9.815999999999995,2017-08
6417,2016-03-08,Philadelphia,Pennsylvania,Technology,Phones,108.576,4,-25.3344,2016-03
6423,2014-07-26,Draper,Utah,Technology,Accessories,111.93,7,34.6983,2014-07
6429,2016-05-23,Philadelphia,Pennsylvania,Technology,Phones,122.382,3,-24.4764,2016-05
6435,2015-03-30,Chicago,Illinois,Technology,Phones,180.96,5,13.571999999999996,2015-03
6438,2017-05-27,Pocatello,Idaho,Technology,Phones,302.376,3,22.678200000000015,2017-05
6453,2015-12-19,Glenview,Illinois,Technology,Phones,158.376,3,13.857900000000008,2015-12
6457,2014-08-05,New York City,New York,Technology,Phones,135.99,1,36.71730000000001,2014-08
6462,2017-05-14,Baltimore,Maryland,Technology,Accessories,89.97,3,18.893699999999995,2017-05
6467,2017-05-22,Los Angeles,California,Technology,Accessories,68.46,7,25.3302,2017-05
6469,2016-12-02,Providence,Rhode Island,Technology,Phones,629.9499999999999,5,176.38600000000002,2016-12
6471,2015-08-29,Detroit,Michigan,Technology,Phones,131.98,2,35.634600000000006,2015-08
6472,2015-08-29,Detroit,Michigan,Technology,Accessories,114.52,7,11.451999999999996,2015-08
6478,2017-06-03,Pembroke Pines,Florida,Technology,Accessories,205.992,1,-2.574900000000028,2017-06
6480,2017-06-03,Pembroke Pines,Florida,Technology,Phones,503.96,5,50.396000000000015,2017-06
6483,2017-06-03,Pembroke Pines,Florida,Technology,Accessories,110.4,2,-4.140000000000008,2017-06
6485,2017-06-03,New York City,New York,Technology,Machines,78.66,6,36.18359999999999,2017-06
6494,2016-11-20,Orlando,Florida,Technology,Phones,244.768,4,24.476800000000004,2016-11
6495,2017-10-28,Houston,Texas,Technology,Accessories,24.0,2,-2.6999999999999997,2017-10
6497,2017-10-28,Houston,Texas,Technology,Accessories,26.176,2,-3.272000000000002,2017-10
6503,2014-11-02,Medina,Ohio,Technology,Phones,50.232,7,-10.046400000000002,2014-11
6515,2017-03-06,San Francisco,California,Technology,Phones,206.384,2,23.2182,2017-03
6525,2016-07-07,Philadelphia,Pennsylvania,Technology,Phones,59.99399999999999,1,-12.998700000000008,2016-07
6533,2017-12-04,Rochester,Minnesota,Technology,Accessories,142.8,1,29.988,2017-12
6534,2017-12-04,Rochester,Minnesota,Technology,Accessories,399.95,5,143.982,2017-12
6539,2015-10-25,Newark,Delaware,Technology,Phones,158.99,1,41.3374,2015-10
6543,2017-11-16,Seattle,Washington,Technology,Phones,107.88,3,10.787999999999997,2017-11
6554,2014-10-20,Chicago,Illinois,Technology,Accessories,319.968,4,71.9928,2014-10
6572,2014-04-18,Houston,Texas,Technology,Accessories,227.976,3,28.49699999999996,2014-04
6575,2016-11-25,Plainfield,New Jersey,Technology,Machines,319.92,8,118.37040000000002,2016-11
6578,2015-12-06,Arlington,Virginia,Technology,Phones,173.94,6,50.44259999999998,2015-12
6579,2014-08-25,Seattle,Washington,Technology,Phones,1007.9440000000002,7,75.5958,2014-08
6583,2016-08-07,Edmonds,Washington,Technology,Accessories,179.97,3,86.38560000000001,2016-08
6585,2017-07-21,Salem,Virginia,Technology,Phones,271.96,4,67.99000000000001,2017-07
6593,2015-04-30,San Francisco,California,Technology,Phones,19.8,5,1.7325,2015-04
6607,2016-05-26,Santa Ana,California,Technology,Phones,211.168,4,23.756399999999985,2016-05
6609,2016-05-26,Santa Ana,California,Technology,Machines,371.97600000000006,3,116.24249999999996,2016-05
6614,2015-04-21,Louisville,Kentucky,Technology,Phones,469.95,5,131.586,2015-04
6634,2016-10-24,San Francisco,California,Technology,Accessories,199.99,1,85.99570000000001,2016-10
6636,2017-05-06,Charlotte,North Carolina,Technology,Phones,627.1680000000001,4,70.55639999999994,2017-05
6642,2017-08-05,Indianapolis,Indiana,Technology,Accessories,79.78,2,29.5186,2017-08
6644,2015-08-10,Redmond,Oregon,Technology,Phones,438.36800000000005,4,38.357200000000006,2015-08
6645,2015-08-10,Redmond,Oregon,Technology,Phones,139.94400000000002,7,-31.4874,2015-08
6650,2017-09-08,Arlington,Texas,Technology,Copiers,319.98400000000004,2,107.9946,2017-09
6655,2017-02-20,Gilbert,Arizona,Technology,Phones,333.576,3,25.018199999999997,2017-02
6656,2017-02-20,Gilbert,Arizona,Technology,Accessories,31.992000000000004,1,4.798799999999996,2017-02
6670,2017-05-12,Vineland,New Jersey,Technology,Accessories,87.4,5,34.96000000000001,2017-05
6676,2015-11-21,Lawrence,Indiana,Technology,Machines,83.9,2,22.65300000000001,2015-11
6678,2015-11-21,Lawrence,Indiana,Technology,Accessories,393.54,3,165.28680000000003,2015-11
6689,2017-03-10,San Francisco,California,Technology,Accessories,111.96,4,21.27239999999999,2017-03
6695,2016-08-26,Franklin,Wisconsin,Technology,Accessories,47.97,3,14.870699999999998,2016-08
6704,2015-06-23,Long Beach,California,Technology,Phones,217.58400000000003,2,19.03860000000001,2015-06
6706,2015-06-23,Long Beach,California,Technology,Phones,143.976,3,8.998500000000007,2015-06
6707,2016-09-10,Fort Lauderdale,Florida,Technology,Phones,519.68,7,58.46399999999997,2016-09
6715,2017-12-14,Skokie,Illinois,Technology,Accessories,39.264,3,-4.908000000000003,2017-12
6721,2017-09-19,Los Angeles,California,Technology,Accessories,149.95,5,31.489499999999992,2017-09
6745,2017-06-16,Dublin,Ohio,Technology,Accessories,479.952,6,107.9892,2017-06
6747,2017-11-13,New York City,New York,Technology,Phones,629.9499999999999,5,163.78700000000003,2017-11
6750,2017-12-11,New York City,New York,Technology,Phones,116.98,2,29.245000000000005,2017-12
6758,2017-09-15,Lakewood,New Jersey,Technology,Phones,395.94,6,102.94440000000002,2017-09
6778,2017-01-28,New York City,New York,Technology,Accessories,449.91,9,157.46849999999998,2017-01
6795,2015-11-16,Chicago,Illinois,Technology,Phones,239.976,3,26.997299999999967,2015-11
6802,2016-12-25,Phoenix,Arizona,Technology,Accessories,45.120000000000005,3,-7.896000000000001,2016-12
6803,2016-12-25,Phoenix,Arizona,Technology,Accessories,100.8,2,21.42,2016-12
6805,2014-10-05,Pomona,California,Technology,Accessories,99.98,2,34.992999999999995,2014-10
6811,2017-09-14,Philadelphia,Pennsylvania,Technology,Machines,12.585000000000004,1,-18.0385,2017-09
6831,2016-12-24,New York City,New York,Technology,Phones,197.97,3,53.45190000000001,2016-12
6835,2016-11-20,Montebello,California,Technology,Accessories,27.88,2,3.903200000000002,2016-11
6840,2017-02-05,Torrance,California,Technology,Phones,371.2,5,41.75999999999995,2017-02
6842,2016-09-12,Springfield,Virginia,Technology,Accessories,20.700000000000003,3,1.6559999999999988,2016-09
6848,2016-07-18,Phoenix,Arizona,Technology,Phones,55.992,1,3.499500000000003,2016-07
6854,2017-12-23,Little Rock,Arkansas,Technology,Phones,494.97,3,148.49099999999996,2017-12
6866,2016-08-21,Los Angeles,California,Technology,Phones,91.96,5,-20.690999999999992,2016-08
6867,2016-08-21,Los Angeles,California,Technology,Accessories,254.97,3,91.7892,2016-08
6868,2016-08-21,Los Angeles,California,Technology,Phones,31.984,2,-7.995999999999999,2016-08
6875,2014-10-17,Beaumont,Texas,Technology,Accessories,119.976,3,-17.99640000000002,2014-10
6886,2017-09-10,Springfield,Ohio,Technology,Accessories,37.056,4,8.8008,2017-09
6887,2017-09-10,Springfield,Ohio,Technology,Phones,259.896,2,-56.31079999999997,2017-09
6890,2017-09-18,Columbus,Georgia,Technology,Phones,95.68,8,26.790400000000005,2017-09
6895,2017-09-18,Columbus,Georgia,Technology,Phones,411.98,2,119.4742,2017-09
6901,2015-09-07,New York City,New York,Technology,Accessories,559.93,7,167.97899999999996,2015-09
6908,2016-09-27,Seattle,Washington,Technology,Phones,1001.584,2,125.19799999999992,2016-09
6913,2017-05-02,Los Angeles,California,Technology,Accessories,159.56,4,59.0372,2017-05
6914,2015-06-12,West Palm Beach,Florida,Technology,Phones,55.98400000000001,2,4.198799999999999,2015-06
6930,2016-06-23,San Francisco,California,Technology,Phones,862.344,7,97.01369999999986,2016-06
6932,2014-07-14,Philadelphia,Pennsylvania,Technology,Phones,13.493999999999998,1,-2.2490000000000023,2014-07
6933,2014-07-14,Philadelphia,Pennsylvania,Technology,Phones,23.988,2,-13.993000000000004,2014-07
6936,2017-11-30,El Paso,Texas,Technology,Accessories,95.976,3,-10.79730000000001,2017-11
6939,2016-11-05,Seattle,Washington,Technology,Accessories,479.72,4,52.76920000000001,2016-11
6944,2015-07-25,Los Angeles,California,Technology,Phones,623.96,5,38.9975,2015-07
6952,2015-11-20,Dallas,Texas,Technology,Machines,479.988,2,55.99859999999995,2015-11
6955,2015-10-02,Los Angeles,California,Technology,Phones,503.96,5,50.396000000000015,2015-10
6966,2016-07-16,Columbia,South Carolina,Technology,Accessories,75.98,2,18.2352,2016-07
6972,2017-09-19,Phoenix,Arizona,Technology,Accessories,89.584,2,4.479200000000006,2017-09
6973,2017-09-19,Phoenix,Arizona,Technology,Phones,471.92,2,29.49500000000002,2017-09
6978,2016-11-25,Jonesboro,Arkansas,Technology,Phones,59.98,2,17.993999999999993,2016-11
6984,2016-09-01,Detroit,Michigan,Technology,Phones,8.78,1,2.2828,2016-09
6992,2015-11-08,Hampton,Virginia,Technology,Phones,226.2,5,58.812,2015-11
7016,2014-03-11,Richmond,Kentucky,Technology,Accessories,32.96,2,14.172800000000002,2014-03
7017,2014-03-11,Richmond,Kentucky,Technology,Phones,587.97,3,164.63160000000005,2014-03
7023,2014-08-23,Denver,Colorado,Technology,Phones,143.64,9,10.772999999999987,2014-08
7026,2017-02-06,New York City,New York,Technology,Phones,227.46,6,65.96339999999998,2017-02
7031,2016-11-11,New York City,New York,Technology,Accessories,36.0,2,6.479999999999997,2016-11
7037,2014-05-02,Lakeland,Florida,Technology,Copiers,479.984,2,89.99699999999999,2014-05
7043,2017-07-18,Philadelphia,Pennsylvania,Technology,Copiers,599.97,5,69.99649999999997,2017-07
7048,2014-04-08,Concord,California,Technology,Accessories,399.96,4,139.986,2014-04
7054,2016-12-11,Anaheim,California,Technology,Accessories,119.96,4,25.191599999999998,2016-12
7090,2017-06-15,Los Angeles,California,Technology,Phones,119.96,1,7.497499999999999,2017-06
7095,2015-02-09,Decatur,Illinois,Technology,Accessories,479.952,6,89.99099999999999,2015-02
7107,2017-06-19,Newark,Ohio,Technology,Accessories,122.328,9,1.5291000000000032,2017-06
7108,2016-04-19,New York City,New York,Technology,Phones,25.98,2,0.779399999999999,2016-04
7130,2016-04-16,Nashville,Tennessee,Technology,Accessories,35.168,4,8.352400000000001,2016-04
7135,2017-11-26,Richmond,Indiana,Technology,Phones,89.98,2,43.1904,2017-11
7141,2017-09-07,Saint Charles,Missouri,Technology,Accessories,113.52,4,46.5432,2017-09
7150,2015-06-26,Houston,Texas,Technology,Phones,971.88,3,109.33649999999994,2015-06
7160,2015-05-13,Chicago,Illinois,Technology,Phones,222.384,2,16.678799999999995,2015-05
7172,2017-04-25,San Francisco,California,Technology,Accessories,107.97,3,22.6737,2017-04
7173,2017-03-26,Houston,Texas,Technology,Accessories,143.96,5,1.799500000000002,2017-03
7180,2016-11-14,Baltimore,Maryland,Technology,Phones,89.97,3,25.191600000000005,2016-11
7182,2016-12-27,Lancaster,Ohio,Technology,Accessories,40.0,2,0.5,2016-12
7190,2016-11-12,San Diego,California,Technology,Phones,203.976,3,25.496999999999986,2016-11
7200,2015-08-11,New York City,New York,Technology,Phones,138.0,2,34.5,2015-08
7201,2016-11-27,Fort Lauderdale,Florida,Technology,Phones,116.76,1,14.594999999999985,2016-11
7219,2015-05-03,San Francisco,California,Technology,Accessories,339.96,4,122.38559999999998,2015-05
7222,2017-01-27,New York City,New York,Technology,Phones,137.94,3,35.8644,2017-01
7223,2017-09-02,Chicago,Illinois,Technology,Accessories,40.68,3,-7.1190000000000015,2017-09
7224,2016-07-14,San Francisco,California,Technology,Phones,110.376,3,12.417299999999996,2016-07
7250,2015-06-04,Los Angeles,California,Technology,Accessories,119.98,2,35.994,2015-06
7261,2016-05-30,Superior,Wisconsin,Technology,Phones,125.99,1,35.27720000000001,2016-05
7263,2017-10-22,Philadelphia,Pennsylvania,Technology,Phones,32.7,5,-6.539999999999999,2017-10
7275,2015-11-13,Helena,Montana,Technology,Phones,339.96000000000004,5,42.49499999999995,2015-11
7278,2016-07-19,San Francisco,California,Technology,Phones,35.984,2,4.497999999999996,2016-07
7279,2016-07-19,San Francisco,California,Technology,Accessories,389.97,3,132.58980000000005,2016-07
7280,2016-05-14,Yuma,Arizona,Technology,Accessories,185.528,7,48.7011,2016-05
7286,2017-10-14,San Francisco,California,Technology,Accessories,46.36,4,15.298799999999996,2017-10
7287,2016-06-20,Oklahoma City,Oklahoma,Technology,Accessories,6.9,1,0.5519999999999996,2016-06
7307,2016-11-05,San Jose,California,Technology,Accessories,72.0,4,12.959999999999994,2016-11
7315,2016-05-28,Park Ridge,Illinois,Technology,Phones,286.40000000000003,1,25.060000000000016,2016-05
7323,2017-09-03,Chicago,Illinois,Technology,Accessories,100.8,2,21.42,2017-09
7332,2017-10-26,Lancaster,Pennsylvania,Technology,Phones,61.542,1,-13.3341,2017-10
7346,2017-12-11,Jacksonville,Florida,Technology,Phones,73.568,4,-16.552799999999994,2017-12
7352,2017-11-10,Modesto,California,Technology,Accessories,111.79,7,43.5981,2017-11
7353,2017-03-16,Lakewood,Ohio,Technology,Phones,445.44,8,-81.66400000000004,2017-03
7359,2014-12-30,Philadelphia,Pennsylvania,Technology,Phones,251.96399999999997,6,-50.3928,2014-12
7364,2016-11-28,Philadelphia,Pennsylvania,Technology,Phones,340.182,3,-73.70610000000002,2016-11
7371,2014-10-28,Garden City,Kansas,Technology,Phones,257.98,2,74.8142,2014-10
7382,2016-09-13,Omaha,Nebraska,Technology,Phones,149.95,5,41.986,2016-09
7389,2016-09-13,Omaha,Nebraska,Technology,Phones,29.97,3,0.2996999999999996,2016-09
7400,2014-07-12,Chicago,Illinois,Technology,Accessories,23.840000000000003,4,3.2779999999999987,2014-07
7411,2014-07-23,New York City,New York,Technology,Accessories,99.98,2,7.998399999999989,2014-07
7412,2017-05-30,Tigard,Oregon,Technology,Phones,156.79200000000003,1,17.639099999999985,2017-05
7413,2017-05-30,Tigard,Oregon,Technology,Accessories,35.36000000000001,2,-3.0939999999999994,2017-05
7416,2016-03-13,Philadelphia,Pennsylvania,Technology,Accessories,379.96,5,47.49499999999992,2016-03
7454,2017-06-25,Bolingbrook,Illinois,Technology,Phones,148.48,2,16.703999999999986,2017-06
7457,2015-04-16,Waynesboro,Virginia,Technology,Phones,569.64,2,148.1064,2015-04
7463,2015-02-27,Seattle,Washington,Technology,Accessories,538.9200000000001,9,80.838,2015-02
7478,2014-01-06,Henderson,Kentucky,Technology,Phones,391.98,2,113.67419999999998,2014-01
7492,2017-11-16,Utica,New York,Technology,Phones,119.94,6,5.996999999999986,2017-11
7501,2017-07-14,Westminster,California,Technology,Accessories,140.97,3,19.735800000000005,2017-07
7502,2017-07-14,Westminster,California,Technology,Phones,470.3760000000001,3,52.91729999999996,2017-07
7504,2017-03-30,Los Angeles,California,Technology,Phones,164.79200000000003,1,18.53909999999999,2017-03
7507,2014-11-02,San Francisco,California,Technology,Phones,46.384,2,5.218199999999992,2014-11
7518,2017-12-09,Richmond,Kentucky,Technology,Accessories,146.45,5,48.32849999999999,2017-12
7542,2017-12-02,Denver,Colorado,Technology,Phones,49.61600000000001,2,4.961599999999999,2017-12
7544,2017-12-02,Denver,Colorado,Technology,Phones,57.36,6,-14.34,2017-12
7546,2014-10-10,Huntsville,Texas,Technology,Phones,719.9520000000001,6,71.99520000000001,2014-10
7547,2014-10-10,Huntsville,Texas,Technology,Phones,755.9440000000002,7,66.14509999999996,2014-10
7564,2017-10-05,Denver,Colorado,Technology,Accessories,63.824000000000005,2,13.562599999999998,2017-10
7567,2017-04-21,Houston,Texas,Technology,Accessories,47.976,3,8.395799999999994,2017-04
7576,2015-12-08,Los Angeles,California,Technology,Accessories,236.0,4,40.119999999999976,2015-12
7577,2014-11-02,Seattle,Washington,Technology,Accessories,41.94,2,15.098399999999998,2014-11
7578,2014-11-02,Seattle,Washington,Technology,Phones,52.792,1,4.619300000000003,2014-11
7597,2015-06-15,Los Angeles,California,Technology,Phones,225.576,3,22.557600000000008,2015-06
7601,2014-09-17,Springfield,Oregon,Technology,Machines,29.925,5,-21.944999999999997,2014-09
7620,2017-10-27,Los Angeles,California,Technology,Phones,71.96,5,7.1960000000000015,2017-10
7621,2014-11-25,Los Angeles,California,Technology,Phones,539.92,5,47.24299999999997,2014-11
7628,2015-11-21,Phoenix,Arizona,Technology,Accessories,23.344,2,-1.4590000000000014,2015-11
7631,2014-03-30,Brownsville,Texas,Technology,Phones,251.944,7,88.18039999999998,2014-03
7645,2016-10-06,Pueblo,Colorado,Technology,Accessories,67.96,5,0.8495000000000026,2016-10
7652,2017-08-07,Dallas,Texas,Technology,Accessories,119.448,3,-13.437900000000006,2017-08
7671,2015-11-27,Everett,Massachusetts,Technology,Accessories,259.98,2,88.39320000000001,2015-11
7677,2014-10-08,Charlotte,North Carolina,Technology,Accessories,23.472,3,4.987799999999998,2014-10
7689,2016-11-25,Jackson,Michigan,Technology,Accessories,160.0,8,62.400000000000006,2016-11
7694,2014-12-29,Brentwood,California,Technology,Phones,319.968,4,35.99639999999995,2014-12
7704,2016-08-26,Detroit,Michigan,Technology,Phones,209.97,3,58.7916,2016-08
7706,2016-08-26,Detroit,Michigan,Technology,Accessories,479.97,3,163.1898,2016-08
7709,2014-10-25,Philadelphia,Pennsylvania,Technology,Accessories,40.776,3,0.5097000000000005,2014-10
7711,2015-04-02,Mesa,Arizona,Technology,Phones,87.8,5,32.925,2015-04
7716,2017-11-03,Philadelphia,Pennsylvania,Technology,Accessories,40.776,3,0.5097000000000005,2017-11
7719,2017-09-09,Los Angeles,California,Technology,Accessories,159.96,4,51.18719999999999,2017-09
7730,2016-09-26,Tallahassee,Florida,Technology,Accessories,431.97600000000006,3,-75.59580000000004,2016-09
7739,2017-07-30,Baltimore,Maryland,Technology,Phones,89.94999999999999,5,43.176,2017-07
7741,2014-11-21,San Francisco,California,Technology,Accessories,94.99,1,28.496999999999986,2014-11
7742,2015-09-24,Tucson,Arizona,Technology,Phones,35.12,2,13.17,2015-09
7745,2016-06-17,Waterbury,Connecticut,Technology,Phones,566.97,3,153.0819,2016-06
7747,2015-12-19,Chicago,Illinois,Technology,Accessories,25.488,2,4.779,2015-12
7752,2015-06-18,Arlington,Virginia,Technology,Phones,467.97,3,140.391,2015-06
7757,2017-11-17,Charlotte,North Carolina,Technology,Accessories,431.1600000000001,5,107.78999999999996,2017-11
7758,2017-11-13,Buffalo,New York,Technology,Phones,43.6,4,12.208000000000002,2017-11
7774,2016-11-25,Lancaster,Ohio,Technology,Accessories,59.976,3,11.995199999999995,2016-11
7781,2016-04-18,Chesapeake,Virginia,Technology,Phones,29.56,4,7.981200000000001,2016-04
7793,2017-10-12,Dallas,Texas,Technology,Accessories,39.984,2,-1.4994000000000067,2017-10
7796,2015-07-12,Amarillo,Texas,Technology,Phones,307.168,4,30.716800000000006,2015-07
7799,2017-03-24,New York City,New York,Technology,Phones,469.99,1,136.29709999999994,2017-03
7810,2016-01-08,Raleigh,North Carolina,Technology,Phones,108.784,2,10.8784,2016-01
7816,2017-06-08,Los Angeles,California,Technology,Phones,17.52,2,-3.5040000000000022,2017-06
7824,2014-08-26,Newark,Delaware,Technology,Accessories,149.97,3,52.48949999999999,2014-08
7827,2017-10-31,Chicago,Illinois,Technology,Phones,508.768,4,38.1576,2017-10
7831,2015-04-26,San Diego,California,Technology,Phones,311.97600000000006,3,38.99699999999999,2015-04
7833,2016-05-09,Houston,Texas,Technology,Phones,19.136000000000003,2,1.9136000000000009,2016-05
7836,2015-04-13,Los Angeles,California,Technology,Phones,479.92,2,41.99300000000001,2015-04
7839,2015-09-25,Seattle,Washington,Technology,Accessories,159.98,2,57.5928,2015-09
7856,2017-12-07,Hattiesburg,Mississippi,Technology,Accessories,52.0,4,23.4,2017-12
7858,2014-05-30,New York City,New York,Technology,Phones,464.0,5,134.55999999999997,2014-05
7862,2015-10-12,Seattle,Washington,Technology,Accessories,17.9,2,3.400999999999998,2015-10
7870,2017-07-03,Jacksonville,North Carolina,Technology,Accessories,24.0,2,-2.6999999999999997,2017-07
7882,2017-12-03,Thornton,Colorado,Technology,Accessories,76.75200000000001,6,10.553399999999993,2017-12
7883,2017-12-03,Thornton,Colorado,Technology,Accessories,102.336,8,14.07119999999999,2017-12
7891,2016-12-25,Fayetteville,Arkansas,Technology,Accessories,399.98,2,171.99140000000003,2016-12
7901,2017-08-13,Memphis,Tennessee,Technology,Accessories,1.584,2,0.4752000000000002,2017-08
7916,2017-06-17,New York City,New York,Technology,Accessories,101.34,3,8.107199999999992,2017-06
7921,2017-09-15,Waterbury,Connecticut,Technology,Accessories,59.98,2,10.796399999999998,2017-09
7923,2017-09-24,Hollywood,Florida,Technology,Phones,383.96,5,38.396000000000015,2017-09
7927,2017-11-20,New York City,New York,Technology,Accessories,2.97,3,1.3365,2017-11
7928,2017-11-20,New York City,New York,Technology,Phones,569.99,1,170.99699999999996,2017-11
7935,2017-08-17,Brentwood,California,Technology,Phones,71.976,3,8.99699999999999,2017-08
7961,2017-10-05,Chico,California,Technology,Phones,7.992000000000001,1,2.6973,2017-10
7969,2016-10-10,Denver,Colorado,Technology,Phones,15.992,1,-2.998500000000002,2016-10
7972,2015-08-16,Philadelphia,Pennsylvania,Technology,Accessories,31.176,3,-5.455800000000004,2015-08
7979,2014-05-31,Jackson,Mississippi,Technology,Phones,113.73,3,32.98169999999999,2014-05
7987,2016-07-20,Long Beach,New York,Technology,Phones,89.94999999999999,5,43.176,2016-07
7991,2016-08-23,Sheboygan,Wisconsin,Technology,Accessories,1.98,2,0.891,2016-08
7993,2016-06-14,Boca Raton,Florida,Technology,Accessories,18.464,2,2.308,2016-06
7997,2017-11-03,San Diego,California,Technology,Accessories,199.75,5,87.89000000000001,2017-11
8001,2015-11-08,Dubuque,Iowa,Technology,Phones,263.96,4,76.54839999999999,2015-11
8002,2015-12-12,Los Angeles,California,Technology,Accessories,299.94,6,128.97420000000002,2015-12
8004,2014-12-01,Lowell,Massachusetts,Technology,Phones,271.9,2,78.85099999999997,2014-12
8012,2015-06-20,Aurora,Colorado,Technology,Phones,125.944,7,15.742999999999984,2015-06
8014,2017-05-25,New York City,New York,Technology,Accessories,120.0,8,13.200000000000005,2017-05
8019,2017-10-17,Modesto,California,Technology,Phones,52.792,1,4.619300000000003,2017-10
8028,2015-09-11,New York City,New York,Technology,Accessories,19.99,1,6.796599999999998,2015-09
8030,2016-10-21,San Antonio,Texas,Technology,Accessories,106.08,6,-9.281999999999996,2016-10
8042,2017-08-21,Seattle,Washington,Technology,Accessories,33.18,2,11.613,2017-08
8043,2017-03-11,Cambridge,Massachusetts,Technology,Accessories,63.88,4,24.913200000000003,2017-03
8059,2015-08-28,Los Angeles,California,Technology,Phones,43.176,3,15.1116,2015-08
8063,2016-11-07,Rochester,New York,Technology,Phones,263.96,4,71.26920000000001,2016-11
8064,2016-11-07,Rochester,New York,Technology,Phones,359.97,3,100.7916,2016-11
8068,2015-10-20,San Francisco,California,Technology,Accessories,239.97,3,86.38919999999999,2015-10
8079,2015-06-23,East Point,Georgia,Technology,Accessories,75.0,3,18.0,2015-06
8097,2017-07-27,Seattle,Washington,Technology,Accessories,234.95,5,32.89300000000001,2017-07
8100,2016-03-10,Los Angeles,California,Technology,Accessories,26.85,3,5.101499999999997,2016-03
8105,2015-05-22,Los Angeles,California,Technology,Phones,775.7280000000001,6,58.17960000000002,2015-05
8108,2017-02-17,Houston,Texas,Technology,Phones,438.336,4,-87.66720000000004,2017-02
8127,2015-02-06,Houston,Texas,Technology,Accessories,18.528,2,4.4004,2015-02
8130,2014-07-20,Riverside,California,Technology,Accessories,41.94,2,15.098399999999998,2014-07
8145,2016-02-05,San Diego,California,Technology,Phones,159.96800000000002,4,-31.99360000000003,2016-02
8155,2017-03-20,Middletown,Connecticut,Technology,Accessories,238.0,2,38.08000000000001,2017-03
8158,2016-11-18,San Diego,California,Technology,Accessories,595.0,5,95.20000000000005,2016-11
8160,2016-03-09,Milford,Connecticut,Technology,Accessories,199.75,5,87.89000000000001,2016-03
8163,2015-09-28,New York City,New York,Technology,Phones,307.98,2,89.31419999999997,2015-09
8171,2017-11-06,Seattle,Washington,Technology,Accessories,108.96,3,32.68799999999999,2017-11
8178,2017-12-22,Los Angeles,California,Technology,Accessories,474.95,5,142.48499999999993,2017-12
8182,2015-11-21,Philadelphia,Pennsylvania,Technology,Phones,110.97,5,-24.043499999999995,2015-11
8197,2017-09-05,Knoxville,Tennessee,Technology,Accessories,89.568,4,-1.119600000000009,2017-09
8203,2015-11-08,New York City,New York,Technology,Phones,549.98,2,142.9948,2015-11
8230,2016-04-04,Troy,New York,Technology,Accessories,89.97,3,37.787400000000005,2016-04
8243,2014-09-01,New York City,New York,Technology,Accessories,357.0,3,57.12000000000002,2014-09
8244,2014-08-12,San Francisco,California,Technology,Phones,806.336,8,50.396000000000015,2014-08
8254,2017-08-12,Seattle,Washington,Technology,Copiers,299.99,1,89.99699999999999,2017-08
8256,2017-08-12,Seattle,Washington,Technology,Phones,242.624,8,27.295199999999973,2017-08
8258,2017-08-12,Seattle,Washington,Technology,Accessories,174.95000000000002,5,12.246500000000005,2017-08
8267,2014-04-29,Dover,Delaware,Technology,Phones,19.98,2,5.194800000000001,2014-04
8283,2015-12-21,Saint Charles,Illinois,Technology,Machines,600.53,2,137.26399999999995,2015-12
8285,2015-12-21,Saint Charles,Illinois,Technology,Accessories,637.44,8,135.45599999999996,2015-12
8289,2014-08-12,Miami,Florida,Technology,Accessories,158.928,7,41.7186,2014-08
8295,2017-03-13,New York City,New York,Technology,Phones,299.9,2,74.975,2017-03
8297,2016-05-30,Arlington,Virginia,Technology,Accessories,111.98,2,26.875200000000007,2016-05
8304,2014-10-31,San Francisco,California,Technology,Phones,73.584,2,8.278199999999998,2014-10
8326,2017-09-08,Hialeah,Florida,Technology,Phones,158.376,3,13.857900000000008,2017-09
8331,2017-11-07,New York City,New York,Technology,Accessories,7.88,4,2.5215999999999994,2017-11
8359,2014-04-11,Great Falls,Montana,Technology,Phones,105.584,2,9.238600000000003,2014-04
8360,2014-04-11,Great Falls,Montana,Technology,Accessories,217.44,6,91.3248,2014-04
8365,2017-04-28,Kissimmee,Florida,Technology,Phones,751.984,2,84.59819999999988,2017-04
8366,2017-01-30,Seattle,Washington,Technology,Phones,604.768,4,60.476800000000026,2017-01
8382,2016-03-17,San Francisco,California,Technology,Phones,84.784,2,-20.13620000000001,2016-03
8384,2016-11-26,Shelton,Connecticut,Technology,Accessories,59.97,3,14.992499999999996,2016-11
8393,2016-12-01,Franklin,Massachusetts,Technology,Phones,137.94,3,35.8644,2016-12
8406,2017-07-08,Newark,Delaware,Technology,Accessories,141.9,5,58.179,2017-07
8415,2016-12-17,Arlington,Texas,Technology,Accessories,165.60000000000002,3,-6.210000000000015,2016-12
8421,2017-05-09,Seattle,Washington,Technology,Accessories,199.98,2,87.9912,2017-05
8422,2017-10-12,Lakewood,New Jersey,Technology,Accessories,45.0,3,4.950000000000001,2017-10
8429,2017-11-12,Tempe,Arizona,Technology,Accessories,62.352,6,-10.911600000000009,2017-11
8438,2015-12-10,Cleveland,Ohio,Technology,Accessories,25.488,2,4.4604,2015-12
8440,2017-03-14,Chicago,Illinois,Technology,Phones,49.61600000000001,2,4.961599999999999,2017-03
8443,2016-03-06,Philadelphia,Pennsylvania,Technology,Phones,431.94,2,-71.99000000000001,2016-03
8445,2016-03-06,Philadelphia,Pennsylvania,Technology,Phones,68.238,3,-12.510300000000008,2016-03
8456,2016-05-22,Los Angeles,California,Technology,Phones,222.384,2,22.238400000000013,2016-05
8464,2014-03-28,Albuquerque,New Mexico,Technology,Phones,302.376,3,22.678200000000015,2014-03
8465,2015-05-10,Louisville,Colorado,Technology,Accessories,46.688,4,-2.918000000000003,2015-05
8471,2017-04-23,Clarksville,Tennessee,Technology,Accessories,45.408,2,11.9196,2017-04
8481,2014-07-21,Omaha,Nebraska,Technology,Phones,35.98,2,10.0744,2014-07
8494,2015-10-23,Lubbock,Texas,Technology,Copiers,479.97600000000006,3,161.9919,2015-10
8496,2016-12-02,Longmont,Colorado,Technology,Accessories,165.60000000000002,3,-6.210000000000015,2016-12
8498,2014-03-05,Yonkers,New York,Technology,Accessories,479.97,3,177.58890000000002,2014-03
8502,2015-03-01,Los Angeles,California,Technology,Phones,15.984000000000002,2,1.1988000000000003,2015-03
8507,2016-03-08,Dallas,Texas,Technology,Accessories,27.96,5,8.388000000000003,2016-03
8510,2015-12-11,Detroit,Michigan,Technology,Phones,125.99,1,31.4975,2015-12
8523,2016-04-01,Milwaukee,Wisconsin,Technology,Phones,12.99,1,0.2598000000000002,2016-04
8525,2017-03-16,Columbus,Ohio,Technology,Phones,44.376,2,-7.396000000000004,2017-03
8528,2017-03-16,Columbus,Ohio,Technology,Accessories,159.984,2,43.9956,2017-03
8536,2014-05-16,San Francisco,California,Technology,Accessories,56.400000000000006,3,3.3840000000000003,2014-05
8540,2017-03-09,Los Angeles,California,Technology,Copiers,479.984,2,59.99799999999996,2017-03
8544,2014-08-06,New York City,New York,Technology,Accessories,199.98,2,83.9916,2014-08
8548,2015-12-05,Los Angeles,California,Technology,Accessories,39.0,3,17.549999999999997,2015-12
8553,2014-05-30,Chicago,Illinois,Technology,Copiers,719.9760000000001,3,134.9955,2014-05
8554,2017-11-13,Decatur,Alabama,Technology,Accessories,239.92,8,23.99199999999999,2017-11
8556,2015-03-22,Plantation,Florida,Technology,Accessories,447.944,7,89.58879999999999,2015-03
8558,2016-12-23,Houston,Texas,Technology,Phones,453.576,3,39.68789999999999,2016-12
8560,2016-12-23,Houston,Texas,Technology,Phones,287.88,3,35.985,2016-12
8561,2016-12-23,Houston,Texas,Technology,Phones,131.88000000000002,3,14.836499999999988,2016-12
8566,2016-11-17,The Colony,Texas,Technology,Phones,67.176,3,6.717599999999997,2016-11
8571,2016-12-06,Hempstead,New York,Technology,Copiers,479.984,2,89.99699999999999,2016-12
8583,2014-05-20,San Marcos,Texas,Technology,Accessories,20.784,2,-3.637200000000002,2014-05
8594,2017-11-09,Jacksonville,Florida,Technology,Accessories,191.976,3,38.39519999999999,2017-11
8595,2017-11-09,Jacksonville,Florida,Technology,Phones,499.16800000000006,4,31.197999999999997,2017-11
8603,2014-12-31,Reno,Nevada,Technology,Phones,475.944,7,59.49299999999995,2014-12
8604,2016-01-03,San Antonio,Texas,Technology,Accessories,30.08,2,-5.264,2016-01
8605,2016-01-03,San Antonio,Texas,Technology,Accessories,165.60000000000002,3,-6.210000000000015,2016-01
8606,2016-01-03,San Antonio,Texas,Technology,Phones,180.96,5,13.571999999999996,2016-01
8607,2017-08-18,New Bedford,Massachusetts,Technology,Accessories,23.18,2,7.649399999999998,2017-08
8612,2017-11-13,Oxnard,California,Technology,Accessories,82.95,5,29.0325,2017-11
8614,2016-11-09,Oakland,California,Technology,Accessories,479.97,3,177.58890000000002,2016-11
8625,2015-11-13,Miami,Florida,Technology,Accessories,111.96,5,-1.3995000000000104,2015-11
8628,2015-09-07,New York City,New York,Technology,Accessories,90.0,5,16.199999999999992,2015-09
8639,2017-07-23,Kenosha,Wisconsin,Technology,Accessories,399.95,5,143.982,2017-07
8654,2014-09-13,Seattle,Washington,Technology,Accessories,199.98,2,75.9924,2014-09
8655,2014-09-13,Seattle,Washington,Technology,Accessories,144.96,4,60.8832,2014-09
8656,2014-09-13,Seattle,Washington,Technology,Accessories,118.0,2,20.059999999999988,2014-09
8663,2015-05-12,Houston,Texas,Technology,Phones,619.152,6,69.65459999999999,2015-05
8669,2016-12-22,Seattle,Washington,Technology,Machines,11.56,1,3.7569999999999992,2016-12
8680,2016-09-02,Houston,Texas,Technology,Accessories,159.56,5,33.906499999999994,2016-09
8683,2014-11-05,Arlington,Virginia,Technology,Accessories,47.79,3,16.2486,2014-11
8685,2016-12-16,San Diego,California,Technology,Accessories,21.21,7,4.454099999999999,2016-12
8691,2016-08-14,Akron,Ohio,Technology,Phones,259.896,2,-56.31079999999997,2016-08
8692,2016-08-14,Akron,Ohio,Technology,Phones,247.188,2,-49.43760000000003,2016-08
8693,2016-08-14,Akron,Ohio,Technology,Accessories,279.96,5,48.993,2016-08
8694,2016-10-24,San Francisco,California,Technology,Accessories,450.0,5,162.0,2016-10
8697,2017-06-15,Nashville,Tennessee,Technology,Phones,239.976,3,26.997299999999967,2017-06
8705,2016-07-23,Houston,Texas,Technology,Phones,115.136,8,11.513600000000004,2016-07
8709,2014-11-16,Los Angeles,California,Technology,Phones,79.968,4,-17.9928,2014-11
8714,2017-07-11,San Diego,California,Technology,Phones,71.952,6,5.396399999999996,2017-07
8727,2015-12-27,Murfreesboro,Tennessee,Technology,Accessories,4.728,3,0.7091999999999996,2015-12
8731,2015-12-27,Murfreesboro,Tennessee,Technology,Accessories,72.74400000000001,7,-12.73020000000001,2015-12
8740,2017-12-08,Philadelphia,Pennsylvania,Technology,Phones,83.98799999999999,2,-20.996999999999996,2017-12
8744,2015-10-02,Hillsboro,Oregon,Technology,Accessories,53.040000000000006,3,-4.640999999999998,2015-10
8749,2017-02-02,San Diego,California,Technology,Machines,239.98400000000004,2,38.99739999999997,2017-02
8751,2015-06-16,New York City,New York,Technology,Phones,133.98,2,33.495000000000005,2015-06
8753,2016-05-05,Tallahassee,Florida,Technology,Phones,177.48000000000002,3,19.966499999999986,2016-05
8769,2015-10-05,Columbus,Ohio,Technology,Accessories,288.0,4,57.6,2015-10
8770,2016-09-12,Louisville,Colorado,Technology,Phones,146.952,3,9.184499999999993,2016-09
8786,2017-05-28,Phoenix,Arizona,Technology,Phones,195.96000000000004,5,19.596000000000014,2017-05
8788,2017-05-28,Phoenix,Arizona,Technology,Accessories,271.968,4,54.39359999999998,2017-05
8792,2017-03-18,Houston,Texas,Technology,Phones,537.544,7,47.03509999999997,2017-03
8795,2014-12-19,Los Angeles,California,Technology,Phones,583.8,5,72.97499999999991,2014-12
8796,2014-12-19,Los Angeles,California,Technology,Phones,211.168,4,15.837600000000007,2014-12
8802,2016-11-10,Oklahoma City,Oklahoma,Technology,Phones,221.98,2,62.15440000000001,2016-11
8804,2014-12-31,New York City,New York,Technology,Accessories,34.77,3,11.474099999999996,2014-12
8809,2017-10-26,Philadelphia,Pennsylvania,Technology,Phones,118.64999999999998,5,19.77500000000001,2017-10
8815,2015-11-23,Wilmington,Delaware,Technology,Phones,307.98,2,89.31419999999997,2015-11
8835,2017-09-24,Sandy Springs,Georgia,Technology,Phones,89.9,2,25.172,2017-09
8841,2014-04-06,Los Angeles,California,Technology,Accessories,299.97,3,131.98680000000002,2014-04
8842,2016-02-09,San Francisco,California,Technology,Accessories,89.97,3,39.58680000000001,2016-02
8843,2016-02-09,San Francisco,California,Technology,Accessories,31.86,2,11.151,2016-02
8849,2015-07-02,Raleigh,North Carolina,Technology,Phones,74.24,1,8.351999999999993,2015-07
8855,2015-09-22,Philadelphia,Pennsylvania,Technology,Accessories,617.9760000000001,3,-7.724700000000098,2015-09
8857,2017-10-13,Sacramento,California,Technology,Accessories,209.94,6,39.8886,2017-10
8858,2017-10-13,Sacramento,California,Technology,Phones,31.984,2,-7.995999999999999,2017-10
8860,2017-08-20,Charlotte,North Carolina,Technology,Phones,35.96,1,3.5959999999999983,2017-08
8868,2014-09-20,Chicago,Illinois,Technology,Phones,11.12,2,3.475,2014-09
8869,2016-11-04,San Diego,California,Technology,Machines,686.4000000000001,2,77.21999999999991,2016-11
8873,2014-10-10,Columbus,Ohio,Technology,Machines,101.994,2,-71.39579999999998,2014-10
8881,2015-03-23,Los Angeles,California,Technology,Accessories,239.97,3,86.38919999999999,2015-03
8882,2016-06-30,Aurora,Illinois,Technology,Accessories,50.120000000000005,7,-0.6265000000000072,2016-06
8883,2017-10-20,Durham,North Carolina,Technology,Phones,15.984000000000002,2,1.3986,2017-10
8897,2016-08-15,Los Angeles,California,Technology,Phones,165.60000000000002,3,10.349999999999994,2016-08
8899,2015-08-07,Springfield,Virginia,Technology,Phones,494.97,3,148.49099999999996,2015-08
8906,2016-07-01,New York City,New York,Technology,Accessories,30.84,3,6.1679999999999975,2016-07
8908,2016-12-18,San Francisco,California,Technology,Phones,66.97600000000001,7,6.697600000000001,2016-12
8911,2017-11-04,Chattanooga,Tennessee,Technology,Accessories,95.976,3,15.596099999999996,2017-11
8912,2017-11-04,Chattanooga,Tennessee,Technology,Phones,143.928,9,-32.38380000000001,2017-11
8921,2014-04-28,Jamestown,New York,Technology,Accessories,159.98,2,57.5928,2014-04
8922,2016-10-04,Coral Gables,Florida,Technology,Phones,52.67999999999999,3,19.755,2016-10
8931,2015-04-13,Huntsville,Texas,Technology,Phones,239.976,3,17.998199999999997,2015-04
8933,2017-12-18,Milwaukee,Wisconsin,Technology,Accessories,29.34,3,10.8558,2017-12
8938,2015-12-17,Los Angeles,California,Technology,Phones,135.984,2,16.997999999999983,2015-12
8951,2017-12-22,Jackson,Tennessee,Technology,Accessories,46.864,2,7.615399999999994,2017-12
8958,2017-12-25,Hialeah,Florida,Technology,Machines,120.0,2,-7.200000000000003,2017-12
8959,2017-11-25,Houston,Texas,Technology,Phones,299.96,5,37.49499999999996,2017-11
8964,2016-11-05,Virginia Beach,Virginia,Technology,Accessories,89.97,3,18.893699999999995,2016-11
8967,2016-11-03,Philadelphia,Pennsylvania,Technology,Accessories,72.0,1,14.4,2016-11
8971,2017-12-02,Lakewood,Ohio,Technology,Phones,151.188,2,-25.198000000000008,2017-12
8973,2014-11-19,Philadelphia,Pennsylvania,Technology,Accessories,47.496,1,-1.187400000000002,2014-11
8988,2015-12-03,Jacksonville,North Carolina,Technology,Phones,105.584,2,9.238600000000003,2015-12
8992,2017-10-01,San Francisco,California,Technology,Accessories,104.75,5,21.9975,2017-10
8993,2017-10-16,Columbia,Tennessee,Technology,Accessories,18.528,2,4.4004,2017-10
8997,2017-11-11,Dallas,Texas,Technology,Phones,35.184,2,12.3144,2017-11
9002,2014-12-02,Sandy Springs,Georgia,Technology,Accessories,5.95,1,0.8330000000000002,2014-12
9004,2015-04-05,Spokane,Washington,Technology,Accessories,239.94,6,26.393399999999986,2015-04
9012,2015-12-20,Houston,Texas,Technology,Accessories,100.8,2,21.42,2015-12
9020,2014-12-16,Springfield,Virginia,Technology,Accessories,99.98,2,7.998399999999989,2014-12
9025,2016-06-26,New York City,New York,Technology,Accessories,20.97,3,9.0171,2016-06
9026,2016-06-26,New York City,New York,Technology,Accessories,139.96,4,9.797200000000004,2016-06
9036,2015-10-01,Quincy,Illinois,Technology,Accessories,108.768,4,2.71919999999999,2015-10
9039,2017-11-21,Houston,Texas,Technology,Phones,55.176,3,-12.414599999999997,2017-11
9044,2016-11-07,San Francisco,California,Technology,Accessories,479.97,3,163.1898,2016-11
9046,2017-12-16,Sunnyvale,California,Technology,Accessories,189.95,5,45.588,2017-12
9047,2017-12-16,Sunnyvale,California,Technology,Accessories,149.95,5,31.489499999999992,2017-12
9054,2014-03-26,San Francisco,California,Technology,Phones,28.784,2,2.878400000000001,2014-03
9056,2015-09-12,Seattle,Washington,Technology,Accessories,21.98,2,8.5722,2015-09
9067,2017-05-26,Harrisonburg,Virginia,Technology,Accessories,23.08,2,6.924,2017-05
9068,2016-02-04,Rockville,Maryland,Technology,Phones,90.48,2,23.5248,2016-02
9074,2016-09-04,Springfield,Missouri,Technology,Accessories,279.95,5,67.18800000000002,2016-09
9078,2014-11-03,Omaha,Nebraska,Technology,Accessories,89.97,3,18.893699999999995,2014-11
9081,2017-09-11,Santa Ana,California,Technology,Phones,143.952,6,17.99399999999998,2017-09
9089,2015-12-15,Cary,North Carolina,Technology,Phones,246.168,3,21.5397,2015-12
9094,2015-06-01,Detroit,Michigan,Technology,Phones,299.98,2,83.99440000000001,2015-06
9096,2015-06-01,Detroit,Michigan,Technology,Phones,41.9,2,11.732,2015-06
9099,2017-10-12,Dallas,Texas,Technology,Phones,369.544,7,27.71580000000003,2017-10
9101,2017-10-12,Dallas,Texas,Technology,Accessories,791.8799999999999,3,128.68049999999994,2017-10
9107,2015-11-07,Houston,Texas,Technology,Machines,287.91,3,33.58949999999999,2015-11
9110,2015-05-25,Haltom City,Texas,Technology,Accessories,207.98400000000004,2,36.3972,2015-05
9112,2014-10-13,Richmond,Virginia,Technology,Accessories,22.96,2,4.362399999999997,2014-10
9115,2016-02-07,Los Angeles,California,Technology,Phones,623.96,5,38.9975,2016-02
9116,2017-01-19,Philadelphia,Pennsylvania,Technology,Phones,429.6,2,-93.07999999999998,2017-01
9134,2015-08-31,San Diego,California,Technology,Phones,555.96,5,41.697,2015-08
9139,2014-02-02,Saint Petersburg,Florida,Technology,Phones,180.96,5,13.571999999999996,2014-02
9140,2014-09-02,Buffalo Grove,Illinois,Technology,Accessories,475.944,7,95.18879999999996,2014-09
9141,2017-09-30,Los Angeles,California,Technology,Accessories,159.98,2,47.99399999999999,2017-09
9142,2016-09-05,New York City,New York,Technology,Phones,43.6,4,12.208000000000002,2016-09
9147,2016-01-23,Burlington,Vermont,Technology,Accessories,99.98,2,42.991400000000006,2016-01
9153,2015-09-24,Avondale,Arizona,Technology,Accessories,23.200000000000003,2,1.4499999999999993,2015-09
9159,2014-08-04,Bangor,Maine,Technology,Accessories,255.42,9,104.7222,2014-08
9164,2015-06-08,Chicago,Illinois,Technology,Accessories,2.3760000000000003,3,0.7424999999999999,2015-06
9175,2017-06-12,Kent,Washington,Technology,Phones,71.976,3,8.99699999999999,2017-06
9178,2016-11-14,New York City,New York,Technology,Phones,13.98,2,3.914400000000001,2016-11
9180,2017-08-07,Westminster,California,Technology,Phones,707.88,3,44.24250000000004,2017-08
9183,2017-08-07,Westminster,California,Technology,Accessories,55.76,4,7.806400000000004,2017-08
9189,2015-08-21,Allentown,Pennsylvania,Technology,Accessories,21.728,4,3.8024,2015-08
9194,2015-11-02,San Antonio,Texas,Technology,Phones,344.704,2,38.77919999999999,2015-11
9196,2014-11-30,Avondale,Arizona,Technology,Accessories,102.24,4,-16.614000000000004,2014-11
9208,2017-08-03,Bloomington,Illinois,Technology,Accessories,39.816,3,7.465499999999999,2017-08
9253,2017-09-23,Pine Bluff,Arkansas,Technology,Accessories,199.95,5,63.98399999999999,2017-09
9277,2016-05-26,Delray Beach,Florida,Technology,Accessories,47.92,2,11.98,2016-05
9297,2015-04-18,Mcallen,Texas,Technology,Accessories,41.42400000000001,2,8.284799999999997,2015-04
9298,2015-04-18,Mcallen,Texas,Technology,Phones,244.768,4,24.476800000000004,2015-04
9302,2015-04-18,Mcallen,Texas,Technology,Phones,97.968,2,6.122999999999994,2015-04
9309,2014-03-25,San Francisco,California,Technology,Accessories,45.48,4,15.918,2014-03
9316,2016-04-05,Philadelphia,Pennsylvania,Technology,Phones,118.78199999999998,3,-27.715799999999994,2016-04
9318,2017-02-21,Carrollton,Texas,Technology,Accessories,47.904,1,-2.994000000000001,2017-02
9328,2017-09-07,Edmonds,Washington,Technology,Phones,455.712,2,34.17840000000001,2017-09
9332,2016-09-29,Springfield,Oregon,Technology,Phones,859.2,3,75.18000000000006,2016-09
9342,2014-10-19,San Francisco,California,Technology,Phones,117.57600000000002,3,11.75760000000001,2014-10
9346,2017-02-17,Troy,Ohio,Technology,Phones,57.594,1,-11.5188,2017-02
9374,2017-05-07,Pasadena,California,Technology,Phones,419.944,7,52.49299999999997,2017-05
9376,2015-12-14,Los Angeles,California,Technology,Accessories,50.0,2,10.5,2015-12
9377,2017-12-25,East Orange,New Jersey,Technology,Accessories,31.8,3,13.674000000000005,2017-12
9392,2017-03-13,Aurora,Illinois,Technology,Phones,7.992000000000001,1,2.5973999999999995,2017-03
9394,2014-09-20,New York City,New York,Technology,Phones,629.9499999999999,5,157.4875,2014-09
9406,2014-03-14,Chicago,Illinois,Technology,Machines,574.91,2,156.04699999999997,2014-03
9415,2015-10-18,Seattle,Washington,Technology,Phones,249.58400000000003,2,15.598999999999997,2015-10
9422,2014-07-23,San Francisco,California,Technology,Phones,604.752,6,60.47520000000006,2014-07
9424,2014-07-23,San Francisco,California,Technology,Phones,302.376,3,37.797,2014-07
9425,2014-07-23,San Francisco,California,Technology,Accessories,45.0,3,4.950000000000001,2014-07
9433,2015-08-17,Peoria,Arizona,Technology,Accessories,30.08,2,-5.264,2015-08
9436,2015-08-17,Peoria,Arizona,Technology,Accessories,252.8,4,-31.60000000000004,2015-08
9439,2017-07-31,Philadelphia,Pennsylvania,Technology,Phones,285.576,4,-57.115200000000016,2017-07
9444,2017-04-07,Jacksonville,Florida,Technology,Phones,219.18400000000003,2,19.178600000000003,2017-04
9445,2015-03-01,Coppell,Texas,Technology,Phones,95.84,4,34.742,2015-03
9455,2015-09-28,Los Angeles,California,Technology,Phones,36.784,2,-8.276399999999997,2015-09
9456,2016-06-16,Chattanooga,Tennessee,Technology,Machines,91.475,1,-1.829499999999996,2016-06
9457,2017-05-27,Greensboro,North Carolina,Technology,Accessories,27.192,3,0.3398999999999965,2017-05
9460,2014-10-09,San Francisco,California,Technology,Phones,15.992,1,-2.998500000000002,2014-10
9462,2014-10-19,Lakewood,California,Technology,Phones,321.552,6,20.09700000000001,2014-10
9471,2017-11-05,New York City,New York,Technology,Phones,99.98,2,3.999199999999988,2017-11
9483,2015-06-20,Philadelphia,Pennsylvania,Technology,Accessories,319.98400000000004,2,91.99540000000002,2015-06
9489,2015-10-01,Portland,Oregon,Technology,Phones,572.8000000000001,2,50.12000000000003,2015-10
9496,2016-05-12,Mission Viejo,California,Technology,Accessories,120.0,6,46.8,2016-05
9517,2015-08-24,Bowling Green,Ohio,Technology,Phones,26.982,3,4.0473,2015-08
9522,2014-12-19,Chicago,Illinois,Technology,Phones,323.97600000000006,3,36.44729999999997,2014-12
9527,2017-12-05,Seattle,Washington,Technology,Phones,31.176,3,-7.0146,2017-12
9546,2014-10-29,Columbus,Indiana,Technology,Accessories,1.98,2,0.891,2014-10
9553,2015-05-30,Springfield,Virginia,Technology,Accessories,151.96,4,36.4704,2015-05
9559,2016-05-03,Newark,Ohio,Technology,Accessories,132.52000000000004,5,34.786500000000004,2016-05
9562,2016-05-03,Newark,Ohio,Technology,Accessories,431.97600000000006,3,-75.59580000000004,2016-05
9569,2017-07-05,Fremont,Nebraska,Technology,Phones,79.96,4,22.388800000000003,2017-07
9577,2015-05-26,San Antonio,Texas,Technology,Machines,399.54,2,-79.90800000000002,2015-05
9598,2017-01-24,San Jose,California,Technology,Phones,110.352,3,8.276399999999995,2017-01
9606,2017-11-04,Lancaster,Ohio,Technology,Accessories,70.72000000000001,4,-6.187999999999999,2017-11
9613,2016-09-18,Woodland,California,Technology,Phones,239.98400000000004,2,23.998400000000004,2016-09
9615,2014-11-11,Seattle,Washington,Technology,Accessories,102.13,7,15.319499999999996,2014-11
9618,2017-11-16,Bowling Green,Ohio,Technology,Copiers,899.982,3,74.99849999999992,2017-11
9620,2017-11-16,Bowling Green,Ohio,Technology,Accessories,139.96000000000004,5,-1.7495000000000118,2017-11
9622,2014-09-26,Lancaster,Ohio,Technology,Accessories,3.152,2,0.4727999999999996,2014-09
9632,2016-05-31,New York City,New York,Technology,Phones,179.7,6,88.053,2016-05
9634,2014-10-14,Everett,Massachusetts,Technology,Accessories,177.0,3,30.089999999999986,2014-10
9645,2017-06-08,Glendale,Arizona,Technology,Accessories,89.54400000000001,7,12.312299999999992,2017-06
9649,2014-11-19,Coon Rapids,Minnesota,Technology,Phones,281.97,3,78.9516,2014-11
9654,2017-01-23,Tucson,Arizona,Technology,Accessories,95.984,2,11.997999999999998,2017-01
9662,2016-06-06,Santa Barbara,California,Technology,Accessories,26.96,2,3.7744,2016-06
9663,2016-06-06,Santa Barbara,California,Technology,Phones,477.6,3,161.19000000000003,2016-06
9672,2017-11-13,Dublin,California,Technology,Phones,22.0,5,1.375,2017-11
9681,2015-12-27,San Francisco,California,Technology,Phones,668.16,9,75.16799999999992,2015-12
9686,2017-01-02,Los Angeles,California,Technology,Accessories,16.59,1,5.8065,2017-01
9690,2017-06-20,Richmond,Virginia,Technology,Phones,503.96,4,125.99,2017-06
9701,2017-12-15,Inglewood,California,Technology,Phones,196.776,3,14.758199999999997,2017-12
9714,2014-11-05,Philadelphia,Pennsylvania,Technology,Accessories,51.56,5,-6.445000000000002,2014-11
9715,2014-11-05,Philadelphia,Pennsylvania,Technology,Accessories,58.416,2,16.794600000000003,2014-11
9718,2016-05-30,Houston,Texas,Technology,Phones,79.96,5,7.996000000000006,2016-05
9719,2016-05-30,Houston,Texas,Technology,Accessories,223.96,5,11.198000000000016,2016-05
9723,2016-02-16,New York City,New York,Technology,Accessories,89.97,3,39.58680000000001,2016-02
9726,2017-09-17,Boise,Idaho,Technology,Accessories,89.97,3,37.787400000000005,2017-09
9737,2015-06-29,Omaha,Nebraska,Technology,Phones,269.98,2,72.8946,2015-06
9750,2016-03-04,Dover,New Hampshire,Technology,Accessories,159.98,2,57.5928,2016-03
9758,2017-03-27,Richmond,Virginia,Technology,Phones,206.1,5,55.647000000000006,2017-03
9762,2014-02-14,Seattle,Washington,Technology,Accessories,239.97,3,86.38919999999999,2014-02
9765,2014-06-18,Los Angeles,California,Technology,Phones,139.8,5,12.232500000000009,2014-06
9774,2016-06-26,Atlanta,Georgia,Technology,Phones,135.95,1,39.42549999999999,2016-06
9778,2014-07-26,San Antonio,Texas,Technology,Accessories,431.136,9,-26.94600000000001,2014-07
9781,2016-09-14,Long Beach,New York,Technology,Phones,437.85,3,131.35499999999996,2016-09
9790,2017-03-27,Houston,Texas,Technology,Accessories,39.992,1,6.9986,2017-03
9798,2015-01-12,Toledo,Ohio,Technology,Phones,235.188,2,-43.117800000000045,2015-01
9799,2015-01-12,Toledo,Ohio,Technology,Phones,26.376,4,2.637599999999999,2015-01
9800,2015-01-12,Toledo,Ohio,Technology,Accessories,10.384,2,2.2066,2015-01
9801,2015-01-12,Toledo,Ohio,Technology,Phones,107.118,3,-21.423599999999997,2015-01
9804,2015-07-18,New York City,New York,Technology,Phones,135.99,1,36.71730000000001,2015-07
9831,2014-12-16,Beaumont,Texas,Technology,Accessories,319.968,4,95.9904,2014-12
9840,2016-09-25,Long Beach,California,Technology,Copiers,479.97600000000006,3,161.9919,2016-09
9841,2016-09-25,Long Beach,California,Technology,Phones,44.736,8,4.473600000000001,2016-09
9861,2017-01-14,Richmond,Indiana,Technology,Phones,67.8,4,1.3559999999999943,2017-01
9863,2017-01-14,Richmond,Indiana,Technology,Accessories,12.12,4,2.5451999999999995,2017-01
9865,2017-01-14,Richmond,Indiana,Technology,Accessories,159.8,4,70.31200000000001,2017-01
9879,2017-04-20,Cleveland,Ohio,Technology,Phones,122.382,3,-24.4764,2017-04
9885,2014-04-03,Los Angeles,California,Technology,Accessories,62.31,3,22.4316,2014-04
9886,2014-04-03,Los Angeles,California,Technology,Accessories,159.98,2,57.5928,2014-04
9889,2015-08-08,Utica,New York,Technology,Accessories,79.99,1,28.7964,2015-08
9892,2016-07-25,Milwaukee,Wisconsin,Technology,Accessories,124.25,7,48.4575,2016-07
9893,2016-07-25,Milwaukee,Wisconsin,Technology,Phones,297.55,5,83.31400000000002,2016-07
9905,2014-11-12,Carrollton,Texas,Technology,Accessories,127.984,2,25.5968,2014-11
9923,2017-05-06,Chicago,Illinois,Technology,Accessories,191.968,4,28.79519999999998,2017-05
9927,2015-03-20,New York City,New York,Technology,Phones,199.98,2,53.99459999999999,2015-03
9934,2014-07-11,Niagara Falls,New York,Technology,Phones,164.85000000000002,3,47.80649999999999,2014-07
9947,2014-03-02,Philadelphia,Pennsylvania,Technology,Accessories,151.20000000000002,3,32.13,2014-03
9950,2017-06-01,Indianapolis,Indiana,Technology,Accessories,83.97,3,15.954299999999993,2017-06
9951,2017-06-01,Indianapolis,Indiana,Technology,Accessories,39.89,1,14.7593,2017-06
9961,2017-09-16,Florence,Kentucky,Technology,Accessories,18.0,1,3.2399999999999984,2017-09
9974,2016-12-06,Los Angeles,California,Technology,Phones,271.96,5,27.196,2016-12
9977,2016-12-06,Los Angeles,California,Technology,Phones,249.58400000000003,2,31.197999999999983,2016-12
9984,2016-09-22,Grand Rapids,Michigan,Technology,Phones,97.98,2,27.43440000000001,2016-09
9987,2016-09-29,Los Angeles,California,Technology,Accessories,36.24,1,15.2208,2016-09
9988,2017-11-17,Athens,Georgia,Technology,Accessories,79.99,1,28.7964,2017-11
9989,2017-11-17,Athens,Georgia,Technology,Phones,206.1,5,55.647000000000006,2017-11
9992,2017-02-26,Costa Mesa,California,Technology,Phones,258.576,2,19.393200000000007,2017-02
